"","sub","model","rr","pu","rho","bestfit"
"1","1qs0vvu9krr584a","perc_offset",1,1,0.0569272977636375,"perc_offset"
"2","1qs0vvu9krr584a","perc_offset",1,2,0.00617284724969724,"perc_offset"
"3","1qs0vvu9krr584a","perc_offset",2,1,0.00617346673164725,"perc_offset"
"4","1qs0vvu9krr584a","perc_offset",2,2,0.0185241635442473,"perc_offset"
"5","1qs0vvu9krr584a","perc_offset",3,1,0.0377399128409399,"perc_offset"
"6","1qs0vvu9krr584a","perc_offset",3,2,0.0637860082304527,"value_alt_offset"
"7","1tq0jt4dd31u8lq","perc_offset",1,1,0.284687293508018,"value_alt_offset"
"8","1tq0jt4dd31u8lq","perc_offset",1,2,0.393004115226337,"value_alt_offset"
"9","1tq0jt4dd31u8lq","perc_offset",2,1,0.00480108965016564,"value_alt_offset"
"10","1tq0jt4dd31u8lq","perc_offset",2,2,0.277785304482421,"value_alt_offset"
"11","1tq0jt4dd31u8lq","perc_offset",3,1,0.115912208504801,"value_alt_offset"
"12","1tq0jt4dd31u8lq","perc_offset",3,2,0.303840877914952,"value_alt_offset"
"13","22260uys7arz8j6","perc_offset",1,1,0.565843621399177,"value_alt_offset"
"14","22260uys7arz8j6","perc_offset",1,2,0.376543209876543,"value_alt_offset"
"15","22260uys7arz8j6","perc_offset",2,1,0.87037037037037,"value_alt_offset"
"16","22260uys7arz8j6","perc_offset",2,2,0.364197530864198,"value_alt_offset"
"17","22260uys7arz8j6","perc_offset",3,1,0.95679012345679,"value_alt_offset"
"18","22260uys7arz8j6","perc_offset",3,2,0.895061728395062,"value_alt_offset"
"19","2bqu5ktkg43fh3p","perc_offset",1,1,0.051440329218107,"perc_offset"
"20","2bqu5ktkg43fh3p","perc_offset",1,2,0.155692729766818,"value_alt_offset"
"21","2bqu5ktkg43fh3p","perc_offset",2,1,0.0925925925925926,"perc_offset"
"22","2bqu5ktkg43fh3p","perc_offset",2,2,0.871742112482853,"value_alt_offset"
"23","2bqu5ktkg43fh3p","perc_offset",3,1,0.413579619688106,"value_alt_offset"
"24","2bqu5ktkg43fh3p","perc_offset",3,2,0.228393180051972,"value_alt_offset"
"25","2mzs709cn5dlwj2","perc_offset",1,1,0.685185185185185,"value_alt_offset"
"26","2mzs709cn5dlwj2","perc_offset",1,2,0.388888888888889,"value_alt_offset"
"27","2mzs709cn5dlwj2","perc_offset",2,1,0.351849970175429,"value_alt_offset"
"28","2mzs709cn5dlwj2","perc_offset",2,2,0.281893004115226,"value_alt_offset"
"29","2mzs709cn5dlwj2","perc_offset",3,1,0.290123456790123,"perc_offset"
"30","2mzs709cn5dlwj2","perc_offset",3,2,0.327160493827161,"perc_offset"
"31","2nzfnkk2uulwmkz","perc_offset",1,1,0.195473251028807,"value_alt_offset"
"32","2nzfnkk2uulwmkz","perc_offset",1,2,0.450617283950617,"value_alt_offset"
"33","2nzfnkk2uulwmkz","perc_offset",2,1,0.277777777777778,"value_alt_offset"
"34","2nzfnkk2uulwmkz","perc_offset",2,2,0.611111111111111,"value_alt_offset"
"35","2nzfnkk2uulwmkz","perc_offset",3,1,0.0185185185185185,"value_alt_offset"
"36","2nzfnkk2uulwmkz","perc_offset",3,2,0.0802469135802469,"value_alt_offset"
"37","2qu63bjtm9kxnnb","perc_offset",1,1,0.0807041609510745,"value_alt_offset"
"38","2qu63bjtm9kxnnb","perc_offset",1,2,0.166666666666667,"value_alt_offset"
"39","2qu63bjtm9kxnnb","perc_offset",2,1,0.191205608901082,"value_alt_offset"
"40","2qu63bjtm9kxnnb","perc_offset",2,2,0.195473251028792,"value_alt_offset"
"41","2qu63bjtm9kxnnb","perc_offset",3,1,0.0336076817558299,"value_alt_offset"
"42","2qu63bjtm9kxnnb","perc_offset",3,2,0.0925925925925926,"value_alt_offset"
"43","2usnf1r3h88bett","perc_offset",1,1,0.314814605739657,"value_alt_offset"
"44","2usnf1r3h88bett","perc_offset",1,2,0.64814807845643,"value_alt_offset"
"45","2usnf1r3h88bett","perc_offset",2,1,0.969135802469136,"value_alt_offset"
"46","2usnf1r3h88bett","perc_offset",2,2,0.376543209876543,"value_alt_offset"
"47","2usnf1r3h88bett","perc_offset",3,1,0.969135802469136,"value_alt_offset"
"48","2usnf1r3h88bett","perc_offset",3,2,0.907407407407407,"value_alt_offset"
"49","34aswcgc3uv5ln0","perc_offset",1,1,0.25715084082711,"value_alt_offset"
"50","34aswcgc3uv5ln0","perc_offset",1,2,0.833333333333333,"value_alt_offset"
"51","34aswcgc3uv5ln0","perc_offset",2,1,0.611111111111111,"value_alt_offset"
"52","34aswcgc3uv5ln0","perc_offset",2,2,0.347736628191177,"value_alt_offset"
"53","34aswcgc3uv5ln0","perc_offset",3,1,0.801783264746228,"value_alt_offset"
"54","34aswcgc3uv5ln0","perc_offset",3,2,0.969135802469136,"value_alt_offset"
"55","35q8u5ekgfaq26g","perc_offset",1,1,0.574074074074074,"perc_offset"
"56","35q8u5ekgfaq26g","perc_offset",1,2,0.50000188167603,"value_alt_offset"
"57","35q8u5ekgfaq26g","perc_offset",2,1,0.174439871970736,"perc_offset"
"58","35q8u5ekgfaq26g","perc_offset",2,2,0.462968607992232,"value_alt_offset"
"59","35q8u5ekgfaq26g","perc_offset",3,1,0.0633287608596251,"value_alt_offset"
"60","35q8u5ekgfaq26g","perc_offset",3,2,0.166615861403241,"value_alt_offset"
"61","3jrram86yd3uhgb","perc_offset",1,1,0.166666674410191,"value_alt_offset"
"62","3jrram86yd3uhgb","perc_offset",1,2,0.155692729766804,"value_alt_offset"
"63","3jrram86yd3uhgb","perc_offset",2,1,0.0916781675426568,"value_alt_offset"
"64","3jrram86yd3uhgb","perc_offset",2,2,0.347736625514403,"value_alt_offset"
"65","3jrram86yd3uhgb","perc_offset",3,1,0.203703703703704,"value_alt_offset"
"66","3jrram86yd3uhgb","perc_offset",3,2,0.150205761316872,"value_alt_offset"
"67","3t9q259awsqqnjn","perc_offset",1,1,0.388887007212466,"value_alt_offset"
"68","3t9q259awsqqnjn","perc_offset",1,2,0.434156378600823,"value_alt_offset"
"69","3t9q259awsqqnjn","perc_offset",2,1,0.944444444444444,"value_alt_offset"
"70","3t9q259awsqqnjn","perc_offset",2,2,0.376543209876543,"value_alt_offset"
"71","3t9q259awsqqnjn","perc_offset",3,1,0.573616826703247,"value_alt_offset"
"72","3t9q259awsqqnjn","perc_offset",3,2,0.430041152263374,"value_alt_offset"
"73","4g3g9s2nj7eh7g9","perc_offset",1,1,0.314814814814815,"value_alt_offset"
"74","4g3g9s2nj7eh7g9","perc_offset",1,2,0.179012345679011,"perc_offset"
"75","4g3g9s2nj7eh7g9","perc_offset",2,1,0.0555555555555556,"value_alt_offset"
"76","4g3g9s2nj7eh7g9","perc_offset",2,2,0.154320987654321,"value_alt_offset"
"77","4g3g9s2nj7eh7g9","perc_offset",3,1,0.0307117817405883,"value_alt_offset"
"78","4g3g9s2nj7eh7g9","perc_offset",3,2,0.623456790123457,"value_alt_offset"
"79","4ns4fa2xqw95lgx","perc_offset",1,1,0.417695473251029,"value_alt_offset"
"80","4ns4fa2xqw95lgx","perc_offset",1,2,0.611094168279778,"perc_offset"
"81","4ns4fa2xqw95lgx","perc_offset",2,1,0.561728395061728,"perc_offset"
"82","4ns4fa2xqw95lgx","perc_offset",2,2,0.200045724737083,"value_alt_offset"
"83","4ns4fa2xqw95lgx","perc_offset",3,1,0.388888888888889,"value_alt_offset"
"84","4ns4fa2xqw95lgx","perc_offset",3,2,0.121399176954733,"value_alt_offset"
"85","4tcxev3874jk89a","perc_offset",1,1,0.438271604938403,"value_alt_offset"
"86","4tcxev3874jk89a","perc_offset",1,2,0.537494284407865,"value_alt_offset"
"87","4tcxev3874jk89a","perc_offset",2,1,0.302469135802469,"value_alt_offset"
"88","4tcxev3874jk89a","perc_offset",2,2,0.216049382716049,"value_alt_offset"
"89","4tcxev3874jk89a","perc_offset",3,1,0.989711934156379,"value_alt_offset"
"90","4tcxev3874jk89a","perc_offset",3,2,0.771604938271605,"value_alt_offset"
"91","57znvber9kc1tnj","perc_offset",1,1,0.187243425579384,"value_alt_offset"
"92","57znvber9kc1tnj","perc_offset",1,2,0.187242798353909,"value_alt_offset"
"93","57znvber9kc1tnj","perc_offset",2,1,0.12962962962963,"value_alt_offset"
"94","57znvber9kc1tnj","perc_offset",2,2,0.166666666666667,"value_alt_offset"
"95","57znvber9kc1tnj","perc_offset",3,1,0.0720164609053498,"value_alt_offset"
"96","57znvber9kc1tnj","perc_offset",3,2,0.150205761316872,"value_alt_offset"
"97","5cp1qjka53bl73q","perc_offset",1,1,0.133744855967078,"perc_offset"
"98","5cp1qjka53bl73q","perc_offset",1,2,0.117334755880709,"perc_offset"
"99","5cp1qjka53bl73q","perc_offset",2,1,0.0553855774519969,"perc_offset"
"100","5cp1qjka53bl73q","perc_offset",2,2,0.0267489711934157,"value_alt_offset"
"101","5cp1qjka53bl73q","perc_offset",3,1,0.0802467047918876,"perc_offset"
"102","5cp1qjka53bl73q","perc_offset",3,2,0.166209419295839,"value_alt_offset"
"103","5jwar0bvwr53h40","perc_offset",1,1,0.16803840877915,"value_alt_offset"
"104","5jwar0bvwr53h40","perc_offset",1,2,0.919753086419753,"value_alt_offset"
"105","5jwar0bvwr53h40","perc_offset",2,1,0.907407407407407,"value_alt_offset"
"106","5jwar0bvwr53h40","perc_offset",2,2,0.277777777777778,"value_alt_offset"
"107","5jwar0bvwr53h40","perc_offset",3,1,0.722222222222222,"value_alt_offset"
"108","5jwar0bvwr53h40","perc_offset",3,2,0.462962962962963,"value_alt_offset"
"109","5o4n9abwu4u5bb5","perc_offset",1,1,0.141822892851699,"perc_offset"
"110","5o4n9abwu4u5bb5","perc_offset",1,2,0.117283950617284,"perc_offset"
"111","5o4n9abwu4u5bb5","perc_offset",2,1,0.388888888888889,"value_alt_offset"
"112","5o4n9abwu4u5bb5","perc_offset",2,2,0.0925925925819705,"value_alt_offset"
"113","5o4n9abwu4u5bb5","perc_offset",3,1,0.104938271604938,"value_alt_offset"
"114","5o4n9abwu4u5bb5","perc_offset",3,2,0.0843621399176955,"value_alt_offset"
"115","5pgqs0v0feqyejp","perc_offset",1,1,0.169410150891632,"value_alt_offset"
"116","5pgqs0v0feqyejp","perc_offset",1,2,0.390260631001372,"value_alt_offset"
"117","5pgqs0v0feqyejp","perc_offset",2,1,0.109053497942387,"value_alt_offset"
"118","5pgqs0v0feqyejp","perc_offset",2,2,0.131001302050393,"value_alt_offset"
"119","5pgqs0v0feqyejp","perc_offset",3,1,0.240740740453944,"value_alt_offset"
"120","5pgqs0v0feqyejp","perc_offset",3,2,0.216506630086877,"value_alt_offset"
"121","6be4c2orpqft8ul","perc_offset",1,1,0.977366255144033,"perc_offset"
"122","6be4c2orpqft8ul","perc_offset",1,2,0.858024761145343,"value_alt_offset"
"123","6be4c2orpqft8ul","perc_offset",2,1,0.377914951989026,"value_alt_offset"
"124","6be4c2orpqft8ul","perc_offset",2,2,0.722222222222222,"value_alt_offset"
"125","6be4c2orpqft8ul","perc_offset",3,1,0.858024691358025,"value_alt_offset"
"126","6be4c2orpqft8ul","perc_offset",3,2,0.833485749123609,"value_alt_offset"
"127","6wyn194o3vd7jmv","perc_offset",1,1,0.0432092493178667,"perc_offset"
"128","6wyn194o3vd7jmv","perc_offset",1,2,0.303078798963573,"perc_offset"
"129","6wyn194o3vd7jmv","perc_offset",2,1,0.0171467764060373,"value_alt_offset"
"130","6wyn194o3vd7jmv","perc_offset",2,2,0.187242798353909,"value_alt_offset"
"131","6wyn194o3vd7jmv","perc_offset",3,1,0.166666039441192,"perc_offset"
"132","6wyn194o3vd7jmv","perc_offset",3,2,0.174897127085088,"value_alt_offset"
"133","70kcrqfjf2xhh4m","perc_offset",1,1,0.812757201646091,"value_alt_offset"
"134","70kcrqfjf2xhh4m","perc_offset",1,2,0.722222222222222,"value_alt_offset"
"135","70kcrqfjf2xhh4m","perc_offset",2,1,0.944444444444444,"value_alt_offset"
"136","70kcrqfjf2xhh4m","perc_offset",2,2,0.981481481481481,"value_alt_offset"
"137","70kcrqfjf2xhh4m","perc_offset",3,1,0.609739369030495,"value_alt_offset"
"138","70kcrqfjf2xhh4m","perc_offset",3,2,0.74691355701634,"value_alt_offset"
"139","7bwng7h1w9q6djl","perc_offset",1,1,0.796296296296296,"value_alt_offset"
"140","7bwng7h1w9q6djl","perc_offset",1,2,0.5,"value_alt_offset"
"141","7bwng7h1w9q6djl","perc_offset",2,1,0.660493827160494,"value_alt_offset"
"142","7bwng7h1w9q6djl","perc_offset",2,2,0.606995884773663,"value_alt_offset"
"143","7bwng7h1w9q6djl","perc_offset",3,1,0.87037037037037,"value_alt_offset"
"144","7bwng7h1w9q6djl","perc_offset",3,2,0.495884773662551,"value_alt_offset"
"145","7pjw0pz87exlgmd","perc_offset",1,1,0.833333333333333,"value_alt_offset"
"146","7pjw0pz87exlgmd","perc_offset",1,2,0.718106995884769,"value_alt_offset"
"147","7pjw0pz87exlgmd","perc_offset",2,1,0.832876085866907,"value_alt_offset"
"148","7pjw0pz87exlgmd","perc_offset",2,2,0.746913580246913,"value_alt_offset"
"149","7pjw0pz87exlgmd","perc_offset",3,1,0.833333403025053,"value_alt_offset"
"150","7pjw0pz87exlgmd","perc_offset",3,2,0.944444444444444,"value_alt_offset"
"151","85aq8xl8ayntz3l","perc_offset",1,1,0.960905349794239,"value_alt_offset"
"152","85aq8xl8ayntz3l","perc_offset",1,2,0.388888888888889,"value_alt_offset"
"153","85aq8xl8ayntz3l","perc_offset",2,1,0.87037044006209,"value_alt_offset"
"154","85aq8xl8ayntz3l","perc_offset",2,2,0.58641975308642,"value_alt_offset"
"155","85aq8xl8ayntz3l","perc_offset",3,1,0.438119189147996,"perc_offset"
"156","85aq8xl8ayntz3l","perc_offset",3,2,0.240740740740741,"value_alt_offset"
"157","8epzoljwn0gbtge","perc_offset",1,1,0.693415637860082,"value_alt_offset"
"158","8epzoljwn0gbtge","perc_offset",1,2,0.833180917543057,"value_alt_offset"
"159","8epzoljwn0gbtge","perc_offset",2,1,0.919753086419753,"value_alt_offset"
"160","8epzoljwn0gbtge","perc_offset",2,2,0.944444444444444,"value_alt_offset"
"161","8epzoljwn0gbtge","perc_offset",3,1,0.95679012345679,"value_alt_offset"
"162","8epzoljwn0gbtge","perc_offset",3,2,0.660493827160494,"value_alt_offset"
"163","8es63ovt8uw2mgg","perc_offset",1,1,0.051440329218107,"perc_offset"
"164","8es63ovt8uw2mgg","perc_offset",1,2,0.128257887517147,"perc_offset"
"165","8es63ovt8uw2mgg","perc_offset",2,1,0.0925928015722823,"value_alt_offset"
"166","8es63ovt8uw2mgg","perc_offset",2,2,0.128257887517147,"value_alt_offset"
"167","8es63ovt8uw2mgg","perc_offset",3,1,0.0953360768174272,"value_alt_offset"
"168","8es63ovt8uw2mgg","perc_offset",3,2,0.0925925926032147,"value_alt_offset"
"169","8le0rzndxgpur8r","perc_offset",1,1,0.401234567901235,"value_alt_offset"
"170","8le0rzndxgpur8r","perc_offset",1,2,0.648148148148148,"value_alt_offset"
"171","8le0rzndxgpur8r","perc_offset",2,1,0.0967078189300412,"value_alt_offset"
"172","8le0rzndxgpur8r","perc_offset",2,2,0.401234567901235,"value_alt_offset"
"173","8le0rzndxgpur8r","perc_offset",3,1,0.203703703703704,"value_alt_offset"
"174","8le0rzndxgpur8r","perc_offset",3,2,0.203703634011984,"perc_offset"
"175","96deaxjjts0yvax","perc_offset",1,1,0.611111111111111,"value_alt_offset"
"176","96deaxjjts0yvax","perc_offset",1,2,0.598765432098765,"value_alt_offset"
"177","96deaxjjts0yvax","perc_offset",2,1,0.438271604938272,"value_alt_offset"
"178","96deaxjjts0yvax","perc_offset",2,2,0.569958847736626,"value_alt_offset"
"179","96deaxjjts0yvax","perc_offset",3,1,0.31572930955647,"perc_offset"
"180","96deaxjjts0yvax","perc_offset",3,2,0.420438957475995,"perc_offset"
"181","9h1m4d4lp6ksfjt","perc_offset",1,1,0.907407407407407,"value_alt_offset"
"182","9h1m4d4lp6ksfjt","perc_offset",1,2,0.796245281957713,"value_alt_offset"
"183","9h1m4d4lp6ksfjt","perc_offset",2,1,0.87037037037037,"value_alt_offset"
"184","9h1m4d4lp6ksfjt","perc_offset",2,2,0.919753086419753,"value_alt_offset"
"185","9h1m4d4lp6ksfjt","perc_offset",3,1,0.738683127572016,"value_alt_offset"
"186","9h1m4d4lp6ksfjt","perc_offset",3,2,0.808641975308642,"value_alt_offset"
"187","9ho9tv1b4jdy3p6","perc_offset",1,1,0.425925925925926,"value_alt_offset"
"188","9ho9tv1b4jdy3p6","perc_offset",1,2,0.487654320987654,"value_alt_offset"
"189","9ho9tv1b4jdy3p6","perc_offset",2,1,0.561728395061728,"value_alt_offset"
"190","9ho9tv1b4jdy3p6","perc_offset",2,2,0.623456790123457,"value_alt_offset"
"191","9ho9tv1b4jdy3p6","perc_offset",3,1,0.87037037037037,"value_alt_offset"
"192","9ho9tv1b4jdy3p6","perc_offset",3,2,0.47119341563786,"value_alt_offset"
"193","9jfa3uck1pm1a27","perc_offset",1,1,0.216049382716049,"value_alt_offset"
"194","9jfa3uck1pm1a27","perc_offset",1,2,0.351851851851852,"value_alt_offset"
"195","9jfa3uck1pm1a27","perc_offset",2,1,0.611111111111111,"value_alt_offset"
"196","9jfa3uck1pm1a27","perc_offset",2,2,0.606995884770122,"value_alt_offset"
"197","9jfa3uck1pm1a27","perc_offset",3,1,0.952674897119342,"value_alt_offset"
"198","9jfa3uck1pm1a27","perc_offset",3,2,0.723593964334705,"value_alt_offset"
"199","9oe8onshjdy2khe","perc_offset",1,1,0.129629629916427,"perc_offset"
"200","9oe8onshjdy2khe","perc_offset",1,2,0.179012345679012,"value_alt_offset"
"201","9oe8onshjdy2khe","perc_offset",2,1,0.129629637373154,"value_alt_offset"
"202","9oe8onshjdy2khe","perc_offset",2,2,0.204160951074488,"value_alt_offset"
"203","9oe8onshjdy2khe","perc_offset",3,1,0.162551440329218,"value_alt_offset"
"204","9oe8onshjdy2khe","perc_offset",3,2,0.0679012345679013,"value_alt_offset"
"205","9p57f5mpldrqae2","perc_offset",1,1,0.672839505886042,"value_alt_offset"
"206","9p57f5mpldrqae2","perc_offset",1,2,0.792638317329675,"value_alt_offset"
"207","9p57f5mpldrqae2","perc_offset",2,1,0.932098765432099,"value_alt_offset"
"208","9p57f5mpldrqae2","perc_offset",2,2,0.500152415790276,"value_alt_offset"
"209","9p57f5mpldrqae2","perc_offset",3,1,0.191358024691358,"value_alt_offset"
"210","9p57f5mpldrqae2","perc_offset",3,2,0.907407407311808,"value_alt_offset"
"211","a39zpu2zr3xl47k","perc_offset",1,1,0.941853376009755,"value_alt_offset"
"212","a39zpu2zr3xl47k","perc_offset",1,2,0.907407407407407,"value_alt_offset"
"213","a39zpu2zr3xl47k","perc_offset",2,1,0.405349794238683,"value_alt_offset"
"214","a39zpu2zr3xl47k","perc_offset",2,2,0.472548222662535,"perc_offset"
"215","a39zpu2zr3xl47k","perc_offset",3,1,0.228395061728395,"value_alt_offset"
"216","a39zpu2zr3xl47k","perc_offset",3,2,0.475308641975309,"value_alt_offset"
"217","ajztaxb5eyxtfch","perc_offset",1,1,0.944444444444449,"value_alt_offset"
"218","ajztaxb5eyxtfch","perc_offset",1,2,0.796296296296297,"value_alt_offset"
"219","ajztaxb5eyxtfch","perc_offset",2,1,0.833333335913328,"value_alt_offset"
"220","ajztaxb5eyxtfch","perc_offset",2,2,0.290123456790123,"value_alt_offset"
"221","ajztaxb5eyxtfch","perc_offset",3,1,0.944444444444444,"value_alt_offset"
"222","ajztaxb5eyxtfch","perc_offset",3,2,0.672839506172839,"value_alt_offset"
"223","as5hvtlqa9ouc2z","perc_offset",1,1,0.907413052436677,"value_alt_offset"
"224","as5hvtlqa9ouc2z","perc_offset",1,2,0.993827160493827,"value_alt_offset"
"225","as5hvtlqa9ouc2z","perc_offset",2,1,0.915637860082305,"value_alt_offset"
"226","as5hvtlqa9ouc2z","perc_offset",2,2,0.895061728395062,"value_alt_offset"
"227","as5hvtlqa9ouc2z","perc_offset",3,1,0.63443072702332,"value_alt_offset"
"228","as5hvtlqa9ouc2z","perc_offset",3,2,0.981481481481481,"value_alt_offset"
"229","au7m9jjmgy8d4gj","perc_offset",1,1,0.00617283950617287,"value_alt_offset"
"230","au7m9jjmgy8d4gj","perc_offset",1,2,0.117334128654055,"value_alt_offset"
"231","au7m9jjmgy8d4gj","perc_offset",2,1,0.15843621399177,"value_alt_offset"
"232","au7m9jjmgy8d4gj","perc_offset",2,2,0.0931007149185649,"value_alt_offset"
"233","au7m9jjmgy8d4gj","perc_offset",3,1,0.00617279304502662,"perc_offset"
"234","au7m9jjmgy8d4gj","perc_offset",3,2,0.0967078189300412,"value_alt_offset"
"235","b3jqszmpuje1kzj","perc_offset",1,1,0.277777777777778,"value_alt_offset"
"236","b3jqszmpuje1kzj","perc_offset",1,2,0.833333333333333,"value_alt_offset"
"237","b3jqszmpuje1kzj","perc_offset",2,1,0.327160493827161,"value_alt_offset"
"238","b3jqszmpuje1kzj","perc_offset",2,2,0.438271604906405,"value_alt_offset"
"239","b3jqszmpuje1kzj","perc_offset",3,1,0.783950617283951,"value_alt_offset"
"240","b3jqszmpuje1kzj","perc_offset",3,2,0.906035665294925,"value_alt_offset"
"241","bdov3ye1qvundbp","perc_offset",1,1,0.565843621399177,"value_alt_offset"
"242","bdov3ye1qvundbp","perc_offset",1,2,0.446502057613169,"value_alt_offset"
"243","bdov3ye1qvundbp","perc_offset",2,1,0.364197530864198,"value_alt_offset"
"244","bdov3ye1qvundbp","perc_offset",2,2,0.12962962962963,"value_alt_offset"
"245","bdov3ye1qvundbp","perc_offset",3,1,0.195473251028807,"value_alt_offset"
"246","bdov3ye1qvundbp","perc_offset",3,2,0.166531185964199,"value_alt_offset"
"247","brsvshywlogvxcq","perc_offset",1,1,0.055553666135608,"perc_offset"
"248","brsvshywlogvxcq","perc_offset",1,2,0.375171467763929,"value_alt_offset"
"249","brsvshywlogvxcq","perc_offset",2,1,0.055098308184728,"perc_offset"
"250","brsvshywlogvxcq","perc_offset",2,2,0.0422951727263965,"perc_offset"
"251","brsvshywlogvxcq","perc_offset",3,1,0.0569273751032822,"value_alt_offset"
"252","brsvshywlogvxcq","perc_offset",3,2,0.104938271604938,"value_alt_offset"
"253","bx1xq7e3jhb986v","perc_offset",1,1,0.635802469135802,"value_alt_offset"
"254","bx1xq7e3jhb986v","perc_offset",1,2,0.425920280896656,"value_alt_offset"
"255","bx1xq7e3jhb986v","perc_offset",2,1,0.532921810699588,"value_alt_offset"
"256","bx1xq7e3jhb986v","perc_offset",2,2,0.930727023319616,"value_alt_offset"
"257","bx1xq7e3jhb986v","perc_offset",3,1,0.800411522633745,"value_alt_offset"
"258","bx1xq7e3jhb986v","perc_offset",3,2,0.475308641975309,"value_alt_offset"
"259","c2se350v0tr4hzv","perc_offset",1,1,0.166666666665486,"value_alt_offset"
"260","c2se350v0tr4hzv","perc_offset",1,2,0.574074074074074,"value_alt_offset"
"261","c2se350v0tr4hzv","perc_offset",2,1,0.399862825788752,"value_alt_offset"
"262","c2se350v0tr4hzv","perc_offset",2,2,0.672839506172839,"value_alt_offset"
"263","c2se350v0tr4hzv","perc_offset",3,1,0.932098765432099,"value_alt_offset"
"264","c2se350v0tr4hzv","perc_offset",3,2,0.701646090534979,"value_alt_offset"
"265","cavjhtxfs1z091j","perc_offset",1,1,0.0802469368108201,"perc_offset"
"266","cavjhtxfs1z091j","perc_offset",1,2,0.0939643347050755,"perc_offset"
"267","cavjhtxfs1z091j","perc_offset",2,1,0.0185260452242112,"perc_offset"
"268","cavjhtxfs1z091j","perc_offset",2,2,0.12962962962963,"perc_offset"
"269","cavjhtxfs1z091j","perc_offset",3,1,0.203705585380127,"value_alt_offset"
"270","cavjhtxfs1z091j","perc_offset",3,2,0.0925925900102376,"value_alt_offset"
"271","cl4vc26ycu0woo2","perc_offset",1,1,0.187242798353909,"value_alt_offset"
"272","cl4vc26ycu0woo2","perc_offset",1,2,0.203551287913428,"value_alt_offset"
"273","cl4vc26ycu0woo2","perc_offset",2,1,0.0541330081800409,"value_alt_offset"
"274","cl4vc26ycu0woo2","perc_offset",2,2,0.425925925925926,"value_alt_offset"
"275","cl4vc26ycu0woo2","perc_offset",3,1,0.278235025148605,"perc_offset"
"276","cl4vc26ycu0woo2","perc_offset",3,2,0.141975308641975,"value_alt_offset"
"277","djb1vpwld9c7hmk","perc_offset",1,1,0.224279835390947,"value_alt_offset"
"278","djb1vpwld9c7hmk","perc_offset",1,2,0.162551440329218,"value_alt_offset"
"279","djb1vpwld9c7hmk","perc_offset",2,1,0.133744855967078,"value_alt_offset"
"280","djb1vpwld9c7hmk","perc_offset",2,2,0.104938271604938,"value_alt_offset"
"281","djb1vpwld9c7hmk","perc_offset",3,1,0.277777777777778,"value_alt_offset"
"282","djb1vpwld9c7hmk","perc_offset",3,2,0.179012345679012,"value_alt_offset"
"283","ds2ot3x1v6q63xg","perc_offset",1,1,0.438271604938272,"value_alt_offset"
"284","ds2ot3x1v6q63xg","perc_offset",1,2,0.425925925925926,"value_alt_offset"
"285","ds2ot3x1v6q63xg","perc_offset",2,1,0.314809169785545,"value_alt_offset"
"286","ds2ot3x1v6q63xg","perc_offset",2,2,0.364197530864198,"value_alt_offset"
"287","ds2ot3x1v6q63xg","perc_offset",3,1,0.327162375503584,"perc_offset"
"288","ds2ot3x1v6q63xg","perc_offset",3,2,0.314814814814815,"perc_offset"
"289","dtua0nm03dd9yb7","perc_offset",1,1,0.00617093459917658,"value_alt_offset"
"290","dtua0nm03dd9yb7","perc_offset",1,2,0.16803840877915,"perc_offset"
"291","dtua0nm03dd9yb7","perc_offset",2,1,0.0889346136259717,"perc_offset"
"292","dtua0nm03dd9yb7","perc_offset",2,2,0.524691358024691,"value_alt_offset"
"293","dtua0nm03dd9yb7","perc_offset",3,1,0.0939643347049443,"value_alt_offset"
"294","dtua0nm03dd9yb7","perc_offset",3,2,0.368312757201646,"value_alt_offset"
"295","duzv7z4jux5olpv","perc_offset",1,1,0.392987180138529,"value_alt_offset"
"296","duzv7z4jux5olpv","perc_offset",1,2,0.993827160493827,"value_alt_offset"
"297","duzv7z4jux5olpv","perc_offset",2,1,0.833333341076858,"value_alt_offset"
"298","duzv7z4jux5olpv","perc_offset",2,2,0.364197530864198,"value_alt_offset"
"299","duzv7z4jux5olpv","perc_offset",3,1,0.932098765432099,"value_alt_offset"
"300","duzv7z4jux5olpv","perc_offset",3,2,0.524691358024691,"value_alt_offset"
"301","dvywvnh6comawyk","perc_offset",1,1,0.458390489254687,"value_alt_offset"
"302","dvywvnh6comawyk","perc_offset",1,2,0.351851851851852,"perc_offset"
"303","dvywvnh6comawyk","perc_offset",2,1,0.253086419753086,"value_alt_offset"
"304","dvywvnh6comawyk","perc_offset",2,2,0.298353909465021,"value_alt_offset"
"305","dvywvnh6comawyk","perc_offset",3,1,0.0281213405313729,"value_alt_offset"
"306","dvywvnh6comawyk","perc_offset",3,2,0.106310013717421,"perc_offset"
"307","fehlcunq37bd57x","perc_offset",1,1,0.117283950617284,"value_alt_offset"
"308","fehlcunq37bd57x","perc_offset",1,2,0.216049382716049,"value_alt_offset"
"309","fehlcunq37bd57x","perc_offset",2,1,0.203551287913428,"value_alt_offset"
"310","fehlcunq37bd57x","perc_offset",2,2,0.364197530864198,"value_alt_offset"
"311","fehlcunq37bd57x","perc_offset",3,1,0.166666666666667,"value_alt_offset"
"312","fehlcunq37bd57x","perc_offset",3,2,0.236625514403292,"value_alt_offset"
"313","fq39wkqs1solhdu","perc_offset",1,1,0.312054395502041,"perc_offset"
"314","fq39wkqs1solhdu","perc_offset",1,2,0.5,"perc_offset"
"315","fq39wkqs1solhdu","perc_offset",2,1,0.104938271604938,"value_alt_offset"
"316","fq39wkqs1solhdu","perc_offset",2,2,0.639917695473251,"perc_offset"
"317","fq39wkqs1solhdu","perc_offset",3,1,0.125514403292181,"value_alt_offset"
"318","fq39wkqs1solhdu","perc_offset",3,2,0.352309099254531,"value_alt_offset"
"319","fqnkabfbs65dy5r","perc_offset",1,1,0.388888888888889,"value_alt_offset"
"320","fqnkabfbs65dy5r","perc_offset",1,2,0.376543209876543,"value_alt_offset"
"321","fqnkabfbs65dy5r","perc_offset",2,1,0.627572015600514,"value_alt_offset"
"322","fqnkabfbs65dy5r","perc_offset",2,2,0.771604938271605,"value_alt_offset"
"323","fqnkabfbs65dy5r","perc_offset",3,1,0.981481481481481,"value_alt_offset"
"324","fqnkabfbs65dy5r","perc_offset",3,2,0.833333333333333,"value_alt_offset"
"325","fwexbmobod79xhj","perc_offset",1,1,0.339506172839506,"value_alt_offset"
"326","fwexbmobod79xhj","perc_offset",1,2,0.449245541838134,"value_alt_offset"
"327","fwexbmobod79xhj","perc_offset",2,1,0.167123681731763,"value_alt_offset"
"328","fwexbmobod79xhj","perc_offset",2,2,0.216201798506325,"value_alt_offset"
"329","fwexbmobod79xhj","perc_offset",3,1,0.0391002952350308,"perc_offset"
"330","fwexbmobod79xhj","perc_offset",3,2,0.412208504801097,"value_alt_offset"
"331","g35rvb9r3l07tgx","perc_offset",1,1,0.166666666666667,"value_alt_offset"
"332","g35rvb9r3l07tgx","perc_offset",1,2,0.759259259248637,"value_alt_offset"
"333","g35rvb9r3l07tgx","perc_offset",2,1,0.257201646090535,"value_alt_offset"
"334","g35rvb9r3l07tgx","perc_offset",2,2,0.351851851851852,"value_alt_offset"
"335","g35rvb9r3l07tgx","perc_offset",3,1,0.302469135802469,"value_alt_offset"
"336","g35rvb9r3l07tgx","perc_offset",3,2,0.327160493827161,"value_alt_offset"
"337","gg80fe1zyat447z","perc_offset",1,1,0.697530864197531,"value_alt_offset"
"338","gg80fe1zyat447z","perc_offset",1,2,0.648148148148148,"value_alt_offset"
"339","gg80fe1zyat447z","perc_offset",2,1,0.858024691358025,"value_alt_offset"
"340","gg80fe1zyat447z","perc_offset",2,2,0.833333333333333,"value_alt_offset"
"341","gg80fe1zyat447z","perc_offset",3,1,0.104938271604938,"value_alt_offset"
"342","gg80fe1zyat447z","perc_offset",3,2,0.351851851851852,"value_alt_offset"
"343","ggkxy092ul5l6n0","perc_offset",1,1,0.0185204001949417,"perc_offset"
"344","ggkxy092ul5l6n0","perc_offset",1,2,0.104938271604938,"perc_offset"
"345","ggkxy092ul5l6n0","perc_offset",2,1,0.117283950617284,"value_alt_offset"
"346","ggkxy092ul5l6n0","perc_offset",2,2,0.0674439871971174,"value_alt_offset"
"347","ggkxy092ul5l6n0","perc_offset",3,1,0.0514403292181119,"perc_offset"
"348","ggkxy092ul5l6n0","perc_offset",3,2,0.0555555555555556,"value_alt_offset"
"349","ghbypuj01msjo4h","perc_offset",1,1,0.240740740740741,"value_alt_offset"
"350","ghbypuj01msjo4h","perc_offset",1,2,0.722222222222222,"value_alt_offset"
"351","ghbypuj01msjo4h","perc_offset",2,1,0.388736473098613,"perc_offset"
"352","ghbypuj01msjo4h","perc_offset",2,2,0.425773517879174,"value_alt_offset"
"353","ghbypuj01msjo4h","perc_offset",3,1,0.170764957916307,"value_alt_offset"
"354","ghbypuj01msjo4h","perc_offset",3,2,0.590534979423868,"perc_offset"
"355","gnd1v5zo5x7qjad","perc_offset",1,1,0.203703703703704,"value_alt_offset"
"356","gnd1v5zo5x7qjad","perc_offset",1,2,0.166666666663126,"value_alt_offset"
"357","gnd1v5zo5x7qjad","perc_offset",2,1,0.364197530864198,"value_alt_offset"
"358","gnd1v5zo5x7qjad","perc_offset",2,2,0.430041152263374,"value_alt_offset"
"359","gnd1v5zo5x7qjad","perc_offset",3,1,0.676904136322021,"value_alt_offset"
"360","gnd1v5zo5x7qjad","perc_offset",3,2,0.734567831542848,"value_alt_offset"
"361","gs1p8zvs22f3u03","perc_offset",1,1,0.278235025148605,"value_alt_offset"
"362","gs1p8zvs22f3u03","perc_offset",1,2,0.755144032921811,"value_alt_offset"
"363","gs1p8zvs22f3u03","perc_offset",2,1,0.611111111111111,"value_alt_offset"
"364","gs1p8zvs22f3u03","perc_offset",2,2,0.425925925922385,"value_alt_offset"
"365","gs1p8zvs22f3u03","perc_offset",3,1,0.882716049382716,"value_alt_offset"
"366","gs1p8zvs22f3u03","perc_offset",3,2,0.722222222222222,"value_alt_offset"
"367","gstz99vr89krpfz","perc_offset",1,1,0.375171467764062,"value_alt_offset"
"368","gstz99vr89krpfz","perc_offset",1,2,0.228395061728395,"value_alt_offset"
"369","gstz99vr89krpfz","perc_offset",2,1,0.82235939643347,"value_alt_offset"
"370","gstz99vr89krpfz","perc_offset",2,2,0.425925925925926,"value_alt_offset"
"371","gstz99vr89krpfz","perc_offset",3,1,0.393004115226337,"value_alt_offset"
"372","gstz99vr89krpfz","perc_offset",3,2,0.500000000000002,"value_alt_offset"
"373","h9du65sl07e0gv9","perc_offset",1,1,0.302469128058945,"value_alt_offset"
"374","h9du65sl07e0gv9","perc_offset",1,2,0.137860082304527,"perc_offset"
"375","h9du65sl07e0gv9","perc_offset",2,1,0.0390946502057613,"perc_offset"
"376","h9du65sl07e0gv9","perc_offset",2,2,0.31481418758934,"value_alt_offset"
"377","h9du65sl07e0gv9","perc_offset",3,1,0.0470041722261336,"perc_offset"
"378","h9du65sl07e0gv9","perc_offset",3,2,0.14192450337855,"perc_offset"
"379","hd4d44n06f6cawh","perc_offset",1,1,0.438271604938272,"value_alt_offset"
"380","hd4d44n06f6cawh","perc_offset",1,2,0.561728395061728,"value_alt_offset"
"381","hd4d44n06f6cawh","perc_offset",2,1,0.783950617283951,"value_alt_offset"
"382","hd4d44n06f6cawh","perc_offset",2,2,0.364197530864198,"value_alt_offset"
"383","hd4d44n06f6cawh","perc_offset",3,1,0.557613168724279,"value_alt_offset"
"384","hd4d44n06f6cawh","perc_offset",3,2,0.450617283950617,"value_alt_offset"
"385","hd9k76vgdu5mql0","perc_offset",1,1,0.574074074074074,"value_alt_offset"
"386","hd9k76vgdu5mql0","perc_offset",1,2,0.166667294752546,"value_alt_offset"
"387","hd9k76vgdu5mql0","perc_offset",2,1,0.206447187928669,"value_alt_offset"
"388","hd9k76vgdu5mql0","perc_offset",2,2,0.220164609053498,"value_alt_offset"
"389","hd9k76vgdu5mql0","perc_offset",3,1,0.154320987654321,"value_alt_offset"
"390","hd9k76vgdu5mql0","perc_offset",3,2,0.668724279835391,"value_alt_offset"
"391","hjgqzm1pq2mo1u7","perc_offset",1,1,0.281893004115226,"perc_offset"
"392","hjgqzm1pq2mo1u7","perc_offset",1,2,0.104785855814662,"perc_offset"
"393","hjgqzm1pq2mo1u7","perc_offset",2,1,0.537053972124845,"value_alt_offset"
"394","hjgqzm1pq2mo1u7","perc_offset",2,2,0.209190672153635,"value_alt_offset"
"395","hjgqzm1pq2mo1u7","perc_offset",3,1,0.16666668989724,"value_alt_offset"
"396","hjgqzm1pq2mo1u7","perc_offset",3,2,0.685185185185185,"value_alt_offset"
"397","hkdemly7qs0y8be","perc_offset",1,1,0.639917695473251,"value_alt_offset"
"398","hkdemly7qs0y8be","perc_offset",1,2,0.302469135802513,"value_alt_offset"
"399","hkdemly7qs0y8be","perc_offset",2,1,0.512345679012346,"value_alt_offset"
"400","hkdemly7qs0y8be","perc_offset",2,2,0.491769547325103,"value_alt_offset"
"401","hkdemly7qs0y8be","perc_offset",3,1,0.796296296296296,"value_alt_offset"
"402","hkdemly7qs0y8be","perc_offset",3,2,0.870370370083573,"value_alt_offset"
"403","hm4cdxlz8t0281v","perc_offset",1,1,0.685185185185185,"value_alt_offset"
"404","hm4cdxlz8t0281v","perc_offset",1,2,0.845679012345679,"value_alt_offset"
"405","hm4cdxlz8t0281v","perc_offset",2,1,0.87037037037037,"value_alt_offset"
"406","hm4cdxlz8t0281v","perc_offset",2,2,0.95679012345679,"value_alt_offset"
"407","hm4cdxlz8t0281v","perc_offset",3,1,0.709876543209876,"value_alt_offset"
"408","hm4cdxlz8t0281v","perc_offset",3,2,0.660493827160494,"value_alt_offset"
"409","hmfoy1dyl3p0oyx","perc_offset",1,1,0.709876543209876,"value_alt_offset"
"410","hmfoy1dyl3p0oyx","perc_offset",1,2,0.770233196159122,"value_alt_offset"
"411","hmfoy1dyl3p0oyx","perc_offset",2,1,0.369684499314129,"value_alt_offset"
"412","hmfoy1dyl3p0oyx","perc_offset",2,2,0.277777150552303,"value_alt_offset"
"413","hmfoy1dyl3p0oyx","perc_offset",3,1,0.285703398872123,"value_alt_offset"
"414","hmfoy1dyl3p0oyx","perc_offset",3,2,0.199588477366255,"value_alt_offset"
"415","hvawyrkxreuq7d8","perc_offset",1,1,0.981481481481482,"value_alt_offset"
"416","hvawyrkxreuq7d8","perc_offset",1,2,0.290123456790123,"value_alt_offset"
"417","hvawyrkxreuq7d8","perc_offset",2,1,0.981481481481467,"value_alt_offset"
"418","hvawyrkxreuq7d8","perc_offset",2,2,0.796296296296296,"value_alt_offset"
"419","hvawyrkxreuq7d8","perc_offset",3,1,0.339506172839506,"value_alt_offset"
"420","hvawyrkxreuq7d8","perc_offset",3,2,0.41358024691358,"perc_offset"
"421","jdewbyn3agn01fj","perc_offset",1,1,0.611111111014332,"value_alt_offset"
"422","jdewbyn3agn01fj","perc_offset",1,2,0.512345679012346,"value_alt_offset"
"423","jdewbyn3agn01fj","perc_offset",2,1,0.816872427983539,"value_alt_offset"
"424","jdewbyn3agn01fj","perc_offset",2,2,0.166666666666667,"value_alt_offset"
"425","jdewbyn3agn01fj","perc_offset",3,1,0.302469135802469,"value_alt_offset"
"426","jdewbyn3agn01fj","perc_offset",3,2,0.783950617283951,"value_alt_offset"
"427","je7gumyhw5zyax5","perc_offset",1,1,0.981481481481481,"value_alt_offset"
"428","je7gumyhw5zyax5","perc_offset",1,2,0.495884773662551,"value_alt_offset"
"429","je7gumyhw5zyax5","perc_offset",2,1,0.903292181069959,"value_alt_offset"
"430","je7gumyhw5zyax5","perc_offset",2,2,0.425925925925926,"value_alt_offset"
"431","je7gumyhw5zyax5","perc_offset",3,1,0.944444444444444,"value_alt_offset"
"432","je7gumyhw5zyax5","perc_offset",3,2,0.723593964334705,"value_alt_offset"
"433","jk1c41xga9cmsrf","perc_offset",1,1,0.5,"value_alt_offset"
"434","jk1c41xga9cmsrf","perc_offset",1,2,0.501371742112483,"value_alt_offset"
"435","jk1c41xga9cmsrf","perc_offset",2,1,0.965020576131687,"value_alt_offset"
"436","jk1c41xga9cmsrf","perc_offset",2,2,0.210562414266118,"value_alt_offset"
"437","jk1c41xga9cmsrf","perc_offset",3,1,0.388736473098613,"value_alt_offset"
"438","jk1c41xga9cmsrf","perc_offset",3,2,0.97599451303155,"value_alt_offset"
"439","jvcerddevc3rwm0","perc_offset",1,1,0.41358024691358,"value_alt_offset"
"440","jvcerddevc3rwm0","perc_offset",1,2,0.58641975308642,"value_alt_offset"
"441","jvcerddevc3rwm0","perc_offset",2,1,0.351851851851852,"value_alt_offset"
"442","jvcerddevc3rwm0","perc_offset",2,2,0.244856044513433,"value_alt_offset"
"443","jvcerddevc3rwm0","perc_offset",3,1,0.833180917543057,"value_alt_offset"
"444","jvcerddevc3rwm0","perc_offset",3,2,0.141975308641975,"perc_offset"
"445","k3j8o90rkvw7tal","perc_offset",1,1,0.676954732510288,"value_alt_offset"
"446","k3j8o90rkvw7tal","perc_offset",1,2,0.993827160493827,"value_alt_offset"
"447","k3j8o90rkvw7tal","perc_offset",2,1,0.52423411065382,"value_alt_offset"
"448","k3j8o90rkvw7tal","perc_offset",2,2,0.360082304526749,"value_alt_offset"
"449","k3j8o90rkvw7tal","perc_offset",3,1,0.57407407407403,"value_alt_offset"
"450","k3j8o90rkvw7tal","perc_offset",3,2,0.866255144032922,"value_alt_offset"
"451","k7xa918wsdj832n","perc_offset",1,1,0.331275720451406,"value_alt_offset"
"452","k7xa918wsdj832n","perc_offset",1,2,0.479423860569233,"value_alt_offset"
"453","k7xa918wsdj832n","perc_offset",2,1,0.944393011955545,"value_alt_offset"
"454","k7xa918wsdj832n","perc_offset",2,2,0.41358024691358,"value_alt_offset"
"455","k7xa918wsdj832n","perc_offset",3,1,0.946273433927755,"value_alt_offset"
"456","k7xa918wsdj832n","perc_offset",3,2,0.586267337296144,"value_alt_offset"
"457","kp5boe0z4uwwu7r","perc_offset",1,1,0.833333263641614,"value_alt_offset"
"458","kp5boe0z4uwwu7r","perc_offset",1,2,0.166666666666667,"value_alt_offset"
"459","kp5boe0z4uwwu7r","perc_offset",2,1,0.281893004115226,"value_alt_offset"
"460","kp5boe0z4uwwu7r","perc_offset",2,2,0.339506180583031,"value_alt_offset"
"461","kp5boe0z4uwwu7r","perc_offset",3,1,0.364197530864198,"value_alt_offset"
"462","kp5boe0z4uwwu7r","perc_offset",3,2,0.115861403241376,"value_alt_offset"
"463","ktwcurcgfv59jnc","perc_offset",1,1,0.103565902256359,"value_alt_offset"
"464","ktwcurcgfv59jnc","perc_offset",1,2,0.191408829954783,"value_alt_offset"
"465","ktwcurcgfv59jnc","perc_offset",2,1,0.425925925925921,"value_alt_offset"
"466","ktwcurcgfv59jnc","perc_offset",2,2,0.187242798353909,"value_alt_offset"
"467","ktwcurcgfv59jnc","perc_offset",3,1,0.253086419753086,"value_alt_offset"
"468","ktwcurcgfv59jnc","perc_offset",3,2,0.216049382716049,"value_alt_offset"
"469","kug2nygmmndpth5","perc_offset",1,1,0.649519890260718,"value_alt_offset"
"470","kug2nygmmndpth5","perc_offset",1,2,0.796296296296296,"value_alt_offset"
"471","kug2nygmmndpth5","perc_offset",2,1,0.820987654320988,"value_alt_offset"
"472","kug2nygmmndpth5","perc_offset",2,2,0.430041152263374,"value_alt_offset"
"473","kug2nygmmndpth5","perc_offset",3,1,0.253086419753086,"value_alt_offset"
"474","kug2nygmmndpth5","perc_offset",3,2,0.425925925925926,"value_alt_offset"
"475","l7kobq2fs7s15go","perc_offset",1,1,0.310701470153789,"value_alt_offset"
"476","l7kobq2fs7s15go","perc_offset",1,2,0.314814814814815,"value_alt_offset"
"477","l7kobq2fs7s15go","perc_offset",2,1,0.339506172839506,"value_alt_offset"
"478","l7kobq2fs7s15go","perc_offset",2,2,0.439643347050754,"value_alt_offset"
"479","l7kobq2fs7s15go","perc_offset",3,1,0.907407407410948,"value_alt_offset"
"480","l7kobq2fs7s15go","perc_offset",3,2,0.179012345679012,"value_alt_offset"
"481","le6z045m543xskj","perc_offset",1,1,0.191358024691358,"perc_offset"
"482","le6z045m543xskj","perc_offset",1,2,0.207818930041152,"value_alt_offset"
"483","le6z045m543xskj","perc_offset",2,1,0.131001371742113,"value_alt_offset"
"484","le6z045m543xskj","perc_offset",2,2,0.129630256855104,"value_alt_offset"
"485","le6z045m543xskj","perc_offset",3,1,0.170324645633288,"value_alt_offset"
"486","le6z045m543xskj","perc_offset",3,2,0.150205758735698,"value_alt_offset"
"487","lnhuzvcq72odm0l","perc_offset",1,1,0.450617283950617,"value_alt_offset"
"488","lnhuzvcq72odm0l","perc_offset",1,2,0.146092416655847,"value_alt_offset"
"489","lnhuzvcq72odm0l","perc_offset",2,1,0.487654320987654,"value_alt_offset"
"490","lnhuzvcq72odm0l","perc_offset",2,2,0.590534979423868,"value_alt_offset"
"491","lnhuzvcq72odm0l","perc_offset",3,1,0.207818930041152,"value_alt_offset"
"492","lnhuzvcq72odm0l","perc_offset",3,2,0.52103337905807,"perc_offset"
"493","lq01y2l4zvsfb6u","perc_offset",1,1,0.944444444444444,"value_alt_offset"
"494","lq01y2l4zvsfb6u","perc_offset",1,2,0.87037037037037,"value_alt_offset"
"495","lq01y2l4zvsfb6u","perc_offset",2,1,0.104938271604938,"value_alt_offset"
"496","lq01y2l4zvsfb6u","perc_offset",2,2,0.240740740740741,"value_alt_offset"
"497","lq01y2l4zvsfb6u","perc_offset",3,1,0.87037037037037,"value_alt_offset"
"498","lq01y2l4zvsfb6u","perc_offset",3,2,0.594650205761317,"value_alt_offset"
"499","lqk83qqxe3xs6ss","perc_offset",1,1,0.389346136259717,"value_alt_offset"
"500","lqk83qqxe3xs6ss","perc_offset",1,2,0.290123456790123,"value_alt_offset"
"501","lqk83qqxe3xs6ss","perc_offset",2,1,0.157978966620942,"value_alt_offset"
"502","lqk83qqxe3xs6ss","perc_offset",2,2,0.537037037037037,"value_alt_offset"
"503","lqk83qqxe3xs6ss","perc_offset",3,1,0.903292181069959,"value_alt_offset"
"504","lqk83qqxe3xs6ss","perc_offset",3,2,0.166717471930092,"value_alt_offset"
"505","lucnd0k3f5h8ez4","perc_offset",1,1,0.757887517146776,"value_alt_offset"
"506","lucnd0k3f5h8ez4","perc_offset",1,2,0.388888888888889,"value_alt_offset"
"507","lucnd0k3f5h8ez4","perc_offset",2,1,0.327160493827161,"value_alt_offset"
"508","lucnd0k3f5h8ez4","perc_offset",2,2,0.697530864197531,"value_alt_offset"
"509","lucnd0k3f5h8ez4","perc_offset",3,1,0.269547325102881,"value_alt_offset"
"510","lucnd0k3f5h8ez4","perc_offset",3,2,0.325788682022958,"value_alt_offset"
"511","m603l2rxt7hfqax","perc_offset",1,1,0.9453589391861,"value_alt_offset"
"512","m603l2rxt7hfqax","perc_offset",1,2,0.314662399024539,"value_alt_offset"
"513","m603l2rxt7hfqax","perc_offset",2,1,0.349108367626886,"value_alt_offset"
"514","m603l2rxt7hfqax","perc_offset",2,2,0.203703703703704,"value_alt_offset"
"515","m603l2rxt7hfqax","perc_offset",3,1,0.763374485596708,"value_alt_offset"
"516","m603l2rxt7hfqax","perc_offset",3,2,0.339506172839506,"perc_offset"
"517","m72afjrfmn9ycnm","perc_offset",1,1,0.5,"value_alt_offset"
"518","m72afjrfmn9ycnm","perc_offset",1,2,0.5,"perc_offset"
"519","m72afjrfmn9ycnm","perc_offset",2,1,0.191205608901082,"perc_offset"
"520","m72afjrfmn9ycnm","perc_offset",2,2,0.0226337448559676,"perc_offset"
"521","m72afjrfmn9ycnm","perc_offset",3,1,0.104938271604938,"value_alt_offset"
"522","m72afjrfmn9ycnm","perc_offset",3,2,0.277828583041203,"value_alt_offset"
"523","m8fuvpkggx3r7sw","perc_offset",1,1,0.098079561042524,"value_alt_offset"
"524","m8fuvpkggx3r7sw","perc_offset",1,2,0.598765432098765,"value_alt_offset"
"525","m8fuvpkggx3r7sw","perc_offset",2,1,0.447873799821251,"value_alt_offset"
"526","m8fuvpkggx3r7sw","perc_offset",2,2,0.3559670781893,"value_alt_offset"
"527","m8fuvpkggx3r7sw","perc_offset",3,1,0.277777708086058,"value_alt_offset"
"528","m8fuvpkggx3r7sw","perc_offset",3,2,0.438271604938272,"value_alt_offset"
"529","mdtwfshb8x8v70p","perc_offset",1,1,0.462962962962963,"value_alt_offset"
"530","mdtwfshb8x8v70p","perc_offset",1,2,0.376390794086267,"value_alt_offset"
"531","mdtwfshb8x8v70p","perc_offset",2,1,0.512345679012346,"value_alt_offset"
"532","mdtwfshb8x8v70p","perc_offset",2,2,0.261316872427984,"value_alt_offset"
"533","mdtwfshb8x8v70p","perc_offset",3,1,0.435528120713306,"value_alt_offset"
"534","mdtwfshb8x8v70p","perc_offset",3,2,0.430498399634202,"value_alt_offset"
"535","mghqo7uxufw84xb","perc_offset",1,1,0.156251587664482,"perc_offset"
"536","mghqo7uxufw84xb","perc_offset",1,2,0.0962486898828341,"perc_offset"
"537","mghqo7uxufw84xb","perc_offset",2,1,0.166666666666667,"value_alt_offset"
"538","mghqo7uxufw84xb","perc_offset",2,2,0.24074638577001,"value_alt_offset"
"539","mghqo7uxufw84xb","perc_offset",3,1,0.216049382716049,"value_alt_offset"
"540","mghqo7uxufw84xb","perc_offset",3,2,0.187242798353909,"value_alt_offset"
"541","mmjryby874fs60o","perc_offset",1,1,0.38477366255144,"value_alt_offset"
"542","mmjryby874fs60o","perc_offset",1,2,0.475308641975309,"value_alt_offset"
"543","mmjryby874fs60o","perc_offset",2,1,0.969135802469136,"value_alt_offset"
"544","mmjryby874fs60o","perc_offset",2,2,0.388888888888889,"value_alt_offset"
"545","mmjryby874fs60o","perc_offset",3,1,0.969186607732561,"value_alt_offset"
"546","mmjryby874fs60o","perc_offset",3,2,0.532921810699588,"value_alt_offset"
"547","n56opcxqwcyuk97","perc_offset",1,1,0.0912208504801098,"value_alt_offset"
"548","n56opcxqwcyuk97","perc_offset",1,2,0.713839353757049,"value_alt_offset"
"549","n56opcxqwcyuk97","perc_offset",2,1,0.306584362139918,"value_alt_offset"
"550","n56opcxqwcyuk97","perc_offset",2,2,0.38477366255144,"value_alt_offset"
"551","n56opcxqwcyuk97","perc_offset",3,1,0.314814814814815,"value_alt_offset"
"552","n56opcxqwcyuk97","perc_offset",3,2,0.0569837479607332,"value_alt_offset"
"553","np2r7s44c0nxgg5","perc_offset",1,1,0.611111111111111,"value_alt_offset"
"554","np2r7s44c0nxgg5","perc_offset",1,2,0.389041304679165,"value_alt_offset"
"555","np2r7s44c0nxgg5","perc_offset",2,1,0.141975099566817,"value_alt_offset"
"556","np2r7s44c0nxgg5","perc_offset",2,2,0.438271604938272,"value_alt_offset"
"557","np2r7s44c0nxgg5","perc_offset",3,1,0.660493827160494,"perc_offset"
"558","np2r7s44c0nxgg5","perc_offset",3,2,0.491769547325103,"value_alt_offset"
"559","nrv57g0kvh6lz31","perc_offset",1,1,0.648131213092206,"value_alt_offset"
"560","nrv57g0kvh6lz31","perc_offset",1,2,0.537037037037037,"value_alt_offset"
"561","nrv57g0kvh6lz31","perc_offset",2,1,0.944444444444444,"value_alt_offset"
"562","nrv57g0kvh6lz31","perc_offset",2,2,0.290123456790123,"value_alt_offset"
"563","nrv57g0kvh6lz31","perc_offset",3,1,0.244855967078189,"value_alt_offset"
"564","nrv57g0kvh6lz31","perc_offset",3,2,0.907407407407407,"value_alt_offset"
"565","nvk3jd25saegh24","perc_offset",1,1,0.0555555555555556,"perc_offset"
"566","nvk3jd25saegh24","perc_offset",1,2,0.0679006073424269,"perc_offset"
"567","nvk3jd25saegh24","perc_offset",2,1,0.0185185185185185,"perc_offset"
"568","nvk3jd25saegh24","perc_offset",2,2,0.0967078188277541,"perc_offset"
"569","nvk3jd25saegh24","perc_offset",3,1,0.0185129431809684,"perc_offset"
"570","nvk3jd25saegh24","perc_offset",3,2,0.0549452651690214,"value_alt_offset"
"571","oemn8dnelyez9dr","perc_offset",1,1,0.170781893004115,"value_alt_offset"
"572","oemn8dnelyez9dr","perc_offset",1,2,0.376543209876543,"value_alt_offset"
"573","oemn8dnelyez9dr","perc_offset",2,1,0.129578824366204,"value_alt_offset"
"574","oemn8dnelyez9dr","perc_offset",2,2,0.338134430727023,"value_alt_offset"
"575","oemn8dnelyez9dr","perc_offset",3,1,0.498628257887517,"value_alt_offset"
"576","oemn8dnelyez9dr","perc_offset",3,2,0.183127572016461,"perc_offset"
"577","oeu4jokoabrwtua","perc_offset",1,1,0.903292181069959,"value_alt_offset"
"578","oeu4jokoabrwtua","perc_offset",1,2,0.829223752025154,"value_alt_offset"
"579","oeu4jokoabrwtua","perc_offset",2,1,0.61522633744856,"value_alt_offset"
"580","oeu4jokoabrwtua","perc_offset",2,2,0.31486562007824,"value_alt_offset"
"581","oeu4jokoabrwtua","perc_offset",3,1,0.734567901234568,"value_alt_offset"
"582","oeu4jokoabrwtua","perc_offset",3,2,0.697530864197531,"value_alt_offset"
"583","p0ptwsbjrbx9q9b","perc_offset",1,1,0.0756744398719708,"value_alt_offset"
"584","p0ptwsbjrbx9q9b","perc_offset",1,2,0.207666514250876,"value_alt_offset"
"585","p0ptwsbjrbx9q9b","perc_offset",2,1,0.252629172382259,"value_alt_offset"
"586","p0ptwsbjrbx9q9b","perc_offset",2,2,0.203244574656453,"value_alt_offset"
"587","p0ptwsbjrbx9q9b","perc_offset",3,1,0.216049382716049,"value_alt_offset"
"588","p0ptwsbjrbx9q9b","perc_offset",3,2,0.129646564717569,"value_alt_offset"
"589","p2sp49zl9919q87","perc_offset",1,1,0.981938728852309,"value_alt_offset"
"590","p2sp49zl9919q87","perc_offset",1,2,0.58641975308642,"value_alt_offset"
"591","p2sp49zl9919q87","perc_offset",2,1,0.709876543209876,"value_alt_offset"
"592","p2sp49zl9919q87","perc_offset",2,2,0.907407407411079,"value_alt_offset"
"593","p2sp49zl9919q87","perc_offset",3,1,0.870370370370372,"value_alt_offset"
"594","p2sp49zl9919q87","perc_offset",3,2,0.660493827160494,"value_alt_offset"
"595","p2v49387cgj37sn","perc_offset",1,1,0.376543209876543,"value_alt_offset"
"596","p2v49387cgj37sn","perc_offset",1,2,0.46296296296257,"value_alt_offset"
"597","p2v49387cgj37sn","perc_offset",2,1,0.755144032921811,"value_alt_offset"
"598","p2v49387cgj37sn","perc_offset",2,2,0.364197530864198,"value_alt_offset"
"599","p2v49387cgj37sn","perc_offset",3,1,0.932098765432099,"value_alt_offset"
"600","p2v49387cgj37sn","perc_offset",3,2,0.38887195380108,"value_alt_offset"
"601","pjp6ertnjw1vb6j","perc_offset",1,1,0.388887007212466,"value_alt_offset"
"602","pjp6ertnjw1vb6j","perc_offset",1,2,0.722239784535505,"value_alt_offset"
"603","pjp6ertnjw1vb6j","perc_offset",2,1,0.722222222222222,"value_alt_offset"
"604","pjp6ertnjw1vb6j","perc_offset",2,2,0.294238683127572,"value_alt_offset"
"605","pjp6ertnjw1vb6j","perc_offset",3,1,0.83196723625012,"value_alt_offset"
"606","pjp6ertnjw1vb6j","perc_offset",3,2,0.612482853223594,"value_alt_offset"
"607","pojfe0tpsdoned2","perc_offset",1,1,0.907407407407407,"value_alt_offset"
"608","pojfe0tpsdoned2","perc_offset",1,2,0.944292028654168,"value_alt_offset"
"609","pojfe0tpsdoned2","perc_offset",2,1,0.833333333332153,"value_alt_offset"
"610","pojfe0tpsdoned2","perc_offset",2,2,0.425925925925926,"value_alt_offset"
"611","pojfe0tpsdoned2","perc_offset",3,1,0.598765432098765,"value_alt_offset"
"612","pojfe0tpsdoned2","perc_offset",3,2,0.967764060356653,"value_alt_offset"
"613","pv8gfb6dwc0u8md","perc_offset",1,1,0.388888888888889,"value_alt_offset"
"614","pv8gfb6dwc0u8md","perc_offset",1,2,0.475308641975309,"value_alt_offset"
"615","pv8gfb6dwc0u8md","perc_offset",2,1,0.833333333333333,"value_alt_offset"
"616","pv8gfb6dwc0u8md","perc_offset",2,2,0.338134430727024,"value_alt_offset"
"617","pv8gfb6dwc0u8md","perc_offset",3,1,0.8581771071483,"value_alt_offset"
"618","pv8gfb6dwc0u8md","perc_offset",3,2,0.796296296299837,"value_alt_offset"
"619","q4o2n439h3o4hux","perc_offset",1,1,0.41358024691358,"value_alt_offset"
"620","q4o2n439h3o4hux","perc_offset",1,2,0.61522633744856,"value_alt_offset"
"621","q4o2n439h3o4hux","perc_offset",2,1,0.944444444444444,"value_alt_offset"
"622","q4o2n439h3o4hux","perc_offset",2,2,0.710333790580704,"value_alt_offset"
"623","q4o2n439h3o4hux","perc_offset",3,1,0.796296296296296,"value_alt_offset"
"624","q4o2n439h3o4hux","perc_offset",3,2,0.882714167706293,"value_alt_offset"
"625","qeaducsgetncgeb","perc_offset",1,1,0.0185185185185185,"perc_offset"
"626","qeaducsgetncgeb","perc_offset",1,2,0.0679012345679013,"perc_offset"
"627","qeaducsgetncgeb","perc_offset",2,1,0.0683585549126829,"perc_offset"
"628","qeaducsgetncgeb","perc_offset",2,2,0.0569272976680384,"perc_offset"
"629","qeaducsgetncgeb","perc_offset",3,1,0.0188233500990703,"value_alt_offset"
"630","qeaducsgetncgeb","perc_offset",3,2,0.0486962177712076,"perc_offset"
"631","qreecv8wv03uqw8","perc_offset",1,1,0.84156378600823,"value_alt_offset"
"632","qreecv8wv03uqw8","perc_offset",1,2,0.462962962962963,"value_alt_offset"
"633","qreecv8wv03uqw8","perc_offset",2,1,0.775720164609053,"value_alt_offset"
"634","qreecv8wv03uqw8","perc_offset",2,2,0.623456790123457,"value_alt_offset"
"635","qreecv8wv03uqw8","perc_offset",3,1,0.113168724279835,"value_alt_offset"
"636","qreecv8wv03uqw8","perc_offset",3,2,0.611111111111111,"value_alt_offset"
"637","qw7q50m2o58ugvl","perc_offset",1,1,0.202348896679029,"value_alt_offset"
"638","qw7q50m2o58ugvl","perc_offset",1,2,0.425925925925926,"value_alt_offset"
"639","qw7q50m2o58ugvl","perc_offset",2,1,0.179012345679012,"value_alt_offset"
"640","qw7q50m2o58ugvl","perc_offset",2,2,0.364197530864198,"value_alt_offset"
"641","qw7q50m2o58ugvl","perc_offset",3,1,0.141975959098023,"value_alt_offset"
"642","qw7q50m2o58ugvl","perc_offset",3,2,0.121399176954733,"value_alt_offset"
"643","r018cukle69r1bf","perc_offset",1,1,0.537037037036906,"value_alt_offset"
"644","r018cukle69r1bf","perc_offset",1,2,0.537037013806464,"value_alt_offset"
"645","r018cukle69r1bf","perc_offset",2,1,0.6440329218107,"value_alt_offset"
"646","r018cukle69r1bf","perc_offset",2,2,0.606995884773663,"value_alt_offset"
"647","r018cukle69r1bf","perc_offset",3,1,0.291495198902606,"value_alt_offset"
"648","r018cukle69r1bf","perc_offset",3,2,0.3559670781893,"value_alt_offset"
"649","re53t0m5rdemzxb","perc_offset",1,1,0.240740740740741,"value_alt_offset"
"650","re53t0m5rdemzxb","perc_offset",1,2,0.179012345682553,"value_alt_offset"
"651","re53t0m5rdemzxb","perc_offset",2,1,0.277777785521302,"value_alt_offset"
"652","re53t0m5rdemzxb","perc_offset",2,2,0.0678956600907428,"value_alt_offset"
"653","re53t0m5rdemzxb","perc_offset",3,1,0.104887466341513,"value_alt_offset"
"654","re53t0m5rdemzxb","perc_offset",3,2,0.240588324950465,"value_alt_offset"
"655","regcubm60dchcxr","perc_offset",1,1,0.104938271604938,"perc_offset"
"656","regcubm60dchcxr","perc_offset",1,2,0.135116598079561,"perc_offset"
"657","regcubm60dchcxr","perc_offset",2,1,0.0596707741176134,"value_alt_offset"
"658","regcubm60dchcxr","perc_offset",2,2,0.169410150891632,"value_alt_offset"
"659","regcubm60dchcxr","perc_offset",3,1,0.349159175471486,"perc_offset"
"660","regcubm60dchcxr","perc_offset",3,2,0.0185185185185185,"perc_offset"
"661","rf8fvjnsk6r07uc","perc_offset",1,1,0.401234567901235,"value_alt_offset"
"662","rf8fvjnsk6r07uc","perc_offset",1,2,0.265432098765432,"value_alt_offset"
"663","rf8fvjnsk6r07uc","perc_offset",2,1,0.500457874596302,"value_alt_offset"
"664","rf8fvjnsk6r07uc","perc_offset",2,2,0.623456790123457,"value_alt_offset"
"665","rf8fvjnsk6r07uc","perc_offset",3,1,0.668724279835391,"value_alt_offset"
"666","rf8fvjnsk6r07uc","perc_offset",3,2,0.228395061728395,"value_alt_offset"
"667","rn0an20lmaomk57","perc_offset",1,1,0.479423868312757,"value_alt_offset"
"668","rn0an20lmaomk57","perc_offset",1,2,0.685185185185185,"value_alt_offset"
"669","rn0an20lmaomk57","perc_offset",2,1,0.281893004115226,"value_alt_offset"
"670","rn0an20lmaomk57","perc_offset",2,2,0.981481481481481,"value_alt_offset"
"671","rn0an20lmaomk57","perc_offset",3,1,0.816872427983539,"value_alt_offset"
"672","rn0an20lmaomk57","perc_offset",3,2,0.376543209876543,"perc_offset"
"673","rxol1dxl6nen4em","perc_offset",1,1,0.187700045724737,"perc_offset"
"674","rxol1dxl6nen4em","perc_offset",1,2,0.462968607992218,"value_alt_offset"
"675","rxol1dxl6nen4em","perc_offset",2,1,0.401082152110959,"value_alt_offset"
"676","rxol1dxl6nen4em","perc_offset",2,2,0.269547325102881,"value_alt_offset"
"677","rxol1dxl6nen4em","perc_offset",3,1,0.150205761316872,"value_alt_offset"
"678","rxol1dxl6nen4em","perc_offset",3,2,0.364197530864198,"value_alt_offset"
"679","ryf84f70g5thl4l","perc_offset",1,1,0.130086877000457,"perc_offset"
"680","ryf84f70g5thl4l","perc_offset",1,2,0.479423868312757,"value_alt_offset"
"681","ryf84f70g5thl4l","perc_offset",2,1,0.154320987654321,"value_alt_offset"
"682","ryf84f70g5thl4l","perc_offset",2,2,0.611111111111111,"value_alt_offset"
"683","ryf84f70g5thl4l","perc_offset",3,1,0.0595183661027283,"value_alt_offset"
"684","ryf84f70g5thl4l","perc_offset",3,2,0.277320507176377,"value_alt_offset"
"685","s79rv87vd0ov68q","perc_offset",1,1,0.499994145895572,"perc_offset"
"686","s79rv87vd0ov68q","perc_offset",1,2,0.0191281816689999,"perc_offset"
"687","s79rv87vd0ov68q","perc_offset",2,1,0.0555555555555556,"perc_offset"
"688","s79rv87vd0ov68q","perc_offset",2,2,0.746862774983488,"value_alt_offset"
"689","s79rv87vd0ov68q","perc_offset",3,1,0.191358024691358,"value_alt_offset"
"690","s79rv87vd0ov68q","perc_offset",3,2,0.0679012345679013,"value_alt_offset"
"691","s7enbyv4of56b3e","perc_offset",1,1,0.0185233272471555,"perc_offset"
"692","s7enbyv4of56b3e","perc_offset",1,2,0.140603566529492,"perc_offset"
"693","s7enbyv4of56b3e","perc_offset",2,1,0.500457247370828,"value_alt_offset"
"694","s7enbyv4of56b3e","perc_offset",2,2,0.0720164609053498,"perc_offset"
"695","s7enbyv4of56b3e","perc_offset",3,1,0.166666666666667,"perc_offset"
"696","s7enbyv4of56b3e","perc_offset",3,2,0.0143863570932616,"value_alt_offset"
"697","sh3z56uk3q0ddzd","perc_offset",1,1,0.240283493369915,"perc_offset"
"698","sh3z56uk3q0ddzd","perc_offset",1,2,0.535665294924554,"value_alt_offset"
"699","sh3z56uk3q0ddzd","perc_offset",2,1,0.179063150942438,"value_alt_offset"
"700","sh3z56uk3q0ddzd","perc_offset",2,2,0.685185185185185,"value_alt_offset"
"701","sh3z56uk3q0ddzd","perc_offset",3,1,0.623456790123457,"value_alt_offset"
"702","sh3z56uk3q0ddzd","perc_offset",3,2,0.693415637860082,"value_alt_offset"
"703","ssbsk72ruz2tdg1","perc_offset",1,1,0.129680643968213,"perc_offset"
"704","ssbsk72ruz2tdg1","perc_offset",1,2,0.0226337448559671,"perc_offset"
"705","ssbsk72ruz2tdg1","perc_offset",2,1,0.248971193415638,"value_alt_offset"
"706","ssbsk72ruz2tdg1","perc_offset",2,2,0.166666666666667,"value_alt_offset"
"707","ssbsk72ruz2tdg1","perc_offset",3,1,0.0185185185185185,"perc_offset"
"708","ssbsk72ruz2tdg1","perc_offset",3,2,0.0596707818930041,"value_alt_offset"
"709","swmufx7egboodpe","perc_offset",1,1,0.722222222222222,"value_alt_offset"
"710","swmufx7egboodpe","perc_offset",1,2,0.302333647356477,"value_alt_offset"
"711","swmufx7egboodpe","perc_offset",2,1,0.746913580246913,"perc_offset"
"712","swmufx7egboodpe","perc_offset",2,2,0.627572016460905,"value_alt_offset"
"713","swmufx7egboodpe","perc_offset",3,1,0.516460905349794,"perc_offset"
"714","swmufx7egboodpe","perc_offset",3,2,0.232510288065844,"perc_offset"
"715","t53tjn7r8ydtmtq","perc_offset",1,1,0.87037037037037,"value_alt_offset"
"716","t53tjn7r8ydtmtq","perc_offset",1,2,0.463928262968043,"value_alt_offset"
"717","t53tjn7r8ydtmtq","perc_offset",2,1,0.15432098765419,"value_alt_offset"
"718","t53tjn7r8ydtmtq","perc_offset",2,2,0.727709190672153,"perc_offset"
"719","t53tjn7r8ydtmtq","perc_offset",3,1,0.0679012345679013,"value_alt_offset"
"720","t53tjn7r8ydtmtq","perc_offset",3,2,0.277777777777778,"value_alt_offset"
"721","tk2emgkdo0xmkfn","perc_offset",1,1,0.187242798353909,"value_alt_offset"
"722","tk2emgkdo0xmkfn","perc_offset",1,2,0.166666666666667,"value_alt_offset"
"723","tk2emgkdo0xmkfn","perc_offset",2,1,0.187242798353909,"value_alt_offset"
"724","tk2emgkdo0xmkfn","perc_offset",2,2,0.454732510288066,"value_alt_offset"
"725","tk2emgkdo0xmkfn","perc_offset",3,1,0.115912208504801,"value_alt_offset"
"726","tk2emgkdo0xmkfn","perc_offset",3,2,0.277777777777909,"value_alt_offset"
"727","u22e26jm4cy25av","perc_offset",1,1,0.388888888888889,"value_alt_offset"
"728","u22e26jm4cy25av","perc_offset",1,2,0.771604938271605,"value_alt_offset"
"729","u22e26jm4cy25av","perc_offset",2,1,0.393004115226337,"value_alt_offset"
"730","u22e26jm4cy25av","perc_offset",2,2,0.0925925925925926,"value_alt_offset"
"731","u22e26jm4cy25av","perc_offset",3,1,0.672382258802012,"value_alt_offset"
"732","u22e26jm4cy25av","perc_offset",3,2,0.240740740740741,"perc_offset"
"733","u556z6wn629kwu5","perc_offset",1,1,0.351851851851852,"value_alt_offset"
"734","u556z6wn629kwu5","perc_offset",1,2,0.0924401759419251,"perc_offset"
"735","u556z6wn629kwu5","perc_offset",2,1,0.179012345679012,"value_alt_offset"
"736","u556z6wn629kwu5","perc_offset",2,2,0.425925298700452,"value_alt_offset"
"737","u556z6wn629kwu5","perc_offset",3,1,0.228395061728395,"perc_offset"
"738","u556z6wn629kwu5","perc_offset",3,2,0.179012345680193,"value_alt_offset"
"739","u5kwzdtotz39jwp","perc_offset",1,1,0.277777777777778,"perc_offset"
"740","u5kwzdtotz39jwp","perc_offset",1,2,0.302469135802469,"value_alt_offset"
"741","u5kwzdtotz39jwp","perc_offset",2,1,0.128257887517147,"value_alt_offset"
"742","u5kwzdtotz39jwp","perc_offset",2,2,0.174897119341564,"value_alt_offset"
"743","u5kwzdtotz39jwp","perc_offset",3,1,0.253543667123914,"value_alt_offset"
"744","u5kwzdtotz39jwp","perc_offset",3,2,0.154320987654321,"value_alt_offset"
"745","uaf4fed1xj02ps4","perc_offset",1,1,0.757887517146776,"value_alt_offset"
"746","uaf4fed1xj02ps4","perc_offset",1,2,0.327160493827161,"value_alt_offset"
"747","uaf4fed1xj02ps4","perc_offset",2,1,0.58641975308642,"value_alt_offset"
"748","uaf4fed1xj02ps4","perc_offset",2,2,0.660493827160494,"value_alt_offset"
"749","uaf4fed1xj02ps4","perc_offset",3,1,0.969186607732561,"value_alt_offset"
"750","uaf4fed1xj02ps4","perc_offset",3,2,0.956789914381632,"value_alt_offset"
"751","ug2w7q3f6pgxf6e","perc_offset",1,1,0.833333333333333,"value_alt_offset"
"752","ug2w7q3f6pgxf6e","perc_offset",1,2,0.967764068100177,"value_alt_offset"
"753","ug2w7q3f6pgxf6e","perc_offset",2,1,0.903292181069959,"value_alt_offset"
"754","ug2w7q3f6pgxf6e","perc_offset",2,2,0.611111111111111,"value_alt_offset"
"755","ug2w7q3f6pgxf6e","perc_offset",3,1,0.771604938271605,"value_alt_offset"
"756","ug2w7q3f6pgxf6e","perc_offset",3,2,0.907407407407407,"value_alt_offset"
"757","unp160hltucmgwb","perc_offset",1,1,0.61111111120671,"value_alt_offset"
"758","unp160hltucmgwb","perc_offset",1,2,0.364197530864198,"value_alt_offset"
"759","unp160hltucmgwb","perc_offset",2,1,0.240740740740741,"value_alt_offset"
"760","unp160hltucmgwb","perc_offset",2,2,0.351851851851852,"value_alt_offset"
"761","unp160hltucmgwb","perc_offset",3,1,0.833333333333333,"value_alt_offset"
"762","unp160hltucmgwb","perc_offset",3,2,0.243484224965706,"value_alt_offset"
"763","v2rgepeoz23lhyb","perc_offset",1,1,0.944444467675018,"value_alt_offset"
"764","v2rgepeoz23lhyb","perc_offset",1,2,0.425931570955195,"value_alt_offset"
"765","v2rgepeoz23lhyb","perc_offset",2,1,0.845679221420837,"value_alt_offset"
"766","v2rgepeoz23lhyb","perc_offset",2,2,0.475765889346136,"value_alt_offset"
"767","v2rgepeoz23lhyb","perc_offset",3,1,0.763374483015533,"value_alt_offset"
"768","v2rgepeoz23lhyb","perc_offset",3,2,0.932098765432099,"value_alt_offset"
"769","vnoz56ecccya7hk","perc_offset",1,1,0.38477366255144,"value_alt_offset"
"770","vnoz56ecccya7hk","perc_offset",1,2,0.117588782197836,"value_alt_offset"
"771","vnoz56ecccya7hk","perc_offset",2,1,0.177646457670957,"value_alt_offset"
"772","vnoz56ecccya7hk","perc_offset",2,2,0.31481418758934,"value_alt_offset"
"773","vnoz56ecccya7hk","perc_offset",3,1,0.154320987654321,"value_alt_offset"
"774","vnoz56ecccya7hk","perc_offset",3,2,0.154320778579163,"value_alt_offset"
"775","wey1upork0e0epr","perc_offset",1,1,0.0433453469209782,"perc_offset"
"776","wey1upork0e0epr","perc_offset",1,2,0.0518975765889346,"perc_offset"
"777","wey1upork0e0epr","perc_offset",2,1,0.0555045412169722,"perc_offset"
"778","wey1upork0e0epr","perc_offset",2,2,0.0596538468051957,"perc_offset"
"779","wey1upork0e0epr","perc_offset",3,1,0.0555555555553807,"perc_offset"
"780","wey1upork0e0epr","perc_offset",3,2,0.0541781684138033,"perc_offset"
"781","wf4mq2s0e98ce4z","perc_offset",1,1,0.685185185185185,"value_alt_offset"
"782","wf4mq2s0e98ce4z","perc_offset",1,2,0.537037037037037,"value_alt_offset"
"783","wf4mq2s0e98ce4z","perc_offset",2,1,0.919753086419753,"value_alt_offset"
"784","wf4mq2s0e98ce4z","perc_offset",2,2,0.746913580246913,"value_alt_offset"
"785","wf4mq2s0e98ce4z","perc_offset",3,1,0.282350251486054,"value_alt_offset"
"786","wf4mq2s0e98ce4z","perc_offset",3,2,0.616598079561043,"value_alt_offset"
"787","ws44qtt9xen2xsl","perc_offset",1,1,0.290123456790123,"value_alt_offset"
"788","ws44qtt9xen2xsl","perc_offset",1,2,0.277777777777778,"value_alt_offset"
"789","ws44qtt9xen2xsl","perc_offset",2,1,0.31476400955139,"perc_offset"
"790","ws44qtt9xen2xsl","perc_offset",2,2,0.179469600793364,"value_alt_offset"
"791","ws44qtt9xen2xsl","perc_offset",3,1,0.104938271604938,"value_alt_offset"
"792","ws44qtt9xen2xsl","perc_offset",3,2,0.133744855967078,"value_alt_offset"
"793","wwv18727elhq22u","perc_offset",1,1,0.387517146776406,"value_alt_offset"
"794","wwv18727elhq22u","perc_offset",1,2,0.491769547325103,"value_alt_offset"
"795","wwv18727elhq22u","perc_offset",2,1,0.537037037037037,"value_alt_offset"
"796","wwv18727elhq22u","perc_offset",2,2,0.450617283950617,"perc_offset"
"797","wwv18727elhq22u","perc_offset",3,1,0.364197530864198,"perc_offset"
"798","wwv18727elhq22u","perc_offset",3,2,0.426383173296754,"perc_offset"
"799","x0nfe7hwu2yt5az","perc_offset",1,1,0.0183661026338238,"perc_offset"
"800","x0nfe7hwu2yt5az","perc_offset",1,2,0.0185147551656722,"perc_offset"
"801","x0nfe7hwu2yt5az","perc_offset",2,1,0.0184676900245201,"perc_offset"
"802","x0nfe7hwu2yt5az","perc_offset",2,2,0.0184846483429017,"perc_offset"
"803","x0nfe7hwu2yt5az","perc_offset",3,1,0.0183679844046658,"perc_offset"
"804","x0nfe7hwu2yt5az","perc_offset",3,2,0.166666658923142,"value_alt_offset"
"805","x0ztn8ulz4wsjnf","perc_offset",1,1,0.462962962962963,"value_alt_offset"
"806","x0ztn8ulz4wsjnf","perc_offset",1,2,0.302471017478892,"value_alt_offset"
"807","x0ztn8ulz4wsjnf","perc_offset",2,1,0.425925925925926,"value_alt_offset"
"808","x0ztn8ulz4wsjnf","perc_offset",2,2,0.87037037037037,"value_alt_offset"
"809","x0ztn8ulz4wsjnf","perc_offset",3,1,0.825102880658436,"value_alt_offset"
"810","x0ztn8ulz4wsjnf","perc_offset",3,2,0.851623228166438,"value_alt_offset"
"811","x31a150jh7x0sc3","perc_offset",1,1,0.87037037037037,"value_alt_offset"
"812","x31a150jh7x0sc3","perc_offset",1,2,0.253086419753086,"value_alt_offset"
"813","x31a150jh7x0sc3","perc_offset",2,1,0.137860082304527,"value_alt_offset"
"814","x31a150jh7x0sc3","perc_offset",2,2,0.745541838134431,"value_alt_offset"
"815","x31a150jh7x0sc3","perc_offset",3,1,0.117283950617284,"value_alt_offset"
"816","x31a150jh7x0sc3","perc_offset",3,2,0.611111111111111,"value_alt_offset"
"817","x6cu75oy88jq32r","perc_offset",1,1,0.884087791495199,"value_alt_offset"
"818","x6cu75oy88jq32r","perc_offset",1,2,0.265431471539958,"value_alt_offset"
"819","x6cu75oy88jq32r","perc_offset",2,1,0.0802469135802469,"value_alt_offset"
"820","x6cu75oy88jq32r","perc_offset",2,2,0.833333333333333,"value_alt_offset"
"821","x6cu75oy88jq32r","perc_offset",3,1,0.117283950617284,"value_alt_offset"
"822","x6cu75oy88jq32r","perc_offset",3,2,0.495884773662551,"value_alt_offset"
"823","y71fvh7ol8vycb2","perc_offset",1,1,0.549382716049383,"value_alt_offset"
"824","y71fvh7ol8vycb2","perc_offset",1,2,0.347584209724127,"value_alt_offset"
"825","y71fvh7ol8vycb2","perc_offset",2,1,0.397119341563786,"value_alt_offset"
"826","y71fvh7ol8vycb2","perc_offset",2,2,0.475308641975309,"value_alt_offset"
"827","y71fvh7ol8vycb2","perc_offset",3,1,0.269547325102881,"value_alt_offset"
"828","y71fvh7ol8vycb2","perc_offset",3,2,0.27732053040695,"perc_offset"
"829","zdzld8scpb2ydmo","perc_offset",1,1,0.0925925925925926,"value_alt_offset"
"830","zdzld8scpb2ydmo","perc_offset",1,2,0.166666666666667,"value_alt_offset"
"831","zdzld8scpb2ydmo","perc_offset",2,1,0.129680434893055,"value_alt_offset"
"832","zdzld8scpb2ydmo","perc_offset",2,2,0.166666666666667,"value_alt_offset"
"833","zdzld8scpb2ydmo","perc_offset",3,1,0.0432098765750763,"value_alt_offset"
"834","zdzld8scpb2ydmo","perc_offset",3,2,0.0884773662551441,"value_alt_offset"
"835","zqr31esvemh6qkz","perc_offset",1,1,0.91152326097033,"perc_offset"
"836","zqr31esvemh6qkz","perc_offset",1,2,0.940329218106996,"perc_offset"
"837","zqr31esvemh6qkz","perc_offset",2,1,0.214677640603567,"value_alt_offset"
"838","zqr31esvemh6qkz","perc_offset",2,2,0.0185184952879454,"value_alt_offset"
"839","zqr31esvemh6qkz","perc_offset",3,1,0.0927450083828685,"value_alt_offset"
"840","zqr31esvemh6qkz","perc_offset",3,2,0.0185185185185185,"value_alt_offset"
