"","sub","model","rr","pu","rho","offset","bestfit"
"1","1qs0vvu9krr584a","perc_offset",1,1,0.12962962962963,0.000910729668025745,"perc_offset"
"2","1qs0vvu9krr584a","perc_offset",1,2,0.0185185185185185,-0.00192454890792393,"perc_offset"
"3","1qs0vvu9krr584a","perc_offset",2,1,0.0185174722823363,0.00165689975570782,"perc_offset"
"4","1qs0vvu9krr584a","perc_offset",2,2,0.029035205466379,0.00153804576953864,"perc_offset"
"5","1qs0vvu9krr584a","perc_offset",3,1,0.0185166136115223,0.000163806571312541,"perc_offset"
"6","1qs0vvu9krr584a","perc_offset",3,2,0.018517891006247,0.0329218106995885,"perc_offset"
"7","1tq0jt4dd31u8lq","perc_offset",1,1,0.214677640596616,-3.76335284635321e-06,"value_alt_offset"
"8","1tq0jt4dd31u8lq","perc_offset",1,2,0.277777777778171,9.78471740042952e-05,"value_alt_offset"
"9","1tq0jt4dd31u8lq","perc_offset",2,1,0.0171467764060357,0.201562513975339,"value_alt_offset"
"10","1tq0jt4dd31u8lq","perc_offset",2,2,0.273662551440329,0.205761316872428,"value_alt_offset"
"11","1tq0jt4dd31u8lq","perc_offset",3,1,0.0555047502921303,0.32657623329777,"value_alt_offset"
"12","1tq0jt4dd31u8lq","perc_offset",3,2,0.195473251028807,0.312757201646091,"value_alt_offset"
"13","22260uys7arz8j6","perc_offset",1,1,0.845679012345679,0.342935543607762,"value_alt_offset"
"14","22260uys7arz8j6","perc_offset",1,2,0.845679012345679,0.246913580246914,"value_alt_offset"
"15","22260uys7arz8j6","perc_offset",2,1,0.783950617283951,0.419753086419753,"value_alt_offset"
"16","22260uys7arz8j6","perc_offset",2,2,0.726337448559671,0.444444444444444,"value_alt_offset"
"17","22260uys7arz8j6","perc_offset",3,1,0.84567901234568,0.639231829579359,"value_alt_offset"
"18","22260uys7arz8j6","perc_offset",3,2,0.846136259716507,0.740740740747822,"value_alt_offset"
"19","2bqu5ktkg43fh3p","perc_offset",1,1,0.0555053775176047,0.000304847067600589,"perc_offset"
"20","2bqu5ktkg43fh3p","perc_offset",1,2,0.191358024691358,0.00274348422496562,"value_alt_offset"
"21","2bqu5ktkg43fh3p","perc_offset",2,1,0.0267489711934157,0,"perc_offset"
"22","2bqu5ktkg43fh3p","perc_offset",2,2,0.623456790123457,-0.0493827160493827,"value_alt_offset"
"23","2bqu5ktkg43fh3p","perc_offset",3,1,0.487654320987654,0,"perc_offset"
"24","2bqu5ktkg43fh3p","perc_offset",3,2,0.294238683127572,0.200274348422496,"value_alt_offset"
"25","2mzs709cn5dlwj2","perc_offset",1,1,0.462962962962963,0.222222222222222,"perc_offset"
"26","2mzs709cn5dlwj2","perc_offset",1,2,0.265432098765432,0.304526748971193,"perc_offset"
"27","2mzs709cn5dlwj2","perc_offset",2,1,0.417695473251029,0.469440634049687,"value_alt_offset"
"28","2mzs709cn5dlwj2","perc_offset",2,2,0.314814814814815,0.469135802469136,"perc_offset"
"29","2mzs709cn5dlwj2","perc_offset",3,1,0.312071330589849,0.757201646090535,"perc_offset"
"30","2mzs709cn5dlwj2","perc_offset",3,2,0.277777777777778,0.7599451303155,"perc_offset"
"31","2nzfnkk2uulwmkz","perc_offset",1,1,0.166819082456943,0.222222222222222,"perc_offset"
"32","2nzfnkk2uulwmkz","perc_offset",1,2,0.41358024691358,0.181069958847737,"perc_offset"
"33","2nzfnkk2uulwmkz","perc_offset",2,1,0.339506172839506,0.197530864197531,"value_alt_offset"
"34","2nzfnkk2uulwmkz","perc_offset",2,2,0.351851851851857,0.148148148148148,"value_alt_offset"
"35","2nzfnkk2uulwmkz","perc_offset",3,1,0.0157750342935528,0.235939643347051,"value_alt_offset"
"36","2nzfnkk2uulwmkz","perc_offset",3,2,0.228395061728395,0.246913580246914,"value_alt_offset"
"37","2qu63bjtm9kxnnb","perc_offset",1,1,0.0555555555555556,0.518518518518518,"value_alt_offset"
"38","2qu63bjtm9kxnnb","perc_offset",1,2,0.174897119341564,0.576131687242798,"value_alt_offset"
"39","2qu63bjtm9kxnnb","perc_offset",2,1,0.0555555555555556,0.567901234567901,"value_alt_offset"
"40","2qu63bjtm9kxnnb","perc_offset",2,2,0.199588477366255,0.565157750321691,"value_alt_offset"
"41","2qu63bjtm9kxnnb","perc_offset",3,1,0.178097850937357,0.567901234567901,"value_alt_offset"
"42","2qu63bjtm9kxnnb","perc_offset",3,2,0.207818999732872,0.691358024691358,"value_alt_offset"
"43","2usnf1r3h88bett","perc_offset",1,1,0.58641975308642,0.17283950617284,"value_alt_offset"
"44","2usnf1r3h88bett","perc_offset",1,2,0.631687242798354,0.337448559670782,"value_alt_offset"
"45","2usnf1r3h88bett","perc_offset",2,1,0.866255144032922,0.419753086419753,"value_alt_offset"
"46","2usnf1r3h88bett","perc_offset",2,2,0.323045267489712,0.502057613168724,"value_alt_offset"
"47","2usnf1r3h88bett","perc_offset",3,1,0.87037037037037,0.765127406568319,"value_alt_offset"
"48","2usnf1r3h88bett","perc_offset",3,2,0.870827826816356,0.814814814814815,"value_alt_offset"
"49","34aswcgc3uv5ln0","perc_offset",1,1,0.314814814814815,0.221002895900015,"value_alt_offset"
"50","34aswcgc3uv5ln0","perc_offset",1,2,0.487654320977032,0.197530864197532,"value_alt_offset"
"51","34aswcgc3uv5ln0","perc_offset",2,1,0.569958847736626,0.444444444444444,"value_alt_offset"
"52","34aswcgc3uv5ln0","perc_offset",2,2,0.401234567901235,0.345679012345679,"value_alt_offset"
"53","34aswcgc3uv5ln0","perc_offset",3,1,0.783950616423559,0.54320987654321,"value_alt_offset"
"54","34aswcgc3uv5ln0","perc_offset",3,2,0.512345679012346,0.567901234567901,"value_alt_offset"
"55","35q8u5ekgfaq26g","perc_offset",1,1,0.446502057613169,0.411522633744856,"value_alt_offset"
"56","35q8u5ekgfaq26g","perc_offset",1,2,0.483539094650206,0.534979423868313,"perc_offset"
"57","35q8u5ekgfaq26g","perc_offset",2,1,0.137860082304527,0.617283950617284,"perc_offset"
"58","35q8u5ekgfaq26g","perc_offset",2,2,0.512345679012346,0.469135802469136,"value_alt_offset"
"59","35q8u5ekgfaq26g","perc_offset",3,1,0.154320987654321,0.62002743484225,"value_alt_offset"
"60","35q8u5ekgfaq26g","perc_offset",3,2,0.401234567901235,0.567901234567901,"value_alt_offset"
"61","3jrram86yd3uhgb","perc_offset",1,1,0.0564700502972108,0,"value_alt_offset"
"62","3jrram86yd3uhgb","perc_offset",1,2,0.265432098765432,-0.00274306607464947,"value_alt_offset"
"63","3jrram86yd3uhgb","perc_offset",2,1,0.178555098308185,0,"value_alt_offset"
"64","3jrram86yd3uhgb","perc_offset",2,2,0.265426453736163,0.296284866854319,"value_alt_offset"
"65","3jrram86yd3uhgb","perc_offset",3,1,0.203703703703704,0.296296296296296,"value_alt_offset"
"66","3jrram86yd3uhgb","perc_offset",3,2,0.0569272950974858,0.271604938271605,"value_alt_offset"
"67","3t9q259awsqqnjn","perc_offset",1,1,0.277777777777778,0.222222222222222,"value_alt_offset"
"68","3t9q259awsqqnjn","perc_offset",1,2,0.375171467477263,0.222222222223009,"value_alt_offset"
"69","3t9q259awsqqnjn","perc_offset",2,1,0.84156378600823,0.419753086419753,"value_alt_offset"
"70","3t9q259awsqqnjn","perc_offset",2,2,0.462962962962963,0.46639231824417,"value_alt_offset"
"71","3t9q259awsqqnjn","perc_offset",3,1,0.586419753089961,0.666666666666667,"value_alt_offset"
"72","3t9q259awsqqnjn","perc_offset",3,2,0.462957317933693,0.691358024670114,"value_alt_offset"
"73","4g3g9s2nj7eh7g9","perc_offset",1,1,0.170781869773542,0,"value_alt_offset"
"74","4g3g9s2nj7eh7g9","perc_offset",1,2,0.0432098765432099,0,"value_alt_offset"
"75","4g3g9s2nj7eh7g9","perc_offset",2,1,0.143347050754458,-0.00274348422496573,"value_alt_offset"
"76","4g3g9s2nj7eh7g9","perc_offset",2,2,0.0843621399176955,-1.72078318261271e-09,"value_alt_offset"
"77","4g3g9s2nj7eh7g9","perc_offset",3,1,0.0431590712797846,0.13443072702332,"value_alt_offset"
"78","4g3g9s2nj7eh7g9","perc_offset",3,2,0.808641975308642,0.246913580246914,"value_alt_offset"
"79","4ns4fa2xqw95lgx","perc_offset",1,1,0.462962962962963,0.320987654342232,"value_alt_offset"
"80","4ns4fa2xqw95lgx","perc_offset",1,2,0.462962955219439,0.223136717155076,"value_alt_offset"
"81","4ns4fa2xqw95lgx","perc_offset",2,1,0.57681755829904,0.518518518518518,"value_alt_offset"
"82","4ns4fa2xqw95lgx","perc_offset",2,2,0.364196903638723,0.518518503031469,"value_alt_offset"
"83","4ns4fa2xqw95lgx","perc_offset",3,1,0.541609510745313,0.737997256515775,"value_alt_offset"
"84","4ns4fa2xqw95lgx","perc_offset",3,2,0.343621399176955,0.60082304526749,"perc_offset"
"85","4tcxev3874jk89a","perc_offset",1,1,0.561728395061728,0.296296296296296,"value_alt_offset"
"86","4tcxev3874jk89a","perc_offset",1,2,0.364214465952006,0.44444444387085,"value_alt_offset"
"87","4tcxev3874jk89a","perc_offset",2,1,0.574074073787277,0.320987654320988,"value_alt_offset"
"88","4tcxev3874jk89a","perc_offset",2,2,0.467078189300412,0.395061728395062,"value_alt_offset"
"89","4tcxev3874jk89a","perc_offset",3,1,0.981481481481481,0.491083676268861,"value_alt_offset"
"90","4tcxev3874jk89a","perc_offset",3,2,0.486282578875171,0.469135802469136,"value_alt_offset"
"91","57znvber9kc1tnj","perc_offset",1,1,0.0884773662551441,0,"value_alt_offset"
"92","57znvber9kc1tnj","perc_offset",1,2,0.166666666666667,0.263374485596708,"value_alt_offset"
"93","57znvber9kc1tnj","perc_offset",2,1,0.0555555478120312,0.148148106849352,"value_alt_offset"
"94","57znvber9kc1tnj","perc_offset",2,2,0.228395061728395,0.128943758573388,"value_alt_offset"
"95","57znvber9kc1tnj","perc_offset",3,1,0.0308646156811805,0.115226335727777,"value_alt_offset"
"96","57znvber9kc1tnj","perc_offset",3,2,0.0679012345679013,0.241426611796982,"value_alt_offset"
"97","5cp1qjka53bl73q","perc_offset",1,1,0.117283950617284,0.074074074074074,"perc_offset"
"98","5cp1qjka53bl73q","perc_offset",1,2,0.203754508967129,-3.33066907387547e-16,"perc_offset"
"99","5cp1qjka53bl73q","perc_offset",2,1,0.129629632210804,-3.76335310969811e-06,"perc_offset"
"100","5cp1qjka53bl73q","perc_offset",2,2,0.0802469135802469,0.123456790123457,"value_alt_offset"
"101","5cp1qjka53bl73q","perc_offset",3,1,0.104938271604938,0.0411521239910466,"perc_offset"
"102","5cp1qjka53bl73q","perc_offset",3,2,0.191358016947834,0.148144384795302,"perc_offset"
"103","5jwar0bvwr53h40","perc_offset",1,1,0.117283958360808,0,"value_alt_offset"
"104","5jwar0bvwr53h40","perc_offset",1,2,0.816872427983539,0.444444444444444,"value_alt_offset"
"105","5jwar0bvwr53h40","perc_offset",2,1,0.952674897119342,0.666666666666667,"value_alt_offset"
"106","5jwar0bvwr53h40","perc_offset",2,2,0.376543209876543,0.320987654320988,"value_alt_offset"
"107","5jwar0bvwr53h40","perc_offset",3,1,0.831047096479195,0.880658436213992,"value_alt_offset"
"108","5jwar0bvwr53h40","perc_offset",3,2,0.347736625514403,0.567901234567901,"value_alt_offset"
"109","5o4n9abwu4u5bb5","perc_offset",1,1,0.0925869475633231,1.25445094867338e-06,"perc_offset"
"110","5o4n9abwu4u5bb5","perc_offset",1,2,0.126886145404664,0,"perc_offset"
"111","5o4n9abwu4u5bb5","perc_offset",2,1,0.227937814357567,0.222323832727829,"value_alt_offset"
"112","5o4n9abwu4u5bb5","perc_offset",2,2,0.0432098765432099,0.00548696844993146,"value_alt_offset"
"113","5o4n9abwu4u5bb5","perc_offset",3,1,0.166666666666667,0,"perc_offset"
"114","5o4n9abwu4u5bb5","perc_offset",3,2,0.18312764170818,0.222222222222222,"value_alt_offset"
"115","5pgqs0v0feqyejp","perc_offset",1,1,0.199588477369796,-0.00274348422496573,"value_alt_offset"
"116","5pgqs0v0feqyejp","perc_offset",1,2,0.425925925925926,0.148148148148148,"value_alt_offset"
"117","5pgqs0v0feqyejp","perc_offset",2,1,0.0843621399176955,0.176497485139461,"value_alt_offset"
"118","5pgqs0v0feqyejp","perc_offset",2,2,0.154320987654321,0.00812884214804654,"value_alt_offset"
"119","5pgqs0v0feqyejp","perc_offset",3,1,0.166666666666667,0.17283950617284,"value_alt_offset"
"120","5pgqs0v0feqyejp","perc_offset",3,2,0.141975308641975,0.246913580246914,"value_alt_offset"
"121","6be4c2orpqft8ul","perc_offset",1,1,0.977366255143989,0.370381660428909,"perc_offset"
"122","6be4c2orpqft8ul","perc_offset",1,2,0.977366255144033,0.444444444444444,"value_alt_offset"
"123","6be4c2orpqft8ul","perc_offset",2,1,0.425908990838118,0.54320987654321,"value_alt_offset"
"124","6be4c2orpqft8ul","perc_offset",2,2,0.58641975308642,0.395061728394974,"value_alt_offset"
"125","6be4c2orpqft8ul","perc_offset",3,1,0.936213991769547,0.510288065843621,"value_alt_offset"
"126","6be4c2orpqft8ul","perc_offset",3,2,0.866255144032922,0.559670781893004,"value_alt_offset"
"127","6wyn194o3vd7jmv","perc_offset",1,1,0.166666666666667,0,"perc_offset"
"128","6wyn194o3vd7jmv","perc_offset",1,2,0.241197988100946,0,"perc_offset"
"129","6wyn194o3vd7jmv","perc_offset",2,1,0.117893613778387,-0.00274348422496573,"perc_offset"
"130","6wyn194o3vd7jmv","perc_offset",2,2,0.129172382258802,-0.000101610526850537,"value_alt_offset"
"131","6wyn194o3vd7jmv","perc_offset",3,1,0.0921353452217699,0,"value_alt_offset"
"132","6wyn194o3vd7jmv","perc_offset",3,2,0.170798828091924,-0.00823045267489708,"value_alt_offset"
"133","70kcrqfjf2xhh4m","perc_offset",1,1,0.870319565106945,0.296296296296296,"value_alt_offset"
"134","70kcrqfjf2xhh4m","perc_offset",1,2,0.611111111111111,0.362139917695473,"value_alt_offset"
"135","70kcrqfjf2xhh4m","perc_offset",2,1,0.722222222222222,0.493827160493827,"value_alt_offset"
"136","70kcrqfjf2xhh4m","perc_offset",2,2,0.738683127572016,0.510291829196467,"value_alt_offset"
"137","70kcrqfjf2xhh4m","perc_offset",3,1,0.808641975308627,0.641975308641975,"value_alt_offset"
"138","70kcrqfjf2xhh4m","perc_offset",3,2,0.594650205793183,0.666666666666667,"value_alt_offset"
"139","7bwng7h1w9q6djl","perc_offset",1,1,0.90695016003658,0.296296296296296,"value_alt_offset"
"140","7bwng7h1w9q6djl","perc_offset",1,2,0.314662399024539,0.255144079382957,"value_alt_offset"
"141","7bwng7h1w9q6djl","perc_offset",2,1,0.742798353909465,0.469135802469136,"value_alt_offset"
"142","7bwng7h1w9q6djl","perc_offset",2,2,0.45473251028811,0.501143119000663,"value_alt_offset"
"143","7bwng7h1w9q6djl","perc_offset",3,1,0.709876542923079,0.518518518518518,"value_alt_offset"
"144","7bwng7h1w9q6djl","perc_offset",3,2,0.759259259227435,0.666971498247218,"value_alt_offset"
"145","7pjw0pz87exlgmd","perc_offset",1,1,0.68523599044861,0.419753086419753,"value_alt_offset"
"146","7pjw0pz87exlgmd","perc_offset",1,2,0.648148148148148,0.295991464716007,"value_alt_offset"
"147","7pjw0pz87exlgmd","perc_offset",2,1,0.952674897119342,0.444444444444444,"value_alt_offset"
"148","7pjw0pz87exlgmd","perc_offset",2,2,0.524691358024691,0.477366255144033,"value_alt_offset"
"149","7pjw0pz87exlgmd","perc_offset",3,1,0.981481481481481,0.592603882651132,"value_alt_offset"
"150","7pjw0pz87exlgmd","perc_offset",3,2,0.820987654320988,0.716049382716049,"value_alt_offset"
"151","85aq8xl8ayntz3l","perc_offset",1,1,0.537037037037037,0.320987654320988,"value_alt_offset"
"152","85aq8xl8ayntz3l","perc_offset",1,2,0.129477213743755,0.148148148148148,"value_alt_offset"
"153","85aq8xl8ayntz3l","perc_offset",2,1,0.5,0.518518518518518,"value_alt_offset"
"154","85aq8xl8ayntz3l","perc_offset",2,2,0.388888888888889,0.443225112959887,"value_alt_offset"
"155","85aq8xl8ayntz3l","perc_offset",3,1,0.537036967345318,0.732510241604697,"perc_offset"
"156","85aq8xl8ayntz3l","perc_offset",3,2,0.15843621399177,0.534979423868313,"value_alt_offset"
"157","8epzoljwn0gbtge","perc_offset",1,1,0.932098765430918,0.567901239730251,"value_alt_offset"
"158","8epzoljwn0gbtge","perc_offset",1,2,0.837448559670782,0.603566529492455,"value_alt_offset"
"159","8epzoljwn0gbtge","perc_offset",2,1,0.755144032921811,0.502057613168724,"value_alt_offset"
"160","8epzoljwn0gbtge","perc_offset",2,2,0.611111111111111,0.666666666666667,"value_alt_offset"
"161","8epzoljwn0gbtge","perc_offset",3,1,0.751028806584362,0.609053497942387,"value_alt_offset"
"162","8epzoljwn0gbtge","perc_offset",3,2,0.919753086419753,0.568002845094752,"value_alt_offset"
"163","8es63ovt8uw2mgg","perc_offset",1,1,0.191358024978155,0.074074074074074,"perc_offset"
"164","8es63ovt8uw2mgg","perc_offset",1,2,0.0596707818930041,0.156378600823045,"perc_offset"
"165","8es63ovt8uw2mgg","perc_offset",2,1,0.0802469135802469,-3.76335258411853e-06,"value_alt_offset"
"166","8es63ovt8uw2mgg","perc_offset",2,2,0.167123914037494,0.00274348422505311,"value_alt_offset"
"167","8es63ovt8uw2mgg","perc_offset",3,1,0.166836017544751,1.91198168408846e-10,"value_alt_offset"
"168","8es63ovt8uw2mgg","perc_offset",3,2,0.0432098765428165,0,"value_alt_offset"
"169","8le0rzndxgpur8r","perc_offset",1,1,0.41358024691358,0.271604938271605,"value_alt_offset"
"170","8le0rzndxgpur8r","perc_offset",1,2,0.611111111111111,0.222222222222222,"perc_offset"
"171","8le0rzndxgpur8r","perc_offset",2,1,0.146090534979424,0.17283950617284,"value_alt_offset"
"172","8le0rzndxgpur8r","perc_offset",2,2,0.685185185185185,0.370370370370458,"perc_offset"
"173","8le0rzndxgpur8r","perc_offset",3,1,0.220164609053498,0.271604938271605,"value_alt_offset"
"174","8le0rzndxgpur8r","perc_offset",3,2,0.549382715188991,0.427983539093863,"perc_offset"
"175","96deaxjjts0yvax","perc_offset",1,1,0.5,0.224965706447188,"value_alt_offset"
"176","96deaxjjts0yvax","perc_offset",1,2,0.722222222222222,0.222222222222222,"value_alt_offset"
"177","96deaxjjts0yvax","perc_offset",2,1,0.253086419753086,0.493827160493827,"value_alt_offset"
"178","96deaxjjts0yvax","perc_offset",2,2,0.40123394067576,0.485597962269878,"value_alt_offset"
"179","96deaxjjts0yvax","perc_offset",3,1,0.180384087791495,0.74074074074074,"perc_offset"
"180","96deaxjjts0yvax","perc_offset",3,2,0.598765432098765,0.75720164551694,"perc_offset"
"181","9h1m4d4lp6ksfjt","perc_offset",1,1,0.944444444444444,0.222222222222222,"value_alt_offset"
"182","9h1m4d4lp6ksfjt","perc_offset",1,2,0.944442562768021,0.370370370434103,"value_alt_offset"
"183","9h1m4d4lp6ksfjt","perc_offset",2,1,0.870827617741198,0.411522633744856,"value_alt_offset"
"184","9h1m4d4lp6ksfjt","perc_offset",2,2,0.734567901234568,0.353909465020605,"value_alt_offset"
"185","9h1m4d4lp6ksfjt","perc_offset",3,1,0.952674897119342,0.37037037037037,"value_alt_offset"
"186","9h1m4d4lp6ksfjt","perc_offset",3,2,0.907407407407407,0.493827160493798,"value_alt_offset"
"187","9ho9tv1b4jdy3p6","perc_offset",1,1,0.890946502057613,0.00823045267489708,"value_alt_offset"
"188","9ho9tv1b4jdy3p6","perc_offset",1,2,0.611111113692286,0.296601127876936,"value_alt_offset"
"189","9ho9tv1b4jdy3p6","perc_offset",2,1,0.425925925639129,0.48559670781893,"value_alt_offset"
"190","9ho9tv1b4jdy3p6","perc_offset",2,2,0.524691358024691,0.320987654320988,"value_alt_offset"
"191","9ho9tv1b4jdy3p6","perc_offset",3,1,0.759259259259259,0.52583447645176,"value_alt_offset"
"192","9ho9tv1b4jdy3p6","perc_offset",3,2,0.619341563786008,0.781893004115226,"value_alt_offset"
"193","9jfa3uck1pm1a27","perc_offset",1,1,0.372427983539095,0.279835390946502,"value_alt_offset"
"194","9jfa3uck1pm1a27","perc_offset",1,2,0.5,0.296296296296296,"value_alt_offset"
"195","9jfa3uck1pm1a27","perc_offset",2,1,0.746913580246913,0.419753086419753,"value_alt_offset"
"196","9jfa3uck1pm1a27","perc_offset",2,2,0.767489084708682,0.641975308641975,"value_alt_offset"
"197","9jfa3uck1pm1a27","perc_offset",3,1,0.635802469135802,0.729766803840878,"value_alt_offset"
"198","9jfa3uck1pm1a27","perc_offset",3,2,0.83196166091257,0.669409732741316,"value_alt_offset"
"199","9oe8onshjdy2khe","perc_offset",1,1,0.0573921414362781,0,"perc_offset"
"200","9oe8onshjdy2khe","perc_offset",1,2,0.166209419295839,0.00274348422496562,"value_alt_offset"
"201","9oe8onshjdy2khe","perc_offset",2,1,0.109053497942387,1.25445094867338e-06,"value_alt_offset"
"202","9oe8onshjdy2khe","perc_offset",2,2,0.0925982379086593,0,"value_alt_offset"
"203","9oe8onshjdy2khe","perc_offset",3,1,0.0802469135802469,-0.00274348422496573,"value_alt_offset"
"204","9oe8onshjdy2khe","perc_offset",3,2,0.15843621399177,0.222222175761076,"value_alt_offset"
"205","9p57f5mpldrqae2","perc_offset",1,1,0.722222222222222,0.148148148148148,"value_alt_offset"
"206","9p57f5mpldrqae2","perc_offset",1,2,0.427297668038409,0.222527053802774,"value_alt_offset"
"207","9p57f5mpldrqae2","perc_offset",2,1,0.87037037037037,0.445358939186099,"value_alt_offset"
"208","9p57f5mpldrqae2","perc_offset",2,2,0.376543837102018,0.222222222222222,"value_alt_offset"
"209","9p57f5mpldrqae2","perc_offset",3,1,0.166666666666667,0.271604938271634,"value_alt_offset"
"210","9p57f5mpldrqae2","perc_offset",3,2,0.932539077715118,0.768175582990398,"value_alt_offset"
"211","a39zpu2zr3xl47k","perc_offset",1,1,0.277777777777778,0.0246913580246915,"value_alt_offset"
"212","a39zpu2zr3xl47k","perc_offset",1,2,0.81006452268455,1.11022302462516e-15,"value_alt_offset"
"213","a39zpu2zr3xl47k","perc_offset",2,1,0.265432098765432,0.296296296296296,"value_alt_offset"
"214","a39zpu2zr3xl47k","perc_offset",2,2,0.364197530864198,0.320987654320988,"value_alt_offset"
"215","a39zpu2zr3xl47k","perc_offset",3,1,0.427297668038409,0.458161865569273,"value_alt_offset"
"216","a39zpu2zr3xl47k","perc_offset",3,2,0.364197530864198,0.455407091285768,"value_alt_offset"
"217","ajztaxb5eyxtfch","perc_offset",1,1,0.907409289083831,0.37037037553272,"value_alt_offset"
"218","ajztaxb5eyxtfch","perc_offset",1,2,0.820987654320988,0.444444444444532,"value_alt_offset"
"219","ajztaxb5eyxtfch","perc_offset",2,1,0.907407407407407,0.37037037037037,"value_alt_offset"
"220","ajztaxb5eyxtfch","perc_offset",2,2,0.393004115226337,0.515775034293553,"value_alt_offset"
"221","ajztaxb5eyxtfch","perc_offset",3,1,0.771605565497079,0.452674897119341,"value_alt_offset"
"222","ajztaxb5eyxtfch","perc_offset",3,2,0.602880658436214,0.518518518518518,"value_alt_offset"
"223","as5hvtlqa9ouc2z","perc_offset",1,1,0.91838134430727,0.395061728395062,"value_alt_offset"
"224","as5hvtlqa9ouc2z","perc_offset",1,2,0.709876543209891,0.452674897119341,"value_alt_offset"
"225","as5hvtlqa9ouc2z","perc_offset",2,1,0.475308641975309,0.617283950617284,"value_alt_offset"
"226","as5hvtlqa9ouc2z","perc_offset",2,2,0.648757811309252,0.666666666666667,"value_alt_offset"
"227","as5hvtlqa9ouc2z","perc_offset",3,1,0.903292181069959,0.666666666666667,"value_alt_offset"
"228","as5hvtlqa9ouc2z","perc_offset",3,2,0.940329218106996,0.674897119341564,"value_alt_offset"
"229","au7m9jjmgy8d4gj","perc_offset",1,1,0.00205761316872431,0.06187503418282,"value_alt_offset"
"230","au7m9jjmgy8d4gj","perc_offset",1,2,0.166514250876391,0.139917695473251,"value_alt_offset"
"231","au7m9jjmgy8d4gj","perc_offset",2,1,0.12962962962963,0.17283950617284,"value_alt_offset"
"232","au7m9jjmgy8d4gj","perc_offset",2,2,0.030864197563124,0.0987315619231486,"value_alt_offset"
"233","au7m9jjmgy8d4gj","perc_offset",3,1,0.0180104658842656,0.0238784738098867,"perc_offset"
"234","au7m9jjmgy8d4gj","perc_offset",3,2,0.0925925925925926,0.17283950617284,"value_alt_offset"
"235","b3jqszmpuje1kzj","perc_offset",1,1,0.364197530864193,0.320987654320988,"value_alt_offset"
"236","b3jqszmpuje1kzj","perc_offset",1,2,0.462962955219439,0.222222222222222,"value_alt_offset"
"237","b3jqszmpuje1kzj","perc_offset",2,1,0.253086419753086,0.469135802469135,"value_alt_offset"
"238","b3jqszmpuje1kzj","perc_offset",2,2,0.232510288065844,0.469135802469136,"value_alt_offset"
"239","b3jqszmpuje1kzj","perc_offset",3,1,0.796753543762723,0.666666666666667,"value_alt_offset"
"240","b3jqszmpuje1kzj","perc_offset",3,2,0.965020576131687,0.716049382716049,"value_alt_offset"
"241","bdov3ye1qvundbp","perc_offset",1,1,0.606990239744393,0.441700960218692,"value_alt_offset"
"242","bdov3ye1qvundbp","perc_offset",1,2,0.510973936899863,0.493827160493827,"value_alt_offset"
"243","bdov3ye1qvundbp","perc_offset",2,1,0.487654320987654,0.518518518518518,"value_alt_offset"
"244","bdov3ye1qvundbp","perc_offset",2,2,0.043057460752934,0.44444449090559,"value_alt_offset"
"245","bdov3ye1qvundbp","perc_offset",3,1,0.195470742126909,0.515763744235014,"value_alt_offset"
"246","bdov3ye1qvundbp","perc_offset",3,2,0.2777777777884,0.518518518518518,"value_alt_offset"
"247","brsvshywlogvxcq","perc_offset",1,1,0.0185164277669373,-1.4025445246868e-05,"perc_offset"
"248","brsvshywlogvxcq","perc_offset",1,2,0.150188826229064,1.25445094867338e-06,"value_alt_offset"
"249","brsvshywlogvxcq","perc_offset",2,1,0.103718945282731,-0.00274348422496573,"perc_offset"
"250","brsvshywlogvxcq","perc_offset",2,2,0.0550983081847279,-0.00274348422496573,"perc_offset"
"251","brsvshywlogvxcq","perc_offset",3,1,0.051440329218107,3.51246265752891e-05,"perc_offset"
"252","brsvshywlogvxcq","perc_offset",3,2,0.0514911344815323,-1.11022302462516e-15,"value_alt_offset"
"253","bx1xq7e3jhb986v","perc_offset",1,1,0.565843621399177,0.411522633744856,"value_alt_offset"
"254","bx1xq7e3jhb986v","perc_offset",1,2,0.179012345679012,0.37026875984352,"value_alt_offset"
"255","bx1xq7e3jhb986v","perc_offset",2,1,0.660493827160494,0.419753086419753,"value_alt_offset"
"256","bx1xq7e3jhb986v","perc_offset",2,2,0.41358024691358,0.37037037037037,"value_alt_offset"
"257","bx1xq7e3jhb986v","perc_offset",3,1,0.820993926575731,0.666666666666657,"value_alt_offset"
"258","bx1xq7e3jhb986v","perc_offset",3,2,0.870370370370365,0.444444444444444,"value_alt_offset"
"259","c2se350v0tr4hzv","perc_offset",1,1,0.277777777777778,0.222222222222222,"value_alt_offset"
"260","c2se350v0tr4hzv","perc_offset",1,2,0.623456790123457,0.222222222222222,"value_alt_offset"
"261","c2se350v0tr4hzv","perc_offset",2,1,0.833333333333333,0.469135802469135,"value_alt_offset"
"262","c2se350v0tr4hzv","perc_offset",2,2,0.425925925925926,0.444444444444444,"value_alt_offset"
"263","c2se350v0tr4hzv","perc_offset",3,1,0.738683127572016,0.683127572016461,"value_alt_offset"
"264","c2se350v0tr4hzv","perc_offset",3,2,0.672839506172839,0.542261511625937,"value_alt_offset"
"265","cavjhtxfs1z091j","perc_offset",1,1,0.0569279481240859,0.000914494741655281,"perc_offset"
"266","cavjhtxfs1z091j","perc_offset",1,2,0.0678955895386318,-1.2544509487844e-06,"perc_offset"
"267","cavjhtxfs1z091j","perc_offset",2,1,0.0185185188053157,0.000903225906109251,"perc_offset"
"268","cavjhtxfs1z091j","perc_offset",2,2,0.0829903978052126,-0.00548696844993135,"value_alt_offset"
"269","cavjhtxfs1z091j","perc_offset",3,1,0.167073108773676,-0.000914494741655281,"value_alt_offset"
"270","cavjhtxfs1z091j","perc_offset",3,2,0.216049382716049,0,"value_alt_offset"
"271","cl4vc26ycu0woo2","perc_offset",1,1,0.166664784990244,0,"value_alt_offset"
"272","cl4vc26ycu0woo2","perc_offset",1,2,0.190895129710086,-1.3938343879083e-07,"value_alt_offset"
"273","cl4vc26ycu0woo2","perc_offset",2,1,0.253086419752955,0,"value_alt_offset"
"274","cl4vc26ycu0woo2","perc_offset",2,2,0.277777777777778,0.230451420446171,"value_alt_offset"
"275","cl4vc26ycu0woo2","perc_offset",3,1,0.0550983081843345,4.18150316150445e-07,"value_alt_offset"
"276","cl4vc26ycu0woo2","perc_offset",3,2,0.11042524005487,0.181069958847737,"value_alt_offset"
"277","djb1vpwld9c7hmk","perc_offset",1,1,0.277777777777778,0.222222175761073,"value_alt_offset"
"278","djb1vpwld9c7hmk","perc_offset",1,2,0.141975308641975,0.299039362370946,"value_alt_offset"
"279","djb1vpwld9c7hmk","perc_offset",2,1,0.19964492765895,0.222222222222222,"value_alt_offset"
"280","djb1vpwld9c7hmk","perc_offset",2,2,0.179012345679012,0.320987654320988,"value_alt_offset"
"281","djb1vpwld9c7hmk","perc_offset",3,1,0.204211756327335,0.222222222222222,"value_alt_offset"
"282","djb1vpwld9c7hmk","perc_offset",3,2,0.166666666666667,0.29629629801708,"value_alt_offset"
"283","ds2ot3x1v6q63xg","perc_offset",1,1,0.388888896632413,0.230452674897119,"value_alt_offset"
"284","ds2ot3x1v6q63xg","perc_offset",1,2,0.318930041152263,0.19754215425607,"value_alt_offset"
"285","ds2ot3x1v6q63xg","perc_offset",2,1,0.290123456790123,0.48559670781893,"value_alt_offset"
"286","ds2ot3x1v6q63xg","perc_offset",2,2,0.228395061728395,0.502057613168724,"value_alt_offset"
"287","ds2ot3x1v6q63xg","perc_offset",3,1,0.479423868312757,0.691358024691358,"value_alt_offset"
"288","ds2ot3x1v6q63xg","perc_offset",3,2,0.548925468678555,0.73891175125743,"perc_offset"
"289","dtua0nm03dd9yb7","perc_offset",1,1,0.0555555787861287,-1.84116721868577e-10,"perc_offset"
"290","dtua0nm03dd9yb7","perc_offset",1,2,0.170798828091924,0,"perc_offset"
"291","dtua0nm03dd9yb7","perc_offset",2,1,0.0557581493837824,0.000914494741655281,"perc_offset"
"292","dtua0nm03dd9yb7","perc_offset",2,2,0.232510288065844,0.318244170096022,"value_alt_offset"
"293","dtua0nm03dd9yb7","perc_offset",3,1,0.0890870291294504,0.148148163635197,"value_alt_offset"
"294","dtua0nm03dd9yb7","perc_offset",3,2,0.203703703703704,0.223136716963878,"value_alt_offset"
"295","duzv7z4jux5olpv","perc_offset",1,1,0.281891122438803,0.222222222222222,"value_alt_offset"
"296","duzv7z4jux5olpv","perc_offset",1,2,0.537037044780561,0.296296296296296,"value_alt_offset"
"297","duzv7z4jux5olpv","perc_offset",2,1,0.763374485596708,0.417009602194787,"value_alt_offset"
"298","duzv7z4jux5olpv","perc_offset",2,2,0.759259259259259,0.392318244170096,"value_alt_offset"
"299","duzv7z4jux5olpv","perc_offset",3,1,0.858024691358025,0.592592592592593,"value_alt_offset"
"300","duzv7z4jux5olpv","perc_offset",3,2,0.969135802469136,0.592592592592593,"value_alt_offset"
"301","dvywvnh6comawyk","perc_offset",1,1,0.302469135802469,0.263374485596708,"value_alt_offset"
"302","dvywvnh6comawyk","perc_offset",1,2,0.523319615913389,0.148148148148139,"value_alt_offset"
"303","dvywvnh6comawyk","perc_offset",2,1,0.475359447143135,0.370370370349126,"value_alt_offset"
"304","dvywvnh6comawyk","perc_offset",2,2,0.291495198902606,0.617283950617284,"perc_offset"
"305","dvywvnh6comawyk","perc_offset",3,1,0.0185185185185234,0.436213991770336,"value_alt_offset"
"306","dvywvnh6comawyk","perc_offset",3,2,0.101280292638317,0.88887759883035,"perc_offset"
"307","fehlcunq37bd57x","perc_offset",1,1,0.166666666666667,0.271605356421921,"value_alt_offset"
"308","fehlcunq37bd57x","perc_offset",1,2,0.0967078189300412,0.367728496672255,"value_alt_offset"
"309","fehlcunq37bd57x","perc_offset",2,1,0.204160951074531,0.559704652004888,"value_alt_offset"
"310","fehlcunq37bd57x","perc_offset",2,2,0.537037037037037,0.222222222222222,"value_alt_offset"
"311","fehlcunq37bd57x","perc_offset",3,1,0.117436358664035,0.17283950617284,"value_alt_offset"
"312","fehlcunq37bd57x","perc_offset",3,2,0.195473251028938,0.198445358939186,"value_alt_offset"
"313","fq39wkqs1solhdu","perc_offset",1,1,0.277320530406951,0.581313824112178,"perc_offset"
"314","fq39wkqs1solhdu","perc_offset",1,2,0.748285322359396,0.37037037037037,"perc_offset"
"315","fq39wkqs1solhdu","perc_offset",2,1,0.165294924554184,0.315500685871056,"value_alt_offset"
"316","fq39wkqs1solhdu","perc_offset",2,2,0.598765432098765,0.617283950617284,"perc_offset"
"317","fq39wkqs1solhdu","perc_offset",3,1,0.162551440329218,0.403292181069959,"value_alt_offset"
"318","fq39wkqs1solhdu","perc_offset",3,2,0.41495198931286,0.829446730681299,"value_alt_offset"
"319","fqnkabfbs65dy5r","perc_offset",1,1,0.327160493827161,0.222222222222222,"value_alt_offset"
"320","fqnkabfbs65dy5r","perc_offset",1,2,0.166666666665486,0.22222222222537,"value_alt_offset"
"321","fqnkabfbs65dy5r","perc_offset",2,1,0.697530864197531,0.394248844180257,"value_alt_offset"
"322","fqnkabfbs65dy5r","perc_offset",2,2,0.944444235369286,0.37037037037037,"value_alt_offset"
"323","fqnkabfbs65dy5r","perc_offset",3,1,0.738683127572016,0.518518518518518,"value_alt_offset"
"324","fqnkabfbs65dy5r","perc_offset",3,2,0.903292181069959,0.460905349794239,"value_alt_offset"
"325","fwexbmobod79xhj","perc_offset",1,1,0.693415637860082,0.444444444444444,"value_alt_offset"
"326","fwexbmobod79xhj","perc_offset",1,2,0.388888888888889,0.444444444444444,"perc_offset"
"327","fwexbmobod79xhj","perc_offset",2,1,0.438271604938272,0.493827160493827,"value_alt_offset"
"328","fwexbmobod79xhj","perc_offset",2,2,0.277930193568054,0.567901234567901,"value_alt_offset"
"329","fwexbmobod79xhj","perc_offset",3,1,0.0144050809352006,0.49937500324258,"perc_offset"
"330","fwexbmobod79xhj","perc_offset",3,2,0.393004184918057,0.534979423868313,"value_alt_offset"
"331","g35rvb9r3l07tgx","perc_offset",1,1,0.154315342625052,-1.3938343879083e-07,"value_alt_offset"
"332","g35rvb9r3l07tgx","perc_offset",1,2,0.462962962962963,0.148148148148148,"value_alt_offset"
"333","g35rvb9r3l07tgx","perc_offset",2,1,0.220164609053498,0.23868312757123,"value_alt_offset"
"334","g35rvb9r3l07tgx","perc_offset",2,2,0.339963420210334,0.271604938271343,"value_alt_offset"
"335","g35rvb9r3l07tgx","perc_offset",3,1,0.606995884773663,0.419753086419753,"value_alt_offset"
"336","g35rvb9r3l07tgx","perc_offset",3,2,0.335238530711782,0.422530440820335,"value_alt_offset"
"337","gg80fe1zyat447z","perc_offset",1,1,0.713991769547325,0.386831275720165,"value_alt_offset"
"338","gg80fe1zyat447z","perc_offset",1,2,0.89917695473251,0.419753086419753,"value_alt_offset"
"339","gg80fe1zyat447z","perc_offset",2,1,0.763374485596708,0.493827160493827,"value_alt_offset"
"340","gg80fe1zyat447z","perc_offset",2,2,0.771604938271605,0.518518518518518,"value_alt_offset"
"341","gg80fe1zyat447z","perc_offset",3,1,0.174897119341564,0.444444444444444,"value_alt_offset"
"342","gg80fe1zyat447z","perc_offset",3,2,0.480795610421699,0.644718792866941,"value_alt_offset"
"343","ggkxy092ul5l6n0","perc_offset",1,1,0.149748513946045,-3.77883989510774e-06,"perc_offset"
"344","ggkxy092ul5l6n0","perc_offset",1,2,0.0679012345679013,0.123456790123457,"perc_offset"
"345","ggkxy092ul5l6n0","perc_offset",2,1,0.0953360768175583,0.0036579789666209,"value_alt_offset"
"346","ggkxy092ul5l6n0","perc_offset",2,2,0.0514346841888375,0.000327411697629731,"value_alt_offset"
"347","ggkxy092ul5l6n0","perc_offset",3,1,0.0185015834307101,0.000474182458636063,"perc_offset"
"348","ggkxy092ul5l6n0","perc_offset",3,2,0.129680643968211,0.0740740740717134,"value_alt_offset"
"349","ghbypuj01msjo4h","perc_offset",1,1,0.796296296296296,0.469135802469136,"value_alt_offset"
"350","ghbypuj01msjo4h","perc_offset",1,2,0.919753086420933,0.51851726406754,"value_alt_offset"
"351","ghbypuj01msjo4h","perc_offset",2,1,0.277777777777778,0.54320987654321,"value_alt_offset"
"352","ghbypuj01msjo4h","perc_offset",2,2,0.280521262002743,0.513031550068587,"value_alt_offset"
"353","ghbypuj01msjo4h","perc_offset",3,1,0.327160493827161,0.444444444444444,"value_alt_offset"
"354","ghbypuj01msjo4h","perc_offset",3,2,0.735025148605395,0.567901234567901,"perc_offset"
"355","gnd1v5zo5x7qjad","perc_offset",1,1,0.450617283950617,0.222222222222222,"value_alt_offset"
"356","gnd1v5zo5x7qjad","perc_offset",1,2,0.38888888879329,0.222222222222222,"value_alt_offset"
"357","gnd1v5zo5x7qjad","perc_offset",2,1,0.388888888888889,0.452674897119341,"value_alt_offset"
"358","gnd1v5zo5x7qjad","perc_offset",2,2,0.648148148148148,0.493827160493827,"value_alt_offset"
"359","gnd1v5zo5x7qjad","perc_offset",3,1,0.805898491083676,0.546867855509831,"value_alt_offset"
"360","gnd1v5zo5x7qjad","perc_offset",3,2,0.895061728395062,0.691356770240409,"value_alt_offset"
"361","gs1p8zvs22f3u03","perc_offset",1,1,0.685185185185185,0.222527053802774,"value_alt_offset"
"362","gs1p8zvs22f3u03","perc_offset",1,2,0.820987654320988,0.296296296296296,"value_alt_offset"
"363","gs1p8zvs22f3u03","perc_offset",2,1,0.69753086419399,0.296296714446612,"value_alt_offset"
"364","gs1p8zvs22f3u03","perc_offset",2,2,0.895061728395062,0.395061310244746,"value_alt_offset"
"365","gs1p8zvs22f3u03","perc_offset",3,1,0.981481481481481,0.370065538789818,"value_alt_offset"
"366","gs1p8zvs22f3u03","perc_offset",3,2,0.746913580246913,0.395061728395062,"value_alt_offset"
"367","gstz99vr89krpfz","perc_offset",1,1,0.611111111111113,0.444444862594764,"value_alt_offset"
"368","gstz99vr89krpfz","perc_offset",1,2,0.364197530832331,0.345679012345679,"value_alt_offset"
"369","gstz99vr89krpfz","perc_offset",2,1,0.240740740740741,0.444444444444444,"value_alt_offset"
"370","gstz99vr89krpfz","perc_offset",2,2,0.463877457704618,0.469135802469136,"value_alt_offset"
"371","gstz99vr89krpfz","perc_offset",3,1,0.602880658436214,0.592592592592593,"value_alt_offset"
"372","gstz99vr89krpfz","perc_offset",3,2,0.228395061728395,0.518518518518518,"value_alt_offset"
"373","h9du65sl07e0gv9","perc_offset",1,1,0.425925925925926,0.0987767221573044,"value_alt_offset"
"374","h9du65sl07e0gv9","perc_offset",1,2,0.240740740740741,0.0850480572438845,"value_alt_offset"
"375","h9du65sl07e0gv9","perc_offset",2,1,0.0596707818930041,0.0411510089235367,"perc_offset"
"376","h9du65sl07e0gv9","perc_offset",2,2,0.277794713152383,0.246913580246914,"perc_offset"
"377","h9du65sl07e0gv9","perc_offset",3,1,0.0185203305032223,0.00625000004600729,"perc_offset"
"378","h9du65sl07e0gv9","perc_offset",3,2,0.203698058674434,0.148148148148148,"perc_offset"
"379","hd4d44n06f6cawh","perc_offset",1,1,0.265482904028857,0.222120609974588,"value_alt_offset"
"380","hd4d44n06f6cawh","perc_offset",1,2,0.425925925925926,0.222210932163683,"value_alt_offset"
"381","hd4d44n06f6cawh","perc_offset",2,1,0.42592028086479,0.444444444446805,"value_alt_offset"
"382","hd4d44n06f6cawh","perc_offset",2,2,0.335390946502058,0.411522633744856,"value_alt_offset"
"383","hd4d44n06f6cawh","perc_offset",3,1,0.660036579789666,0.715948190339515,"value_alt_offset"
"384","hd4d44n06f6cawh","perc_offset",3,2,0.376543209876543,0.715744551135497,"value_alt_offset"
"385","hd9k76vgdu5mql0","perc_offset",1,1,0.376543209876543,0.493827160493827,"value_alt_offset"
"386","hd9k76vgdu5mql0","perc_offset",1,2,0.388888888888889,-0.00826432291424661,"value_alt_offset"
"387","hd9k76vgdu5mql0","perc_offset",2,1,0.0720164609053498,0.288065843621399,"value_alt_offset"
"388","hd9k76vgdu5mql0","perc_offset",2,2,0.44238683127572,0.395061728395062,"value_alt_offset"
"389","hd9k76vgdu5mql0","perc_offset",3,1,0.187242798353909,0.320987654320988,"value_alt_offset"
"390","hd9k76vgdu5mql0","perc_offset",3,2,0.564471880147086,0.633744855967078,"value_alt_offset"
"391","hjgqzm1pq2mo1u7","perc_offset",1,1,0.0916780978509374,0,"perc_offset"
"392","hjgqzm1pq2mo1u7","perc_offset",1,2,0.0560128026397171,4.64611753514532e-08,"perc_offset"
"393","hjgqzm1pq2mo1u7","perc_offset",2,1,0.499983064912192,-0.00548696844993135,"value_alt_offset"
"394","hjgqzm1pq2mo1u7","perc_offset",2,2,0.0679012345360349,0,"value_alt_offset"
"395","hjgqzm1pq2mo1u7","perc_offset",3,1,0.0925925925925926,0.337448559670782,"value_alt_offset"
"396","hjgqzm1pq2mo1u7","perc_offset",3,2,0.635796824106533,0.246913580246914,"value_alt_offset"
"397","hkdemly7qs0y8be","perc_offset",1,1,0.598765432098765,0.320987654320988,"value_alt_offset"
"398","hkdemly7qs0y8be","perc_offset",1,2,0.211934156378601,0.315500685871056,"value_alt_offset"
"399","hkdemly7qs0y8be","perc_offset",2,1,0.397119341563786,0.60082304526749,"value_alt_offset"
"400","hkdemly7qs0y8be","perc_offset",2,2,0.191358024691358,0.576131687242798,"value_alt_offset"
"401","hkdemly7qs0y8be","perc_offset",3,1,0.874485596707819,0.691358024691358,"value_alt_offset"
"402","hkdemly7qs0y8be","perc_offset",3,2,0.907407415150932,0.592592592592593,"value_alt_offset"
"403","hm4cdxlz8t0281v","perc_offset",1,1,0.783950617283951,0.37037037037037,"value_alt_offset"
"404","hm4cdxlz8t0281v","perc_offset",1,2,0.438271604938272,0.345679012345679,"value_alt_offset"
"405","hm4cdxlz8t0281v","perc_offset",2,1,0.783950617283951,0.633744855967078,"value_alt_offset"
"406","hm4cdxlz8t0281v","perc_offset",2,2,0.783950617283951,0.37037037037037,"value_alt_offset"
"407","hm4cdxlz8t0281v","perc_offset",3,1,0.832881730995316,0.674897119342351,"value_alt_offset"
"408","hm4cdxlz8t0281v","perc_offset",3,2,0.709876543209876,0.674897119341564,"value_alt_offset"
"409","hmfoy1dyl3p0oyx","perc_offset",1,1,0.845679012345679,0.617283950617284,"value_alt_offset"
"410","hmfoy1dyl3p0oyx","perc_offset",1,2,0.685185185185185,0.666666666666667,"value_alt_offset"
"411","hmfoy1dyl3p0oyx","perc_offset",2,1,0.293781435756744,0.754458161865569,"value_alt_offset"
"412","hmfoy1dyl3p0oyx","perc_offset",2,2,0.377914951989026,0.839506172839506,"value_alt_offset"
"413","hmfoy1dyl3p0oyx","perc_offset",3,1,0.242112482853224,0.757506477671087,"value_alt_offset"
"414","hmfoy1dyl3p0oyx","perc_offset",3,2,0.405355439267953,0.731595793324188,"value_alt_offset"
"415","hvawyrkxreuq7d8","perc_offset",1,1,0.969135802182338,0.246913580246914,"value_alt_offset"
"416","hvawyrkxreuq7d8","perc_offset",1,2,0.397119341563786,0.377686328303612,"value_alt_offset"
"417","hvawyrkxreuq7d8","perc_offset",2,1,0.816872427983539,0.46822130772748,"value_alt_offset"
"418","hvawyrkxreuq7d8","perc_offset",2,2,0.759259259259259,0.460905349794151,"value_alt_offset"
"419","hvawyrkxreuq7d8","perc_offset",3,1,0.279149519890261,0.565157750342935,"value_alt_offset"
"420","hvawyrkxreuq7d8","perc_offset",3,2,0.450617283950617,0.658436198504721,"value_alt_offset"
"421","jdewbyn3agn01fj","perc_offset",1,1,0.981481481481481,0.386831275720165,"value_alt_offset"
"422","jdewbyn3agn01fj","perc_offset",1,2,0.895061728395062,0.345679012345679,"value_alt_offset"
"423","jdewbyn3agn01fj","perc_offset",2,1,0.833333333333333,0.518620127324585,"value_alt_offset"
"424","jdewbyn3agn01fj","perc_offset",2,2,0.351851849270633,0.362140057078912,"value_alt_offset"
"425","jdewbyn3agn01fj","perc_offset",3,1,0.203703703703704,0.414266117969821,"value_alt_offset"
"426","jdewbyn3agn01fj","perc_offset",3,2,0.981481481481875,0.666666666666667,"value_alt_offset"
"427","je7gumyhw5zyax5","perc_offset",1,1,0.981481481481481,0.271604938271605,"value_alt_offset"
"428","je7gumyhw5zyax5","perc_offset",1,2,0.5,0.222222222222222,"value_alt_offset"
"429","je7gumyhw5zyax5","perc_offset",2,1,0.672839506172839,0.444444444444444,"value_alt_offset"
"430","je7gumyhw5zyax5","perc_offset",2,2,0.623473725211265,0.419753086419753,"value_alt_offset"
"431","je7gumyhw5zyax5","perc_offset",3,1,0.709876543206336,0.666666666666667,"value_alt_offset"
"432","je7gumyhw5zyax5","perc_offset",3,2,0.907407407407407,0.666666666666667,"value_alt_offset"
"433","jk1c41xga9cmsrf","perc_offset",1,1,0.38888888889243,0.223136716963878,"value_alt_offset"
"434","jk1c41xga9cmsrf","perc_offset",1,2,0.537037037037037,0.197530864197531,"value_alt_offset"
"435","jk1c41xga9cmsrf","perc_offset",2,1,0.738683127572016,0.452674897119341,"value_alt_offset"
"436","jk1c41xga9cmsrf","perc_offset",2,2,0.376543209876543,0.477366255144033,"value_alt_offset"
"437","jk1c41xga9cmsrf","perc_offset",3,1,0.495884773662551,0.685871056241427,"value_alt_offset"
"438","jk1c41xga9cmsrf","perc_offset",3,2,0.836076817558299,0.691358024691358,"value_alt_offset"
"439","jvcerddevc3rwm0","perc_offset",1,1,0.5,0.271604938271605,"value_alt_offset"
"440","jvcerddevc3rwm0","perc_offset",1,2,0.944444444444444,0.000914494741655281,"value_alt_offset"
"441","jvcerddevc3rwm0","perc_offset",2,1,0.598765432098765,0.502057613168724,"value_alt_offset"
"442","jvcerddevc3rwm0","perc_offset",2,2,0.33950617283955,0.593507087334248,"value_alt_offset"
"443","jvcerddevc3rwm0","perc_offset",3,1,0.561728395061728,0.864197949014514,"value_alt_offset"
"444","jvcerddevc3rwm0","perc_offset",3,2,0.30612711476909,0.757100035563684,"perc_offset"
"445","k3j8o90rkvw7tal","perc_offset",1,1,0.425925925925926,0.345679012345708,"value_alt_offset"
"446","k3j8o90rkvw7tal","perc_offset",1,2,0.767489711934156,0.395061728395062,"value_alt_offset"
"447","k3j8o90rkvw7tal","perc_offset",2,1,0.619341563786008,0.460905349794239,"value_alt_offset"
"448","k3j8o90rkvw7tal","perc_offset",2,2,0.435528120713306,0.543209876351982,"value_alt_offset"
"449","k3j8o90rkvw7tal","perc_offset",3,1,0.870368488693947,0.543221166601749,"value_alt_offset"
"450","k3j8o90rkvw7tal","perc_offset",3,2,0.430041152263374,0.616369455875629,"value_alt_offset"
"451","k7xa918wsdj832n","perc_offset",1,1,0.318930041152263,0.312757201646091,"value_alt_offset"
"452","k7xa918wsdj832n","perc_offset",1,2,0.487648675958385,0.296297550747245,"value_alt_offset"
"453","k7xa918wsdj832n","perc_offset",2,1,0.895061728395062,0.518518518518518,"value_alt_offset"
"454","k7xa918wsdj832n","perc_offset",2,2,0.631529181978808,0.54320987654321,"value_alt_offset"
"455","k7xa918wsdj832n","perc_offset",3,1,0.820987654320988,0.617283950617284,"value_alt_offset"
"456","k7xa918wsdj832n","perc_offset",3,2,0.981481481481481,0.765398228589815,"value_alt_offset"
"457","kp5boe0z4uwwu7r","perc_offset",1,1,0.598765432098765,0.197530864197531,"value_alt_offset"
"458","kp5boe0z4uwwu7r","perc_offset",1,2,0.278235025148605,0,"value_alt_offset"
"459","kp5boe0z4uwwu7r","perc_offset",2,1,0.475461057765585,0.173144337753392,"perc_offset"
"460","kp5boe0z4uwwu7r","perc_offset",2,2,0.166666666666667,0.246913580246914,"value_alt_offset"
"461","kp5boe0z4uwwu7r","perc_offset",3,1,0.224279835390947,0.310013717421125,"value_alt_offset"
"462","kp5boe0z4uwwu7r","perc_offset",3,2,0.203703703703704,0.345679012345679,"value_alt_offset"
"463","ktwcurcgfv59jnc","perc_offset",1,1,0.137860079723352,0.54320987654321,"value_alt_offset"
"464","ktwcurcgfv59jnc","perc_offset",1,2,0.932098765432099,0.54320987654321,"value_alt_offset"
"465","ktwcurcgfv59jnc","perc_offset",2,1,0.366941851389796,0.592592592592593,"value_alt_offset"
"466","ktwcurcgfv59jnc","perc_offset",2,2,0.3559670781893,0.716963877457704,"value_alt_offset"
"467","ktwcurcgfv59jnc","perc_offset",3,1,0.339506172838326,0.64106081390032,"value_alt_offset"
"468","ktwcurcgfv59jnc","perc_offset",3,2,0.523319615912208,0.699588477366255,"value_alt_offset"
"469","kug2nygmmndpth5","perc_offset",1,1,0.890946502057612,0.567901234567901,"value_alt_offset"
"470","kug2nygmmndpth5","perc_offset",1,2,0.829065691205609,0.427678707514098,"value_alt_offset"
"471","kug2nygmmndpth5","perc_offset",2,1,0.689300411522634,0.517604023776863,"value_alt_offset"
"472","kug2nygmmndpth5","perc_offset",2,2,0.277777777777778,0.444444444444444,"value_alt_offset"
"473","kug2nygmmndpth5","perc_offset",3,1,0.202331961591221,0.502057613168724,"value_alt_offset"
"474","kug2nygmmndpth5","perc_offset",3,2,0.771604938271605,0.493827160493827,"value_alt_offset"
"475","l7kobq2fs7s15go","perc_offset",1,1,0.166666666666667,0.222323832749073,"value_alt_offset"
"476","l7kobq2fs7s15go","perc_offset",1,2,0.240740740740741,0.296296296296296,"value_alt_offset"
"477","l7kobq2fs7s15go","perc_offset",2,1,0.187242798353914,0.268861454046639,"value_alt_offset"
"478","l7kobq2fs7s15go","perc_offset",2,2,0.339506172839506,0.37037037037037,"value_alt_offset"
"479","l7kobq2fs7s15go","perc_offset",3,1,0.770233196159122,0.633744855967078,"value_alt_offset"
"480","l7kobq2fs7s15go","perc_offset",3,2,0.144718792866941,0.34567901234568,"value_alt_offset"
"481","le6z045m543xskj","perc_offset",1,1,0.054234618706498,0,"perc_offset"
"482","le6z045m543xskj","perc_offset",1,2,0.146547782350252,0.00121932632220711,"value_alt_offset"
"483","le6z045m543xskj","perc_offset",2,1,0.0582996670059957,0,"value_alt_offset"
"484","le6z045m543xskj","perc_offset",2,2,0.166615861403241,-0.00284509475181627,"value_alt_offset"
"485","le6z045m543xskj","perc_offset",3,1,0.253086419753086,0.123456790123457,"value_alt_offset"
"486","le6z045m543xskj","perc_offset",3,2,0.203703703703704,0.131687242798354,"value_alt_offset"
"487","lnhuzvcq72odm0l","perc_offset",1,1,0.413122998682361,0.296296296296296,"value_alt_offset"
"488","lnhuzvcq72odm0l","perc_offset",1,2,0.31476400955139,0.246913580246914,"value_alt_offset"
"489","lnhuzvcq72odm0l","perc_offset",2,1,0.578189300411523,0.386831275720165,"value_alt_offset"
"490","lnhuzvcq72odm0l","perc_offset",2,2,0.553497942386831,0.510288065843621,"value_alt_offset"
"491","lnhuzvcq72odm0l","perc_offset",3,1,0.0843622096094149,0.54320987654321,"value_alt_offset"
"492","lnhuzvcq72odm0l","perc_offset",3,2,0.5,0.693187014174668,"value_alt_offset"
"493","lq01y2l4zvsfb6u","perc_offset",1,1,0.660493827160494,0.48559670781893,"value_alt_offset"
"494","lq01y2l4zvsfb6u","perc_offset",1,2,0.462968607992232,0.551440329218107,"value_alt_offset"
"495","lq01y2l4zvsfb6u","perc_offset",2,1,0.858024691358025,0.567901234567901,"value_alt_offset"
"496","lq01y2l4zvsfb6u","perc_offset",2,2,0.166666666666667,0.419651475892902,"value_alt_offset"
"497","lq01y2l4zvsfb6u","perc_offset",3,1,0.969135802458513,0.419753086419753,"value_alt_offset"
"498","lq01y2l4zvsfb6u","perc_offset",3,2,0.5480109739369,0.691358024691358,"value_alt_offset"
"499","lqk83qqxe3xs6ss","perc_offset",1,1,0.524691358024691,0.370370416831517,"value_alt_offset"
"500","lqk83qqxe3xs6ss","perc_offset",1,2,0.475765881602612,0.518518518709716,"value_alt_offset"
"501","lqk83qqxe3xs6ss","perc_offset",2,1,0.12962962962963,0.469135802469136,"value_alt_offset"
"502","lqk83qqxe3xs6ss","perc_offset",2,2,0.484910836762689,0.518518518518518,"value_alt_offset"
"503","lqk83qqxe3xs6ss","perc_offset",3,1,0.726337448559671,0.518518518518518,"value_alt_offset"
"504","lqk83qqxe3xs6ss","perc_offset",3,2,0.206447187928669,0.591678097850937,"value_alt_offset"
"505","lucnd0k3f5h8ez4","perc_offset",1,1,0.611111041419392,0.222222222222222,"value_alt_offset"
"506","lucnd0k3f5h8ez4","perc_offset",1,2,0.352309122453253,0.222256092397839,"value_alt_offset"
"507","lucnd0k3f5h8ez4","perc_offset",2,1,0.450617493025775,0.444444444444445,"value_alt_offset"
"508","lucnd0k3f5h8ez4","perc_offset",2,2,0.487654320987654,0.469135802469136,"value_alt_offset"
"509","lucnd0k3f5h8ez4","perc_offset",3,1,0.421353452217648,0.666666666666579,"value_alt_offset"
"510","lucnd0k3f5h8ez4","perc_offset",3,2,0.373952141441853,0.691358024691358,"value_alt_offset"
"511","m603l2rxt7hfqax","perc_offset",1,1,0.937128486511202,0.00274348422496562,"value_alt_offset"
"512","m603l2rxt7hfqax","perc_offset",1,2,0.561728325370009,0.197226032616892,"value_alt_offset"
"513","m603l2rxt7hfqax","perc_offset",2,1,0.537037037037037,0.444444444465689,"value_alt_offset"
"514","m603l2rxt7hfqax","perc_offset",2,2,0.512345678725548,0.543209855893811,"value_alt_offset"
"515","m603l2rxt7hfqax","perc_offset",3,1,0.660493827160494,0.614540466392318,"value_alt_offset"
"516","m603l2rxt7hfqax","perc_offset",3,2,0.673144337753391,0.817253467459229,"perc_offset"
"517","m72afjrfmn9ycnm","perc_offset",1,1,0.759261140935682,-0.00823045259700161,"perc_offset"
"518","m72afjrfmn9ycnm","perc_offset",1,2,0.104430218970685,-0.00274348422496573,"perc_offset"
"519","m72afjrfmn9ycnm","perc_offset",2,1,0.203703494628546,-0.00812884214804654,"perc_offset"
"520","m72afjrfmn9ycnm","perc_offset",2,2,0.0843621399176955,0,"perc_offset"
"521","m72afjrfmn9ycnm","perc_offset",3,1,0.154320987654321,0,"perc_offset"
"522","m72afjrfmn9ycnm","perc_offset",3,2,0.240740740740741,0.123456790123457,"value_alt_offset"
"523","m8fuvpkggx3r7sw","perc_offset",1,1,0.253086419753086,0.320987654320988,"value_alt_offset"
"524","m8fuvpkggx3r7sw","perc_offset",1,2,0.277772132748508,0.370370510327404,"value_alt_offset"
"525","m8fuvpkggx3r7sw","perc_offset",2,1,0.434156378600823,0.395061728395062,"value_alt_offset"
"526","m8fuvpkggx3r7sw","perc_offset",2,2,0.401234567901235,0.44749277573701,"value_alt_offset"
"527","m8fuvpkggx3r7sw","perc_offset",3,1,0.236625514403292,0.392318244170096,"value_alt_offset"
"528","m8fuvpkggx3r7sw","perc_offset",3,2,0.351851851853032,0.518416907991668,"value_alt_offset"
"529","mdtwfshb8x8v70p","perc_offset",1,1,0.388888888888889,0.148148194609295,"value_alt_offset"
"530","mdtwfshb8x8v70p","perc_offset",1,2,0.759259259259259,0.320987654320988,"value_alt_offset"
"531","mdtwfshb8x8v70p","perc_offset",2,1,0.550754458161866,0.359396433463426,"value_alt_offset"
"532","mdtwfshb8x8v70p","perc_offset",2,2,0.228395061728395,0.444444444444444,"value_alt_offset"
"533","mdtwfshb8x8v70p","perc_offset",3,1,0.512345679012346,0.532235939643347,"value_alt_offset"
"534","mdtwfshb8x8v70p","perc_offset",3,2,0.487654320987654,0.493827160500908,"value_alt_offset"
"535","mghqo7uxufw84xb","perc_offset",1,1,0.104938271604938,0.000304413430235684,"perc_offset"
"536","mghqo7uxufw84xb","perc_offset",1,2,0.19090077732053,0,"perc_offset"
"537","mghqo7uxufw84xb","perc_offset",2,1,0.104938271604933,7.86926079854311e-13,"value_alt_offset"
"538","mghqo7uxufw84xb","perc_offset",2,2,0.0555555555555556,-5.73594394204235e-10,"value_alt_offset"
"539","mghqo7uxufw84xb","perc_offset",3,1,0.168038407918758,0.222222222222222,"value_alt_offset"
"540","mghqo7uxufw84xb","perc_offset",3,2,0.117283950617284,0.148148148148148,"value_alt_offset"
"541","mmjryby874fs60o","perc_offset",1,1,0.401082152110959,0.320987654318627,"value_alt_offset"
"542","mmjryby874fs60o","perc_offset",1,2,0.611111111111111,0.345679012345679,"value_alt_offset"
"543","mmjryby874fs60o","perc_offset",2,1,0.722222222222222,0.436178867143244,"value_alt_offset"
"544","mmjryby874fs60o","perc_offset",2,2,0.569958847736626,0.502057613168724,"value_alt_offset"
"545","mmjryby874fs60o","perc_offset",3,1,0.989711934156379,0.674897119341564,"value_alt_offset"
"546","mmjryby874fs60o","perc_offset",3,2,0.796296296296296,0.658436213991769,"value_alt_offset"
"547","n56opcxqwcyuk97","perc_offset",1,1,0.203703703703704,0.074074074074074,"value_alt_offset"
"548","n56opcxqwcyuk97","perc_offset",1,2,0.277777893070252,0,"value_alt_offset"
"549","n56opcxqwcyuk97","perc_offset",2,1,0.388888888888889,0.224965706447188,"value_alt_offset"
"550","n56opcxqwcyuk97","perc_offset",2,2,0.33935375704923,-0.00823045267489708,"value_alt_offset"
"551","n56opcxqwcyuk97","perc_offset",3,1,0.388888888887709,0.172534674592288,"value_alt_offset"
"552","n56opcxqwcyuk97","perc_offset",3,2,0.138317329675354,0.196616368882281,"value_alt_offset"
"553","np2r7s44c0nxgg5","perc_offset",1,1,0.903292181069959,-0.000914494741655281,"value_alt_offset"
"554","np2r7s44c0nxgg5","perc_offset",1,2,0.462962962962963,0.17283950617284,"value_alt_offset"
"555","np2r7s44c0nxgg5","perc_offset",2,1,0.438271604938272,0.320987654320988,"value_alt_offset"
"556","np2r7s44c0nxgg5","perc_offset",2,2,0.347279378143576,0.559670781893004,"value_alt_offset"
"557","np2r7s44c0nxgg5","perc_offset",3,1,0.462962962962963,0.37037037037037,"perc_offset"
"558","np2r7s44c0nxgg5","perc_offset",3,2,0.290123456790125,0.37037037037037,"value_alt_offset"
"559","nrv57g0kvh6lz31","perc_offset",1,1,0.5,0.148148148084425,"value_alt_offset"
"560","nrv57g0kvh6lz31","perc_offset",1,2,0.310648783213941,0.17283950617284,"value_alt_offset"
"561","nrv57g0kvh6lz31","perc_offset",2,1,0.833333330752158,0.518518518518518,"value_alt_offset"
"562","nrv57g0kvh6lz31","perc_offset",2,2,0.462962962962963,0.477366255144033,"value_alt_offset"
"563","nrv57g0kvh6lz31","perc_offset",3,1,0.154320987654321,0.279831627593656,"value_alt_offset"
"564","nrv57g0kvh6lz31","perc_offset",3,2,0.751079611847787,0.74074074074074,"value_alt_offset"
"565","nvk3jd25saegh24","perc_offset",1,1,0.0432098765467506,-7.0814465402691e-12,"perc_offset"
"566","nvk3jd25saegh24","perc_offset",1,2,0.117282068940861,0.000914541202801544,"perc_offset"
"567","nvk3jd25saegh24","perc_offset",2,1,0.0185185185185185,0,"perc_offset"
"568","nvk3jd25saegh24","perc_offset",2,2,0.0349794238687062,0.00274348422417869,"perc_offset"
"569","nvk3jd25saegh24","perc_offset",3,1,0.00617283950617287,0.000321557593201849,"perc_offset"
"570","nvk3jd25saegh24","perc_offset",3,2,0.0184677132550495,0.000812885935578267,"value_alt_offset"
"571","oemn8dnelyez9dr","perc_offset",1,1,0.146090534979424,0.21399177012092,"value_alt_offset"
"572","oemn8dnelyez9dr","perc_offset",1,2,0.216049382716049,0.567901234567901,"value_alt_offset"
"573","oemn8dnelyez9dr","perc_offset",2,1,0.286008230452675,0.370359080311831,"value_alt_offset"
"574","oemn8dnelyez9dr","perc_offset",2,2,0.302926383173298,0.592592592592593,"value_alt_offset"
"575","oemn8dnelyez9dr","perc_offset",3,1,0.685185185185185,0.540466381993545,"value_alt_offset"
"576","oemn8dnelyez9dr","perc_offset",3,2,0.302469135802469,0.469135802469136,"perc_offset"
"577","oeu4jokoabrwtua","perc_offset",1,1,0.722222222222222,0.222222217059873,"value_alt_offset"
"578","oeu4jokoabrwtua","perc_offset",1,2,0.438271604938272,0.246913580246914,"value_alt_offset"
"579","oeu4jokoabrwtua","perc_offset",2,1,0.944444444444444,0.222222227384572,"value_alt_offset"
"580","oeu4jokoabrwtua","perc_offset",2,2,0.722222222222222,0.443529949702789,"value_alt_offset"
"581","oeu4jokoabrwtua","perc_offset",3,1,0.734567901234568,0.345679012345679,"value_alt_offset"
"582","oeu4jokoabrwtua","perc_offset",3,2,0.487654320987656,0.567901234567901,"value_alt_offset"
"583","p0ptwsbjrbx9q9b","perc_offset",1,1,0.147919524462734,-0.00182898948331045,"value_alt_offset"
"584","p0ptwsbjrbx9q9b","perc_offset",1,2,0.12962962962963,-0.00101610526850582,"value_alt_offset"
"585","p0ptwsbjrbx9q9b","perc_offset",2,1,0.253086419753086,0.222527048640424,"value_alt_offset"
"586","p0ptwsbjrbx9q9b","perc_offset",2,2,0.280521262002743,0.271604984732751,"value_alt_offset"
"587","p0ptwsbjrbx9q9b","perc_offset",3,1,0.294238683127572,0.222222222222222,"value_alt_offset"
"588","p0ptwsbjrbx9q9b","perc_offset",3,2,0.0555555555555556,0.394147233653406,"value_alt_offset"
"589","p2sp49zl9919q87","perc_offset",1,1,0.623456790123457,0.320987654320988,"value_alt_offset"
"590","p2sp49zl9919q87","perc_offset",1,2,0.450617283950617,0.296296296296297,"value_alt_offset"
"591","p2sp49zl9919q87","perc_offset",2,1,0.981481481481481,0.518518518518518,"value_alt_offset"
"592","p2sp49zl9919q87","perc_offset",2,2,0.722222222190356,0.37037037037037,"value_alt_offset"
"593","p2sp49zl9919q87","perc_offset",3,1,0.635802469135802,0.60082304526749,"value_alt_offset"
"594","p2sp49zl9919q87","perc_offset",3,2,0.722222222222222,0.617283950617284,"value_alt_offset"
"595","p2v49387cgj37sn","perc_offset",1,1,0.290123456790123,0.246913580246914,"value_alt_offset"
"596","p2v49387cgj37sn","perc_offset",1,2,0.393004115226337,0.224965706447188,"value_alt_offset"
"597","p2v49387cgj37sn","perc_offset",2,1,0.944444444444444,0.444444445018039,"value_alt_offset"
"598","p2v49387cgj37sn","perc_offset",2,2,0.464334705075446,0.496570644718792,"value_alt_offset"
"599","p2v49387cgj37sn","perc_offset",3,1,0.890946502057613,0.743484224965706,"value_alt_offset"
"600","p2v49387cgj37sn","perc_offset",3,2,0.771604938271605,0.732510288065843,"value_alt_offset"
"601","pjp6ertnjw1vb6j","perc_offset",1,1,0.412208528031671,0.271604938271605,"value_alt_offset"
"602","pjp6ertnjw1vb6j","perc_offset",1,2,0.327160493827161,0.222222222222222,"value_alt_offset"
"603","pjp6ertnjw1vb6j","perc_offset",2,1,0.808641975308642,0.493827160493827,"value_alt_offset"
"604","pjp6ertnjw1vb6j","perc_offset",2,2,0.450617283950617,0.518518100368202,"value_alt_offset"
"605","pjp6ertnjw1vb6j","perc_offset",3,1,0.952674897119342,0.666666666666667,"value_alt_offset"
"606","pjp6ertnjw1vb6j","perc_offset",3,2,0.956792005133213,0.674897119341564,"value_alt_offset"
"607","pojfe0tpsdoned2","perc_offset",1,1,0.89917695473251,0.296296296296296,"value_alt_offset"
"608","pojfe0tpsdoned2","perc_offset",1,2,0.72267946959305,0.320987654320988,"value_alt_offset"
"609","pojfe0tpsdoned2","perc_offset",2,1,0.862139917695473,0.42798353909465,"value_alt_offset"
"610","pojfe0tpsdoned2","perc_offset",2,2,0.635802469135802,0.436213991769547,"value_alt_offset"
"611","pojfe0tpsdoned2","perc_offset",3,1,0.944393639181019,0.666666666666667,"value_alt_offset"
"612","pojfe0tpsdoned2","perc_offset",3,2,0.837448562251957,0.641975308641975,"value_alt_offset"
"613","pv8gfb6dwc0u8md","perc_offset",1,1,0.339506172839506,0.246913580246914,"value_alt_offset"
"614","pv8gfb6dwc0u8md","perc_offset",1,2,0.166664784990244,0.246913162096598,"value_alt_offset"
"615","pv8gfb6dwc0u8md","perc_offset",2,1,0.751028806584362,0.460905349794239,"value_alt_offset"
"616","pv8gfb6dwc0u8md","perc_offset",2,2,0.611109229434688,0.45258457665103,"value_alt_offset"
"617","pv8gfb6dwc0u8md","perc_offset",3,1,0.858024691358025,0.658436213991769,"value_alt_offset"
"618","pv8gfb6dwc0u8md","perc_offset",3,2,0.512345701382527,0.633744855967078,"value_alt_offset"
"619","q4o2n439h3o4hux","perc_offset",1,1,0.549382716049383,0.320987654387081,"value_alt_offset"
"620","q4o2n439h3o4hux","perc_offset",1,2,0.993827160493827,0.345679012345679,"value_alt_offset"
"621","q4o2n439h3o4hux","perc_offset",2,1,0.611111111111111,0.469135802469136,"value_alt_offset"
"622","q4o2n439h3o4hux","perc_offset",2,2,0.969135802469136,0.469135802469136,"value_alt_offset"
"623","q4o2n439h3o4hux","perc_offset",3,1,0.709876543209789,0.545953360768175,"value_alt_offset"
"624","q4o2n439h3o4hux","perc_offset",3,2,0.833333333333333,0.54320987654321,"value_alt_offset"
"625","qeaducsgetncgeb","perc_offset",1,1,0.0555555555555556,0,"perc_offset"
"626","qeaducsgetncgeb","perc_offset",1,2,0.0555554858638362,-0.00274348422496573,"perc_offset"
"627","qeaducsgetncgeb","perc_offset",2,1,0.0184677132546998,-0.00281122457619931,"perc_offset"
"628","qeaducsgetncgeb","perc_offset",2,2,0.0185693005513707,0.000812884214804743,"perc_offset"
"629","qeaducsgetncgeb","perc_offset",3,1,0.146090534979424,-9.65894031423886e-15,"perc_offset"
"630","qeaducsgetncgeb","perc_offset",3,2,0.0185693237819438,0.000304826418202175,"perc_offset"
"631","qreecv8wv03uqw8","perc_offset",1,1,0.845679012345679,0.296296296296296,"value_alt_offset"
"632","qreecv8wv03uqw8","perc_offset",1,2,0.57407407407406,0.246913595733963,"value_alt_offset"
"633","qreecv8wv03uqw8","perc_offset",2,1,0.759259259259259,0.444444444444444,"value_alt_offset"
"634","qreecv8wv03uqw8","perc_offset",2,2,0.689300411522629,0.445358939186099,"value_alt_offset"
"635","qreecv8wv03uqw8","perc_offset",3,1,0.0843621399180889,0.625514403292181,"value_alt_offset"
"636","qreecv8wv03uqw8","perc_offset",3,2,0.919753086419753,0.666666666666667,"value_alt_offset"
"637","qw7q50m2o58ugvl","perc_offset",1,1,0.170781893004115,7.0814465402691e-12,"value_alt_offset"
"638","qw7q50m2o58ugvl","perc_offset",1,2,0.388939485077156,0,"value_alt_offset"
"639","qw7q50m2o58ugvl","perc_offset",2,1,0.310699588477366,0.17283950617284,"value_alt_offset"
"640","qw7q50m2o58ugvl","perc_offset",2,2,0.368312757201646,0.255177903097428,"value_alt_offset"
"641","qw7q50m2o58ugvl","perc_offset",3,1,0.240740740740741,0.222222222031024,"value_alt_offset"
"642","qw7q50m2o58ugvl","perc_offset",3,2,0.170832698267541,0.370065538789818,"value_alt_offset"
"643","r018cukle69r1bf","perc_offset",1,1,0.553497942386831,0.296308840805784,"value_alt_offset"
"644","r018cukle69r1bf","perc_offset",1,2,0.393004115226337,0.227709190672154,"value_alt_offset"
"645","r018cukle69r1bf","perc_offset",2,1,0.582304526748971,0.515775034293553,"value_alt_offset"
"646","r018cukle69r1bf","perc_offset",2,2,0.438269723261848,0.296296296296296,"value_alt_offset"
"647","r018cukle69r1bf","perc_offset",3,1,0.178859929601939,0.493827160493827,"value_alt_offset"
"648","r018cukle69r1bf","perc_offset",3,2,0.446502057613169,0.295381801554641,"value_alt_offset"
"649","re53t0m5rdemzxb","perc_offset",1,1,0.277777777777778,0.213957945832855,"value_alt_offset"
"650","re53t0m5rdemzxb","perc_offset",1,2,0.104938271604938,0.329218060534739,"value_alt_offset"
"651","re53t0m5rdemzxb","perc_offset",2,1,0.117283950617284,0.271604938271605,"value_alt_offset"
"652","re53t0m5rdemzxb","perc_offset",2,2,0.0924401768023167,0.37026875984352,"value_alt_offset"
"653","re53t0m5rdemzxb","perc_offset",3,1,0.158436213991755,0.11522633744856,"value_alt_offset"
"654","re53t0m5rdemzxb","perc_offset",3,2,0.203652898440278,0.54331148707006,"value_alt_offset"
"655","regcubm60dchcxr","perc_offset",1,1,0.0679012345679013,0.000914494741655281,"perc_offset"
"656","regcubm60dchcxr","perc_offset",1,2,0.0555612005848251,3.34520253009174e-06,"value_alt_offset"
"657","regcubm60dchcxr","perc_offset",2,1,0.0719995955080805,1.12900585487186e-05,"value_alt_offset"
"658","regcubm60dchcxr","perc_offset",2,2,0.104938271604938,0.11522633744856,"value_alt_offset"
"659","regcubm60dchcxr","perc_offset",3,1,0.290123456790123,-1.12900585389486e-05,"value_alt_offset"
"660","regcubm60dchcxr","perc_offset",3,2,0.0560128029263832,0,"perc_offset"
"661","rf8fvjnsk6r07uc","perc_offset",1,1,0.578189300411523,0.320987654320988,"value_alt_offset"
"662","rf8fvjnsk6r07uc","perc_offset",1,2,0.464334705076626,0.370336500194753,"value_alt_offset"
"663","rf8fvjnsk6r07uc","perc_offset",2,1,0.785322359396433,0.56241426611797,"value_alt_offset"
"664","rf8fvjnsk6r07uc","perc_offset",2,2,0.314814814814815,0.480109739368998,"value_alt_offset"
"665","rf8fvjnsk6r07uc","perc_offset",3,1,0.340877914951989,0.641975308641975,"value_alt_offset"
"666","rf8fvjnsk6r07uc","perc_offset",3,2,0.27091718553894,0.617283950617284,"value_alt_offset"
"667","rn0an20lmaomk57","perc_offset",1,1,0.314814814814815,0.345679012345679,"value_alt_offset"
"668","rn0an20lmaomk57","perc_offset",1,2,0.475308641975309,0.222222222222222,"value_alt_offset"
"669","rn0an20lmaomk57","perc_offset",2,1,0.439643347050754,0.592592592592593,"value_alt_offset"
"670","rn0an20lmaomk57","perc_offset",2,2,0.295610425240055,0.444444444444444,"value_alt_offset"
"671","rn0an20lmaomk57","perc_offset",3,1,0.709876543209876,0.641975308641975,"value_alt_offset"
"672","rn0an20lmaomk57","perc_offset",3,2,0.447873799757518,0.81481479754325,"perc_offset"
"673","rxol1dxl6nen4em","perc_offset",1,1,0.203246456332745,1.12900585389486e-05,"value_alt_offset"
"674","rxol1dxl6nen4em","perc_offset",1,2,0.5,0.148148148148148,"perc_offset"
"675","rxol1dxl6nen4em","perc_offset",2,1,0.462962962962963,0.222222222222222,"value_alt_offset"
"676","rxol1dxl6nen4em","perc_offset",2,2,0.277777777777778,0.345679012345679,"value_alt_offset"
"677","rxol1dxl6nen4em","perc_offset",3,1,0.216049382716049,0.411522633744856,"value_alt_offset"
"678","rxol1dxl6nen4em","perc_offset",3,2,0.410836762688615,0.526748971193415,"value_alt_offset"
"679","ryf84f70g5thl4l","perc_offset",1,1,0.0429897204017003,0.000101610526850537,"perc_offset"
"680","ryf84f70g5thl4l","perc_offset",1,2,0.462962962962963,-0.000303717086636124,"value_alt_offset"
"681","ryf84f70g5thl4l","perc_offset",2,1,0.314814814814815,0.148148148148148,"value_alt_offset"
"682","ryf84f70g5thl4l","perc_offset",2,2,0.524691358024691,0.224965706447188,"value_alt_offset"
"683","ryf84f70g5thl4l","perc_offset",3,1,0.12962962962963,0.241426611796982,"value_alt_offset"
"684","ryf84f70g5thl4l","perc_offset",3,2,0.12962962962963,0.370371624821319,"value_alt_offset"
"685","s79rv87vd0ov68q","perc_offset",1,1,0.462964844639255,0.000101610526850537,"perc_offset"
"686","s79rv87vd0ov68q","perc_offset",1,2,0.0432098765432099,-3.76335284668627e-06,"perc_offset"
"687","s79rv87vd0ov68q","perc_offset",2,1,0.0555555555555556,9.03204683115888e-05,"perc_offset"
"688","s79rv87vd0ov68q","perc_offset",2,2,0.783951244509425,-0.0411510089235368,"value_alt_offset"
"689","s79rv87vd0ov68q","perc_offset",3,1,0.129629629626089,0.0743789056546258,"value_alt_offset"
"690","s79rv87vd0ov68q","perc_offset",3,2,0.0930442646258701,0.0722450845907636,"value_alt_offset"
"691","s7enbyv4of56b3e","perc_offset",1,1,0.0185128037975297,-0.000150534113852685,"perc_offset"
"692","s7enbyv4of56b3e","perc_offset",1,2,0.141822892851568,1.3938343879083e-07,"perc_offset"
"693","s7enbyv4of56b3e","perc_offset",2,1,0.500000209075158,0,"value_alt_offset"
"694","s7enbyv4of56b3e","perc_offset",2,2,0.113168747510409,0,"perc_offset"
"695","s7enbyv4of56b3e","perc_offset",3,1,0.0596707818930041,0.00240478246879694,"value_alt_offset"
"696","s7enbyv4of56b3e","perc_offset",3,2,0.152491998171011,0,"perc_offset"
"697","sh3z56uk3q0ddzd","perc_offset",1,1,0.162094192958391,0,"perc_offset"
"698","sh3z56uk3q0ddzd","perc_offset",1,2,0.425925925925926,0.074074074074074,"perc_offset"
"699","sh3z56uk3q0ddzd","perc_offset",2,1,0.327160493827161,0.246913580246914,"value_alt_offset"
"700","sh3z56uk3q0ddzd","perc_offset",2,2,0.388888888888889,0.271604938271605,"value_alt_offset"
"701","sh3z56uk3q0ddzd","perc_offset",3,1,0.845679012345679,0.37037037037037,"value_alt_offset"
"702","sh3z56uk3q0ddzd","perc_offset",3,2,0.895061728395062,0.716049382716049,"value_alt_offset"
"703","ssbsk72ruz2tdg1","perc_offset",1,1,0.0816186556927298,0.043895747599451,"perc_offset"
"704","ssbsk72ruz2tdg1","perc_offset",1,2,0.051440329218107,0.0164609053497944,"perc_offset"
"705","ssbsk72ruz2tdg1","perc_offset",2,1,0.166209419294659,0.222220967771274,"value_alt_offset"
"706","ssbsk72ruz2tdg1","perc_offset",2,2,0.0555555555555556,0.149028772714187,"value_alt_offset"
"707","ssbsk72ruz2tdg1","perc_offset",3,1,0.0183661027282427,-0.000369089066599715,"perc_offset"
"708","ssbsk72ruz2tdg1","perc_offset",3,2,0.166649731578858,0.222222222222222,"value_alt_offset"
"709","swmufx7egboodpe","perc_offset",1,1,0.25308641975313,0.222222222222222,"value_alt_offset"
"710","swmufx7egboodpe","perc_offset",1,2,0.535224982641535,0.296296296296296,"value_alt_offset"
"711","swmufx7egboodpe","perc_offset",2,1,0.646776398292141,0.521262002743484,"value_alt_offset"
"712","swmufx7egboodpe","perc_offset",2,2,0.41358024691358,0.518518518518518,"value_alt_offset"
"713","swmufx7egboodpe","perc_offset",3,1,0.388889516114363,0.765432098765432,"perc_offset"
"714","swmufx7egboodpe","perc_offset",3,2,0.450617283950617,0.749276024996189,"perc_offset"
"715","t53tjn7r8ydtmtq","perc_offset",1,1,0.95679012345679,0.00243865264441379,"value_alt_offset"
"716","t53tjn7r8ydtmtq","perc_offset",1,2,0.866712391403749,0.0073159579332418,"value_alt_offset"
"717","t53tjn7r8ydtmtq","perc_offset",2,1,0.12962962962963,1.39404683130451e-07,"value_alt_offset"
"718","t53tjn7r8ydtmtq","perc_offset",2,2,0.401234567901235,0.378600823045267,"perc_offset"
"719","t53tjn7r8ydtmtq","perc_offset",3,1,0.0884773662551441,0.181069958847737,"value_alt_offset"
"720","t53tjn7r8ydtmtq","perc_offset",3,2,0.166666666666667,0.559670781893004,"value_alt_offset"
"721","tk2emgkdo0xmkfn","perc_offset",1,1,0.232510288065844,0.395061728395062,"value_alt_offset"
"722","tk2emgkdo0xmkfn","perc_offset",1,2,0.462962962962963,0.395061728395062,"value_alt_offset"
"723","tk2emgkdo0xmkfn","perc_offset",2,1,0.202331961591221,0.592592592592589,"value_alt_offset"
"724","tk2emgkdo0xmkfn","perc_offset",2,2,0.491769547325103,0.545648529187623,"value_alt_offset"
"725","tk2emgkdo0xmkfn","perc_offset",3,1,0.278235025145065,0.803840877914952,"value_alt_offset"
"726","tk2emgkdo0xmkfn","perc_offset",3,2,0.154320987654321,0.691358024691358,"value_alt_offset"
"727","u22e26jm4cy25av","perc_offset",1,1,0.314814814811274,0.1481468936972,"value_alt_offset"
"728","u22e26jm4cy25av","perc_offset",1,2,0.829218106710268,3.38701756168458e-05,"value_alt_offset"
"729","u22e26jm4cy25av","perc_offset",2,1,0.327160493827161,0.296296342757443,"value_alt_offset"
"730","u22e26jm4cy25av","perc_offset",2,2,0.141975308641975,0.395061728395062,"value_alt_offset"
"731","u22e26jm4cy25av","perc_offset",3,1,0.585048010973937,0.64106081390032,"value_alt_offset"
"732","u22e26jm4cy25av","perc_offset",3,2,0.561728395061728,0.666666666666667,"value_alt_offset"
"733","u556z6wn629kwu5","perc_offset",1,1,0.0926433978564113,0,"value_alt_offset"
"734","u556z6wn629kwu5","perc_offset",1,2,0.154320987654321,0.156378600823045,"perc_offset"
"735","u556z6wn629kwu5","perc_offset",2,1,0.12962962962963,0.197530864197531,"value_alt_offset"
"736","u556z6wn629kwu5","perc_offset",2,2,0.228395061728395,0.139917695475612,"value_alt_offset"
"737","u556z6wn629kwu5","perc_offset",3,1,0.0555555555555556,0.123456784961107,"value_alt_offset"
"738","u556z6wn629kwu5","perc_offset",3,2,0.16666854834309,0.246913162096594,"value_alt_offset"
"739","u5kwzdtotz39jwp","perc_offset",1,1,0.0674439871970736,0.000914494741655281,"perc_offset"
"740","u5kwzdtotz39jwp","perc_offset",1,2,0.199588478227827,3.38718964001394e-05,"value_alt_offset"
"741","u5kwzdtotz39jwp","perc_offset",2,1,0.286008230452675,0.222222222477153,"value_alt_offset"
"742","u5kwzdtotz39jwp","perc_offset",2,2,0.397119341563786,0.222222222222222,"value_alt_offset"
"743","u5kwzdtotz39jwp","perc_offset",3,1,0.224279835390947,0.282578875171468,"value_alt_offset"
"744","u5kwzdtotz39jwp","perc_offset",3,2,0.343621399176955,0.197530864197531,"value_alt_offset"
"745","uaf4fed1xj02ps4","perc_offset",1,1,0.701646090534979,0.320987654320988,"value_alt_offset"
"746","uaf4fed1xj02ps4","perc_offset",1,2,0.594650205761317,0.246913580246914,"value_alt_offset"
"747","uaf4fed1xj02ps4","perc_offset",2,1,0.911522633744856,0.460905349794239,"value_alt_offset"
"748","uaf4fed1xj02ps4","perc_offset",2,2,0.932098765432099,0.37037037037037,"value_alt_offset"
"749","uaf4fed1xj02ps4","perc_offset",3,1,0.969135802469136,0.469135802469136,"value_alt_offset"
"750","uaf4fed1xj02ps4","perc_offset",3,2,0.665980795609245,0.592592592592593,"value_alt_offset"
"751","ug2w7q3f6pgxf6e","perc_offset",1,1,0.932098765432099,0.411522633744856,"value_alt_offset"
"752","ug2w7q3f6pgxf6e","perc_offset",1,2,0.87037037037037,0.074074074074074,"value_alt_offset"
"753","ug2w7q3f6pgxf6e","perc_offset",2,1,0.796296296296296,0.469135802469223,"value_alt_offset"
"754","ug2w7q3f6pgxf6e","perc_offset",2,2,0.537037037037037,0.403292181069959,"value_alt_offset"
"755","ug2w7q3f6pgxf6e","perc_offset",3,1,0.500000000095599,0.469135802469136,"value_alt_offset"
"756","ug2w7q3f6pgxf6e","perc_offset",3,2,0.895010923131636,0.592593847043541,"value_alt_offset"
"757","unp160hltucmgwb","perc_offset",1,1,0.943225118122238,0.00820034585212648,"value_alt_offset"
"758","unp160hltucmgwb","perc_offset",1,2,0.327160493827161,0.249657064471879,"value_alt_offset"
"759","unp160hltucmgwb","perc_offset",2,1,0.648148148148148,0.296296296296296,"value_alt_offset"
"760","unp160hltucmgwb","perc_offset",2,2,0.364203175893467,0.469135663085697,"value_alt_offset"
"761","unp160hltucmgwb","perc_offset",3,1,0.759259259259259,0.790428148987236,"value_alt_offset"
"762","unp160hltucmgwb","perc_offset",3,2,0.206447187928669,0.474622770919067,"value_alt_offset"
"763","v2rgepeoz23lhyb","perc_offset",1,1,0.849794238683128,0.395061728395062,"value_alt_offset"
"764","v2rgepeoz23lhyb","perc_offset",1,2,0.868992983228618,0.32098760805104,"value_alt_offset"
"765","v2rgepeoz23lhyb","perc_offset",2,1,0.672839506172839,0.477366255144023,"value_alt_offset"
"766","v2rgepeoz23lhyb","perc_offset",2,2,0.255812971471418,0.592592639053739,"value_alt_offset"
"767","v2rgepeoz23lhyb","perc_offset",3,1,0.635802469135802,0.493827160493827,"value_alt_offset"
"768","v2rgepeoz23lhyb","perc_offset",3,2,0.561728395061728,0.559670781893004,"value_alt_offset"
"769","vnoz56ecccya7hk","perc_offset",1,1,0.318930041152263,0.219478737997257,"value_alt_offset"
"770","vnoz56ecccya7hk","perc_offset",1,2,0.183178377279886,0,"value_alt_offset"
"771","vnoz56ecccya7hk","perc_offset",2,1,0.314814813954423,0.197530862476738,"value_alt_offset"
"772","vnoz56ecccya7hk","perc_offset",2,2,0.393004115226337,0.238683127572017,"value_alt_offset"
"773","vnoz56ecccya7hk","perc_offset",3,1,0.0843621399176955,0.213991769547325,"value_alt_offset"
"774","vnoz56ecccya7hk","perc_offset",3,2,0.21604938271605,-0.00274348422496573,"value_alt_offset"
"775","wey1upork0e0epr","perc_offset",1,1,0.0171465647497028,-0.00158157584920315,"perc_offset"
"776","wey1upork0e0epr","perc_offset",1,2,0.0172145167572694,0.00277735440058247,"perc_offset"
"777","wey1upork0e0epr","perc_offset",2,1,0.0180782062354994,-0.000541922809869866,"perc_offset"
"778","wey1upork0e0epr","perc_offset",2,2,0.006166567251429,-0.00862560472376039,"perc_offset"
"779","wey1upork0e0epr","perc_offset",3,1,0.0679012353220571,-1.92023730249957e-10,"perc_offset"
"780","wey1upork0e0epr","perc_offset",3,2,0.166514250876391,-0.00365797896662101,"perc_offset"
"781","wf4mq2s0e98ce4z","perc_offset",1,1,0.388888888984488,0.230452680059469,"value_alt_offset"
"782","wf4mq2s0e98ce4z","perc_offset",1,2,0.549382716049383,0.22223352776781,"value_alt_offset"
"783","wf4mq2s0e98ce4z","perc_offset",2,1,0.64813121306034,0.493827160493827,"value_alt_offset"
"784","wf4mq2s0e98ce4z","perc_offset",2,2,0.425925925925926,0.445358939186099,"value_alt_offset"
"785","wf4mq2s0e98ce4z","perc_offset",3,1,0.55761316872428,0.705075445816187,"value_alt_offset"
"786","wf4mq2s0e98ce4z","perc_offset",3,2,0.87037037037037,0.447187929243004,"value_alt_offset"
"787","ws44qtt9xen2xsl","perc_offset",1,1,0.167123914897886,0.00457247370827618,"value_alt_offset"
"788","ws44qtt9xen2xsl","perc_offset",1,2,0.150205761316916,0.00274348422496562,"value_alt_offset"
"789","ws44qtt9xen2xsl","perc_offset",2,1,0.277777777777778,0,"value_alt_offset"
"790","ws44qtt9xen2xsl","perc_offset",2,2,0.203703703702523,0.00274348422496562,"value_alt_offset"
"791","ws44qtt9xen2xsl","perc_offset",3,1,0.276406035665295,0.222222222222222,"value_alt_offset"
"792","ws44qtt9xen2xsl","perc_offset",3,2,0.143347050754458,0.296285006237757,"value_alt_offset"
"793","wwv18727elhq22u","perc_offset",1,1,0.685185185185185,0.246913580246826,"value_alt_offset"
"794","wwv18727elhq22u","perc_offset",1,2,0.416323731138546,0.249657064471879,"value_alt_offset"
"795","wwv18727elhq22u","perc_offset",2,1,0.397119341563786,0.469139565821982,"value_alt_offset"
"796","wwv18727elhq22u","perc_offset",2,2,0.627572016460905,0.469135802469137,"value_alt_offset"
"797","wwv18727elhq22u","perc_offset",3,1,0.241655235482396,0.737997256515775,"perc_offset"
"798","wwv18727elhq22u","perc_offset",3,2,0.203703703703704,0.74074074074074,"perc_offset"
"799","x0nfe7hwu2yt5az","perc_offset",1,1,0.0555047502921303,0.00396281054795966,"perc_offset"
"800","x0nfe7hwu2yt5az","perc_offset",1,2,0.0180612014559716,-0.00120050955797546,"perc_offset"
"801","x0nfe7hwu2yt5az","perc_offset",2,1,0.059212884066129,0.000552743096869701,"perc_offset"
"802","x0nfe7hwu2yt5az","perc_offset",2,2,0.0829903978052126,5.16234965886042e-09,"perc_offset"
"803","x0nfe7hwu2yt5az","perc_offset",3,1,0.018670864617075,-0.000206896710337245,"perc_offset"
"804","x0nfe7hwu2yt5az","perc_offset",3,2,0.187242798353909,0.0576131687242796,"value_alt_offset"
"805","x0ztn8ulz4wsjnf","perc_offset",1,1,0.834705075445816,0.271604938271605,"value_alt_offset"
"806","x0ztn8ulz4wsjnf","perc_offset",1,2,0.462962962962963,0.296296296296296,"value_alt_offset"
"807","x0ztn8ulz4wsjnf","perc_offset",2,1,0.316186556928478,0.518518516797735,"value_alt_offset"
"808","x0ztn8ulz4wsjnf","perc_offset",2,2,0.473936899862826,0.58161865569273,"value_alt_offset"
"809","x0ztn8ulz4wsjnf","perc_offset",3,1,0.944444444444444,0.814814814814815,"value_alt_offset"
"810","x0ztn8ulz4wsjnf","perc_offset",3,2,0.685185185185185,0.757201646090535,"value_alt_offset"
"811","x31a150jh7x0sc3","perc_offset",1,1,0.833333333333333,0.223136716963878,"value_alt_offset"
"812","x31a150jh7x0sc3","perc_offset",1,2,0.216049382716049,0.222222222222222,"value_alt_offset"
"813","x31a150jh7x0sc3","perc_offset",2,1,0.0925925925925926,0.246913580246914,"value_alt_offset"
"814","x31a150jh7x0sc3","perc_offset",2,2,0.199588477366255,0.246608748666362,"value_alt_offset"
"815","x31a150jh7x0sc3","perc_offset",3,1,0.141975308641975,0.419753086419753,"value_alt_offset"
"816","x31a150jh7x0sc3","perc_offset",3,2,0.598765432098765,0.271604938271605,"value_alt_offset"
"817","x6cu75oy88jq32r","perc_offset",1,1,0.83455265965554,0.595337331268507,"value_alt_offset"
"818","x6cu75oy88jq32r","perc_offset",1,2,0.401234567901235,0.301783264746228,"value_alt_offset"
"819","x6cu75oy88jq32r","perc_offset",2,1,0.135116598079561,0.548696798531995,"value_alt_offset"
"820","x6cu75oy88jq32r","perc_offset",2,2,0.771604938271605,0.691358024117763,"value_alt_offset"
"821","x6cu75oy88jq32r","perc_offset",3,1,0.0555555555555556,0.510288065843621,"value_alt_offset"
"822","x6cu75oy88jq32r","perc_offset",3,2,0.450617283950617,0.567901234567901,"value_alt_offset"
"823","y71fvh7ol8vycb2","perc_offset",1,1,0.537037037037037,0.222222222222223,"value_alt_offset"
"824","y71fvh7ol8vycb2","perc_offset",1,2,0.388888888888889,0.224965706447188,"perc_offset"
"825","y71fvh7ol8vycb2","perc_offset",2,1,0.217421124828532,0.496570644718792,"value_alt_offset"
"826","y71fvh7ol8vycb2","perc_offset",2,2,0.314814814814815,0.493827160493827,"value_alt_offset"
"827","y71fvh7ol8vycb2","perc_offset",3,1,0.347736625514403,0.60082304526749,"value_alt_offset"
"828","y71fvh7ol8vycb2","perc_offset",3,2,0.204618198445359,0.748056698673953,"perc_offset"
"829","zdzld8scpb2ydmo","perc_offset",1,1,0.0807041609510745,0.00274348422496562,"value_alt_offset"
"830","zdzld8scpb2ydmo","perc_offset",1,2,0.150205761316872,0.205761316872428,"value_alt_offset"
"831","zdzld8scpb2ydmo","perc_offset",2,1,0.0925925925925926,-1.72078429283573e-09,"perc_offset"
"832","zdzld8scpb2ydmo","perc_offset",2,2,0.12962962962963,0.181069958847737,"value_alt_offset"
"833","zdzld8scpb2ydmo","perc_offset",3,1,0.0884773662551441,0.17283950617284,"value_alt_offset"
"834","zdzld8scpb2ydmo","perc_offset",3,2,0.0925925925921992,0.222222222222232,"value_alt_offset"
"835","zqr31esvemh6qkz","perc_offset",1,1,0.98559670781893,0.567901234567901,"perc_offset"
"836","zqr31esvemh6qkz","perc_offset",1,2,0.746456332877266,0.469135802469136,"perc_offset"
"837","zqr31esvemh6qkz","perc_offset",2,1,0.475308641975309,0.271604938271605,"value_alt_offset"
"838","zqr31esvemh6qkz","perc_offset",2,2,0.154320987654321,0.17283950617284,"value_alt_offset"
"839","zqr31esvemh6qkz","perc_offset",3,1,0.0925925229008732,0.444444444444444,"value_alt_offset"
"840","zqr31esvemh6qkz","perc_offset",3,2,0.0185693237819438,0.315312502741691,"value_alt_offset"
