"","sub","model","rr","pu","omega","lambda","offset","bestfit"
"1","1qs0vvu9krr584a","value_alt_offset",1,1,0.5,0.675303171868657,-0.0068587105625163,"perc_offset"
"2","1qs0vvu9krr584a","value_alt_offset",1,2,0.5,0.185185185185185,-0.0374999991288534,"perc_offset"
"3","1qs0vvu9krr584a","value_alt_offset",2,1,0.5,0.0617283950617287,0.00444444233999053,"perc_offset"
"4","1qs0vvu9krr584a","value_alt_offset",2,2,0.5,0.0617283950617287,0.00333332474262416,"perc_offset"
"5","1qs0vvu9krr584a","value_alt_offset",3,1,0.5,0.0617283950617287,0.000277773921869118,"perc_offset"
"6","1qs0vvu9krr584a","value_alt_offset",3,2,0.5,0.65843621404488,-0.0946502057648575,"perc_offset"
"7","1tq0jt4dd31u8lq","value_alt_offset",1,1,0.5,1.72839506172847,0.00736676319310736,"value_alt_offset"
"8","1tq0jt4dd31u8lq","value_alt_offset",1,2,0.5,1.85185185185191,0.00624904740068799,"value_alt_offset"
"9","1tq0jt4dd31u8lq","value_alt_offset",2,1,0.5,1.3783059152096,0.00235801330235463,"value_alt_offset"
"10","1tq0jt4dd31u8lq","value_alt_offset",2,2,0.5,1.68724279835391,-0.00397221891954058,"value_alt_offset"
"11","1tq0jt4dd31u8lq","value_alt_offset",3,1,0.5,1.81013508552281,-0.00960219478733615,"value_alt_offset"
"12","1tq0jt4dd31u8lq","value_alt_offset",3,2,0.5,1.6193528584634,0.036495114223656,"value_alt_offset"
"13","22260uys7arz8j6","value_alt_offset",1,1,0.166666666666667,1.18343912626675,0.0925000019810498,"value_alt_offset"
"14","22260uys7arz8j6","value_alt_offset",1,2,0.166666666666667,2.46557141948164,0.020555555422195,"value_alt_offset"
"15","22260uys7arz8j6","value_alt_offset",2,1,0.166666666666667,1.54798141043567,-0.0123456790123809,"value_alt_offset"
"16","22260uys7arz8j6","value_alt_offset",2,2,0.166666666666667,3.99740772357551,-0.078611113542275,"value_alt_offset"
"17","22260uys7arz8j6","value_alt_offset",3,1,0.166666666666667,2.312479065903,-0.0317516815689115,"value_alt_offset"
"18","22260uys7arz8j6","value_alt_offset",3,2,0.166666666666667,3.95061728395056,-0.0358853059149021,"value_alt_offset"
"19","2bqu5ktkg43fh3p","value_alt_offset",1,1,0.5,0.82304526748951,-0.00320073159575918,"perc_offset"
"20","2bqu5ktkg43fh3p","value_alt_offset",1,2,0.5,1.56835848193895,0.0169181527205799,"value_alt_offset"
"21","2bqu5ktkg43fh3p","value_alt_offset",2,1,0.5,0.721434740638912,-0.00502972107871025,"perc_offset"
"22","2bqu5ktkg43fh3p","value_alt_offset",2,2,0.166666666666667,0.574038418904622,-0.98353909465022,"value_alt_offset"
"23","2bqu5ktkg43fh3p","value_alt_offset",3,1,0.5,3.99176954732051,-0.470795341582879,"perc_offset"
"24","2bqu5ktkg43fh3p","value_alt_offset",3,2,0.5,1.43982116547121,-0.0342935528120307,"value_alt_offset"
"25","2mzs709cn5dlwj2","value_alt_offset",1,1,0.166666666666667,9.99999999999935,0.00472221853263211,"perc_offset"
"26","2mzs709cn5dlwj2","value_alt_offset",1,2,0.166666666666667,9.99999999999939,0.00638888713936114,"perc_offset"
"27","2mzs709cn5dlwj2","value_alt_offset",2,1,0.166666666666667,9.99999999999978,0.000833332089253958,"value_alt_offset"
"28","2mzs709cn5dlwj2","value_alt_offset",2,2,0.5,9.99999999999994,0.00313055713608668,"perc_offset"
"29","2mzs709cn5dlwj2","value_alt_offset",3,1,0.5,9.99999999999978,0.0162236127859474,"perc_offset"
"30","2mzs709cn5dlwj2","value_alt_offset",3,2,0.5,9.99999999999978,0.0226125027974875,"perc_offset"
"31","2nzfnkk2uulwmkz","value_alt_offset",1,1,0.5,1.07605547935327,0.151042793638174,"perc_offset"
"32","2nzfnkk2uulwmkz","value_alt_offset",1,2,0.5,4.44444444444447,0.0329147631453564,"perc_offset"
"33","2nzfnkk2uulwmkz","value_alt_offset",2,1,0.5,1.24828532235961,0.173898889917584,"value_alt_offset"
"34","2nzfnkk2uulwmkz","value_alt_offset",2,2,0.5,2.2222222222222,-0.0531931108057794,"value_alt_offset"
"35","2nzfnkk2uulwmkz","value_alt_offset",3,1,0.5,2.18106995884782,-0.221764974851437,"value_alt_offset"
"36","2nzfnkk2uulwmkz","value_alt_offset",3,2,0.5,2.09724127419419,-0.0772748056698236,"value_alt_offset"
"37","2qu63bjtm9kxnnb","value_alt_offset",1,1,0.166666666666667,1.47487679723423,0.0699588477366395,"value_alt_offset"
"38","2qu63bjtm9kxnnb","value_alt_offset",1,2,0.5,2.66117969821608,-0.0534979423867875,"value_alt_offset"
"39","2qu63bjtm9kxnnb","value_alt_offset",2,1,0.166666666666667,1.56327795559554,0.0480109739370302,"value_alt_offset"
"40","2qu63bjtm9kxnnb","value_alt_offset",2,2,0.166666666666667,1.992074378905,-0.00285073974948169,"value_alt_offset"
"41","2qu63bjtm9kxnnb","value_alt_offset",3,1,0.5,2.83340954121077,-0.0497157727751016,"value_alt_offset"
"42","2qu63bjtm9kxnnb","value_alt_offset",3,2,0.5,1.62646465027552,0.432098765432094,"value_alt_offset"
"43","2usnf1r3h88bett","value_alt_offset",1,1,0.166666666666667,1.17451698553956,0.015000001652749,"value_alt_offset"
"44","2usnf1r3h88bett","value_alt_offset",1,2,0.166666666666667,1.32759043365928,0.141666666817235,"value_alt_offset"
"45","2usnf1r3h88bett","value_alt_offset",2,1,0.166666666666667,1.18442526409593,0.0630555534024255,"value_alt_offset"
"46","2usnf1r3h88bett","value_alt_offset",2,2,0.166666666666667,4.50542884168421,0.00555555372459726,"value_alt_offset"
"47","2usnf1r3h88bett","value_alt_offset",3,1,0.166666666666667,4.21886907483025,0.00932819015612152,"value_alt_offset"
"48","2usnf1r3h88bett","value_alt_offset",3,2,0.166666666666667,4.56790123456797,0.00508405795612821,"value_alt_offset"
"49","34aswcgc3uv5ln0","value_alt_offset",1,1,0.166666666666667,0.752616084965674,0.102499999683806,"value_alt_offset"
"50","34aswcgc3uv5ln0","value_alt_offset",1,2,0.166666666666667,1.56104731724708,0.0686111191530965,"value_alt_offset"
"51","34aswcgc3uv5ln0","value_alt_offset",2,1,0.166666666666667,2.69415824571942,0.104722231167879,"value_alt_offset"
"52","34aswcgc3uv5ln0","value_alt_offset",2,2,0.166666666666667,1.94073911855842,0.0597222225556235,"value_alt_offset"
"53","34aswcgc3uv5ln0","value_alt_offset",3,1,0.166666666666667,3.33333333333326,-0.155000031585855,"value_alt_offset"
"54","34aswcgc3uv5ln0","value_alt_offset",3,2,0.166666666666667,4.13589003979257,-0.15583333338424,"value_alt_offset"
"55","35q8u5ekgfaq26g","value_alt_offset",1,1,0.166666666666667,5.08917180346573,0.175000025187964,"value_alt_offset"
"56","35q8u5ekgfaq26g","value_alt_offset",1,2,0.166666666666667,6.66666666666863,0.286388876729408,"perc_offset"
"57","35q8u5ekgfaq26g","value_alt_offset",2,1,0.5,4.44444444444437,-0.0807040384302812,"perc_offset"
"58","35q8u5ekgfaq26g","value_alt_offset",2,2,0.166666666666667,9.17356172232113,-0.375277781908374,"value_alt_offset"
"59","35q8u5ekgfaq26g","value_alt_offset",3,1,0.5,0.6273553720077,0.576182492507403,"value_alt_offset"
"60","35q8u5ekgfaq26g","value_alt_offset",3,2,0.5,3.20372346130025,-0.0772748056663267,"value_alt_offset"
"61","3jrram86yd3uhgb","value_alt_offset",1,1,0.5,1.97530864197533,-0.0629537174521898,"value_alt_offset"
"62","3jrram86yd3uhgb","value_alt_offset",1,2,0.5,1.97530864197528,-0.00770546494221358,"value_alt_offset"
"63","3jrram86yd3uhgb","value_alt_offset",2,1,0.5,1.78783721993779,-0.0821521109587101,"value_alt_offset"
"64","3jrram86yd3uhgb","value_alt_offset",2,2,0.5,3.33333333333321,-0.0731765144188722,"value_alt_offset"
"65","3jrram86yd3uhgb","value_alt_offset",3,1,0.5,1.30772748056325,0.0864197530864197,"value_alt_offset"
"66","3jrram86yd3uhgb","value_alt_offset",3,2,0.5,1.34583142813792,0.0498399634198172,"value_alt_offset"
"67","3t9q259awsqqnjn","value_alt_offset",1,1,0.166666666666667,3.33333333333355,-0.0363888857683579,"value_alt_offset"
"68","3t9q259awsqqnjn","value_alt_offset",1,2,0.166666666666667,2.705552067485,-0.0272222206210971,"value_alt_offset"
"69","3t9q259awsqqnjn","value_alt_offset",2,1,0.166666666666667,2.0390024987126,-0.0133333319273902,"value_alt_offset"
"70","3t9q259awsqqnjn","value_alt_offset",2,2,0.166666666666667,5.74367546191165,-0.02027777971581,"value_alt_offset"
"71","3t9q259awsqqnjn","value_alt_offset",3,1,0.166666666666667,3.78448407253221,-0.086397648765895,"value_alt_offset"
"72","3t9q259awsqqnjn","value_alt_offset",3,2,0.166666666666667,5.23694580592632,-0.0533333331291999,"value_alt_offset"
"73","4g3g9s2nj7eh7g9","value_alt_offset",1,1,0.5,2.18106995884577,-0.0281166362494371,"value_alt_offset"
"74","4g3g9s2nj7eh7g9","value_alt_offset",1,2,0.5,1.06995884773641,-0.0013717421123226,"value_alt_offset"
"75","4g3g9s2nj7eh7g9","value_alt_offset",2,1,0.5,1.06995884773597,-0.0123456790123406,"value_alt_offset"
"76","4g3g9s2nj7eh7g9","value_alt_offset",2,2,0.5,1.49689241139437,0.0122440684844027,"value_alt_offset"
"77","4g3g9s2nj7eh7g9","value_alt_offset",3,1,0.5,1.0425240054869,-0.0370370370370288,"value_alt_offset"
"78","4g3g9s2nj7eh7g9","value_alt_offset",3,2,0.166666666666667,3.12757201646069,-0.598680030089968,"value_alt_offset"
"79","4ns4fa2xqw95lgx","value_alt_offset",1,1,0.166666666666667,4.74160123300379,0.0219444459996023,"value_alt_offset"
"80","4ns4fa2xqw95lgx","value_alt_offset",1,2,0.166666666666667,6.66666666666863,0.0122222214515637,"value_alt_offset"
"81","4ns4fa2xqw95lgx","value_alt_offset",2,1,0.166666666666667,6.66666666666674,0.0222222268573218,"value_alt_offset"
"82","4ns4fa2xqw95lgx","value_alt_offset",2,2,0.166666666666667,5.02694302520484,0.0416666656987261,"value_alt_offset"
"83","4ns4fa2xqw95lgx","value_alt_offset",3,1,0.166666666666667,7.86839826894132,-0.0222222268683369,"value_alt_offset"
"84","4ns4fa2xqw95lgx","value_alt_offset",3,2,0.166666666666667,8.06601239151293,-0.00833333428693395,"perc_offset"
"85","4tcxev3874jk89a","value_alt_offset",1,1,0.166666666666667,1.12424308307556,0.222777778797342,"value_alt_offset"
"86","4tcxev3874jk89a","value_alt_offset",1,2,0.166666666666667,2.63480041353628,-0.00555555083774151,"value_alt_offset"
"87","4tcxev3874jk89a","value_alt_offset",2,1,0.166666666666667,2.06390559534933,-0.128326847473499,"value_alt_offset"
"88","4tcxev3874jk89a","value_alt_offset",2,2,0.166666666666667,2.96296296296362,-0.00583333457444812,"value_alt_offset"
"89","4tcxev3874jk89a","value_alt_offset",3,1,0.166666666666667,0.511268246034595,0.293333343382717,"value_alt_offset"
"90","4tcxev3874jk89a","value_alt_offset",3,2,0.166666666666667,9.9999999999998,-0.349166664176641,"value_alt_offset"
"91","57znvber9kc1tnj","value_alt_offset",1,1,0.5,0.919067215363585,-0.0233196159122135,"value_alt_offset"
"92","57znvber9kc1tnj","value_alt_offset",1,2,0.5,1.66193425029129,-0.0247496899619429,"value_alt_offset"
"93","57znvber9kc1tnj","value_alt_offset",2,1,0.5,1.11111111111111,0.0259226016061285,"value_alt_offset"
"94","57znvber9kc1tnj","value_alt_offset",2,2,0.5,1.50180358729813,-0.0452674897120556,"value_alt_offset"
"95","57znvber9kc1tnj","value_alt_offset",3,1,0.5,0.804755372655952,-0.0672153635115287,"value_alt_offset"
"96","57znvber9kc1tnj","value_alt_offset",3,2,0.5,1.6872427983467,-0.102880658434773,"value_alt_offset"
"97","5cp1qjka53bl73q","value_alt_offset",1,1,0.5,0.370370370369277,0.0825663663034335,"perc_offset"
"98","5cp1qjka53bl73q","value_alt_offset",1,2,0.5,0.905349794238611,-0.0017200594324347,"perc_offset"
"99","5cp1qjka53bl73q","value_alt_offset",2,1,0.5,0.809327846364908,-0.0370370370370505,"perc_offset"
"100","5cp1qjka53bl73q","value_alt_offset",2,2,0.5,0.535591630556912,0.0781893003938192,"value_alt_offset"
"101","5cp1qjka53bl73q","value_alt_offset",3,1,0.5,0.517269185741939,0.00990702636675156,"perc_offset"
"102","5cp1qjka53bl73q","value_alt_offset",3,2,0.5,2.22222222222152,-0.160493827160447,"perc_offset"
"103","5jwar0bvwr53h40","value_alt_offset",1,1,0.5,1.49519890260561,0.00228623685418117,"value_alt_offset"
"104","5jwar0bvwr53h40","value_alt_offset",1,2,0.166666666666667,2.18276590683876,0.0544444411170892,"value_alt_offset"
"105","5jwar0bvwr53h40","value_alt_offset",2,1,0.166666666666667,4.07407407407429,0.081111109430273,"value_alt_offset"
"106","5jwar0bvwr53h40","value_alt_offset",2,2,0.5,2.71604938271607,0.00685871056236786,"value_alt_offset"
"107","5jwar0bvwr53h40","value_alt_offset",3,1,0.166666666666667,6.66666666666669,0.0123456790115155,"value_alt_offset"
"108","5jwar0bvwr53h40","value_alt_offset",3,2,0.5,2.75720164609119,0.0766613791235264,"value_alt_offset"
"109","5o4n9abwu4u5bb5","value_alt_offset",1,1,0.5,0.987654320985833,-0.0123456790121271,"perc_offset"
"110","5o4n9abwu4u5bb5","value_alt_offset",1,2,0.5,1.09739368998606,-0.0370370370370159,"perc_offset"
"111","5o4n9abwu4u5bb5","value_alt_offset",2,1,0.388888888888889,3.7970137187728,-0.241944436758997,"value_alt_offset"
"112","5o4n9abwu4u5bb5","value_alt_offset",2,2,0.5,0.823045267489688,-0.00411522633743988,"value_alt_offset"
"113","5o4n9abwu4u5bb5","value_alt_offset",3,1,0.5,0.734449668286491,-0.0205761316871118,"perc_offset"
"114","5o4n9abwu4u5bb5","value_alt_offset",3,2,0.5,2.30979544346857,-0.116902911145132,"value_alt_offset"
"115","5pgqs0v0feqyejp","value_alt_offset",1,1,0.5,1.23626141006459,0.0100960293442676,"value_alt_offset"
"116","5pgqs0v0feqyejp","value_alt_offset",1,2,0.5,1.58545873960008,0.0730455854761065,"value_alt_offset"
"117","5pgqs0v0feqyejp","value_alt_offset",2,1,0.5,1.31771918235626,0.00290022122719447,"value_alt_offset"
"118","5pgqs0v0feqyejp","value_alt_offset",2,2,0.5,1.13643076824554,0.0112279632181691,"value_alt_offset"
"119","5pgqs0v0feqyejp","value_alt_offset",3,1,0.5,1.3016308489553,0.00960219478777269,"value_alt_offset"
"120","5pgqs0v0feqyejp","value_alt_offset",3,2,0.5,1.52034704118637,0.0205761316872763,"value_alt_offset"
"121","6be4c2orpqft8ul","value_alt_offset",1,1,0.5,9.99999999999804,0.206612355621253,"perc_offset"
"122","6be4c2orpqft8ul","value_alt_offset",1,2,0.166666666666667,1.21046653007554,0.186944443657904,"value_alt_offset"
"123","6be4c2orpqft8ul","value_alt_offset",2,1,0.166666666666667,1.51753165280199,0.238333337088943,"value_alt_offset"
"124","6be4c2orpqft8ul","value_alt_offset",2,2,0.166666666666667,2.59259259259267,-0.026944480774984,"value_alt_offset"
"125","6be4c2orpqft8ul","value_alt_offset",3,1,0.166666666666667,2.67032464562739,-0.0924626521976988,"value_alt_offset"
"126","6be4c2orpqft8ul","value_alt_offset",3,2,0.166666666666667,2.37959264204016,-0.0447890920673979,"value_alt_offset"
"127","6wyn194o3vd7jmv","value_alt_offset",1,1,0.5,0.65109767595959,-0.00137299686427517,"perc_offset"
"128","6wyn194o3vd7jmv","value_alt_offset",1,2,0.5,1.72687090381972,-0.0595599389223169,"perc_offset"
"129","6wyn194o3vd7jmv","value_alt_offset",2,1,0.5,0.817964741143614,-0.012345679012331,"perc_offset"
"130","6wyn194o3vd7jmv","value_alt_offset",2,2,0.5,1.48148148148149,-0.114769090077904,"value_alt_offset"
"131","6wyn194o3vd7jmv","value_alt_offset",3,1,0.5,0.919180115966605,-0.0644718792870875,"value_alt_offset"
"132","6wyn194o3vd7jmv","value_alt_offset",3,2,0.5,1.53635116598825,-0.259259259259313,"value_alt_offset"
"133","70kcrqfjf2xhh4m","value_alt_offset",1,1,0.166666666666667,0.943091899819475,0.140833341418864,"value_alt_offset"
"134","70kcrqfjf2xhh4m","value_alt_offset",1,2,0.166666666666667,1.04840571844694,0.126111115217569,"value_alt_offset"
"135","70kcrqfjf2xhh4m","value_alt_offset",2,1,0.166666666666667,2.33636095845352,0.0111111108529933,"value_alt_offset"
"136","70kcrqfjf2xhh4m","value_alt_offset",2,2,0.166666666666667,1.91140640732755,0.0430555539817554,"value_alt_offset"
"137","70kcrqfjf2xhh4m","value_alt_offset",3,1,0.166666666666667,2.38076600490485,-0.0639675899728966,"value_alt_offset"
"138","70kcrqfjf2xhh4m","value_alt_offset",3,2,0.166666666666667,2.76634659350687,-0.0425240054863129,"value_alt_offset"
"139","7bwng7h1w9q6djl","value_alt_offset",1,1,0.166666666666667,1.04474356772827,0.0822222440581448,"value_alt_offset"
"140","7bwng7h1w9q6djl","value_alt_offset",1,2,0.166666666666667,2.13656516670874,0.0200000036270283,"value_alt_offset"
"141","7bwng7h1w9q6djl","value_alt_offset",2,1,0.166666666666667,2.81163094345276,0.00833333313974438,"value_alt_offset"
"142","7bwng7h1w9q6djl","value_alt_offset",2,2,0.166666666666667,3.44248689180696,-0.0119444482968769,"value_alt_offset"
"143","7bwng7h1w9q6djl","value_alt_offset",3,1,0.166666666666667,2.78027328242216,-0.153616986999937,"value_alt_offset"
"144","7bwng7h1w9q6djl","value_alt_offset",3,2,0.166666666666667,2.03576690545206,0.0489254686765881,"value_alt_offset"
"145","7pjw0pz87exlgmd","value_alt_offset",1,1,0.166666666666667,1.12115976653986,0.171111105071162,"value_alt_offset"
"146","7pjw0pz87exlgmd","value_alt_offset",1,2,0.166666666666667,1.16755434429282,0.0844444445476913,"value_alt_offset"
"147","7pjw0pz87exlgmd","value_alt_offset",2,1,0.166666666666667,1.36139471156504,0.0269949475433595,"value_alt_offset"
"148","7pjw0pz87exlgmd","value_alt_offset",2,2,0.166666666666667,2.6240644835136,0.0155555582916018,"value_alt_offset"
"149","7pjw0pz87exlgmd","value_alt_offset",3,1,0.166666666666667,2.01646090535001,0.0123456790123408,"value_alt_offset"
"150","7pjw0pz87exlgmd","value_alt_offset",3,2,0.166666666666667,3.38792146185238,0.0328122346673307,"value_alt_offset"
"151","85aq8xl8ayntz3l","value_alt_offset",1,1,0.166666666666667,1.39018167670085,0.169722242026286,"value_alt_offset"
"152","85aq8xl8ayntz3l","value_alt_offset",1,2,0.166666666666667,3.66386524539233,0.0011111113019906,"value_alt_offset"
"153","85aq8xl8ayntz3l","value_alt_offset",2,1,0.166666666666667,3.10308834750348,0.0299999988442075,"value_alt_offset"
"154","85aq8xl8ayntz3l","value_alt_offset",2,2,0.166666666666667,4.89459406211219,-0.0577777805654466,"value_alt_offset"
"155","85aq8xl8ayntz3l","value_alt_offset",3,1,0.166666666666667,7.50064274048586,-0.0286111145763384,"perc_offset"
"156","85aq8xl8ayntz3l","value_alt_offset",3,2,0.5,4.15790275873175,-0.0986335082834676,"value_alt_offset"
"157","8epzoljwn0gbtge","value_alt_offset",1,1,0.166666666666667,0.985596440667339,0.455555530059284,"value_alt_offset"
"158","8epzoljwn0gbtge","value_alt_offset",1,2,0.388888888888889,1.81202547620025,0.349999990148516,"value_alt_offset"
"159","8epzoljwn0gbtge","value_alt_offset",2,1,0.166666666666667,2.1116925492852,-0.00684812624804942,"value_alt_offset"
"160","8epzoljwn0gbtge","value_alt_offset",2,2,0.388888888888889,2.45842788918683,0.423888887301466,"value_alt_offset"
"161","8epzoljwn0gbtge","value_alt_offset",3,1,0.166666666666667,2.89437585733904,-0.0809327846366206,"value_alt_offset"
"162","8epzoljwn0gbtge","value_alt_offset",3,2,0.388888888888889,4.95023926058161,-0.300277780785056,"value_alt_offset"
"163","8es63ovt8uw2mgg","value_alt_offset",1,1,0.5,1.11111111111128,0.0781893004113918,"perc_offset"
"164","8es63ovt8uw2mgg","value_alt_offset",1,2,0.5,1.06995884773597,0.144032921810744,"perc_offset"
"165","8es63ovt8uw2mgg","value_alt_offset",2,1,0.5,0.939654497725855,0.00025759780264667,"value_alt_offset"
"166","8es63ovt8uw2mgg","value_alt_offset",2,2,0.5,1.44032921810519,0.0470964791953752,"value_alt_offset"
"167","8es63ovt8uw2mgg","value_alt_offset",3,1,0.5,0.941929583922596,0.007028061436958,"value_alt_offset"
"168","8es63ovt8uw2mgg","value_alt_offset",3,2,0.5,1.20510084844868,-0.111111111111112,"value_alt_offset"
"169","8le0rzndxgpur8r","value_alt_offset",1,1,0.166666666666667,1.15425876444618,0.0777777759709553,"value_alt_offset"
"170","8le0rzndxgpur8r","value_alt_offset",1,2,0.5,3.6213991769549,0.00272654912711845,"perc_offset"
"171","8le0rzndxgpur8r","value_alt_offset",2,1,0.5,1.23456790123459,0.0324645633286298,"value_alt_offset"
"172","8le0rzndxgpur8r","value_alt_offset",2,2,0.5,9.99999999999935,0.00924589369276418,"perc_offset"
"173","8le0rzndxgpur8r","value_alt_offset",3,1,0.5,2.1575300734029,-0.0963060809818304,"value_alt_offset"
"174","8le0rzndxgpur8r","value_alt_offset",3,2,0.5,4.97942386831259,-0.00350556317211503,"perc_offset"
"175","96deaxjjts0yvax","value_alt_offset",1,1,0.5,9.99999999999935,0.00337083235569469,"value_alt_offset"
"176","96deaxjjts0yvax","value_alt_offset",1,2,0.5,9.99999999999935,0.00337083449114739,"value_alt_offset"
"177","96deaxjjts0yvax","value_alt_offset",2,1,0.166666666666667,9.99999999999983,-0.000555551406591914,"value_alt_offset"
"178","96deaxjjts0yvax","value_alt_offset",2,2,0.166666666666667,9.99999999999993,0.00277777769191978,"value_alt_offset"
"179","96deaxjjts0yvax","value_alt_offset",3,1,0.5,9.99999999999978,0.016223612231508,"perc_offset"
"180","96deaxjjts0yvax","value_alt_offset",3,2,0.5,9.99999999999993,0.0259458341290009,"perc_offset"
"181","9h1m4d4lp6ksfjt","value_alt_offset",1,1,0.166666666666667,1.26809776249834,-0.000555551412768973,"value_alt_offset"
"182","9h1m4d4lp6ksfjt","value_alt_offset",1,2,0.166666666666667,1.80663892301267,-0.026666668571,"value_alt_offset"
"183","9h1m4d4lp6ksfjt","value_alt_offset",2,1,0.166666666666667,1.23265110824703,0.0286111147675367,"value_alt_offset"
"184","9h1m4d4lp6ksfjt","value_alt_offset",2,2,0.166666666666667,1.99518372658912,-0.0897479241648127,"value_alt_offset"
"185","9h1m4d4lp6ksfjt","value_alt_offset",3,1,0.166666666666667,1.53246991797456,-0.0439065936959261,"value_alt_offset"
"186","9h1m4d4lp6ksfjt","value_alt_offset",3,2,0.166666666666667,1.64533568044949,-0.200999999204471,"value_alt_offset"
"187","9ho9tv1b4jdy3p6","value_alt_offset",1,1,0.166666666666667,1.51175630001334,0.041111114285959,"value_alt_offset"
"188","9ho9tv1b4jdy3p6","value_alt_offset",1,2,0.166666666666667,1.30138030679991,0.0761111116628768,"value_alt_offset"
"189","9ho9tv1b4jdy3p6","value_alt_offset",2,1,0.166666666666667,2.99259344283157,-0.0266666674238112,"value_alt_offset"
"190","9ho9tv1b4jdy3p6","value_alt_offset",2,2,0.166666666666667,3.48458093982393,-0.0988888931306194,"value_alt_offset"
"191","9ho9tv1b4jdy3p6","value_alt_offset",3,1,0.166666666666667,2.7074134558861,-0.417857146417614,"value_alt_offset"
"192","9ho9tv1b4jdy3p6","value_alt_offset",3,2,0.166666666666667,6.97838560595304,-0.00777777484384257,"value_alt_offset"
"193","9jfa3uck1pm1a27","value_alt_offset",1,1,0.166666666666667,1.89335945261863,0.0316666645544053,"value_alt_offset"
"194","9jfa3uck1pm1a27","value_alt_offset",1,2,0.166666666666667,2.78298797947387,0.0511111119887102,"value_alt_offset"
"195","9jfa3uck1pm1a27","value_alt_offset",2,1,0.166666666666667,1.61163300013284,0.0366666714573483,"value_alt_offset"
"196","9jfa3uck1pm1a27","value_alt_offset",2,2,0.166666666666667,3.92654480474143,0.0355555538245751,"value_alt_offset"
"197","9jfa3uck1pm1a27","value_alt_offset",3,1,0.166666666666667,5.1939120210031,0.00833333313974505,"value_alt_offset"
"198","9jfa3uck1pm1a27","value_alt_offset",3,2,0.166666666666667,3.93438666040424,-0.00694444428303354,"value_alt_offset"
"199","9oe8onshjdy2khe","value_alt_offset",1,1,0.5,1.06995884773655,-0.0109790952979599,"perc_offset"
"200","9oe8onshjdy2khe","value_alt_offset",1,2,0.5,1.48148148148151,0.0274103726914119,"value_alt_offset"
"201","9oe8onshjdy2khe","value_alt_offset",2,1,0.5,1.37133755205187,-0.0770370872150751,"value_alt_offset"
"202","9oe8onshjdy2khe","value_alt_offset",2,2,0.5,1.31026774326026,0.0370370371326358,"value_alt_offset"
"203","9oe8onshjdy2khe","value_alt_offset",3,1,0.5,1.11111111111112,0.0123456790123446,"value_alt_offset"
"204","9oe8onshjdy2khe","value_alt_offset",3,2,0.5,1.35802469135799,0.0452674897119383,"value_alt_offset"
"205","9p57f5mpldrqae2","value_alt_offset",1,1,0.166666666666667,1.01144982388985,0.0997222351632288,"value_alt_offset"
"206","9p57f5mpldrqae2","value_alt_offset",1,2,0.166666666666667,2.06130415833526,0.0147222214213316,"value_alt_offset"
"207","9p57f5mpldrqae2","value_alt_offset",2,1,0.166666666666667,2.37268492787432,-0.064166668273448,"value_alt_offset"
"208","9p57f5mpldrqae2","value_alt_offset",2,2,0.166666666666667,2.48725634689822,-0.0950223072477364,"value_alt_offset"
"209","9p57f5mpldrqae2","value_alt_offset",3,1,0.5,1.7695473250996,0.0370370370515927,"value_alt_offset"
"210","9p57f5mpldrqae2","value_alt_offset",3,2,0.166666666666667,4.81481481481415,-0.008263439525104,"value_alt_offset"
"211","a39zpu2zr3xl47k","value_alt_offset",1,1,0.166666666666667,9.99999999999935,0.0100000034410574,"value_alt_offset"
"212","a39zpu2zr3xl47k","value_alt_offset",1,2,0.166666666666667,9.99999999999804,0.00444444407336309,"value_alt_offset"
"213","a39zpu2zr3xl47k","value_alt_offset",2,1,0.166666666666667,9.99999999999978,0.00861111350019184,"value_alt_offset"
"214","a39zpu2zr3xl47k","value_alt_offset",2,2,0.5,9.99999999999944,0.00971167026006992,"value_alt_offset"
"215","a39zpu2zr3xl47k","value_alt_offset",3,1,0.5,9.99999999999978,0.0142437792307435,"value_alt_offset"
"216","a39zpu2zr3xl47k","value_alt_offset",3,2,0.166666666666667,9.99999999999998,0.0100000038848673,"value_alt_offset"
"217","ajztaxb5eyxtfch","value_alt_offset",1,1,0.166666666666667,1.28948940281783,0.0874999979460807,"value_alt_offset"
"218","ajztaxb5eyxtfch","value_alt_offset",1,2,0.166666666666667,1.62422043455735,0.033888894105252,"value_alt_offset"
"219","ajztaxb5eyxtfch","value_alt_offset",2,1,0.166666666666667,1.65833597951783,0.0355555536971097,"value_alt_offset"
"220","ajztaxb5eyxtfch","value_alt_offset",2,2,0.388888888888889,0.714779968695844,0.369166660346851,"value_alt_offset"
"221","ajztaxb5eyxtfch","value_alt_offset",3,1,0.166666666666667,1.96534885640644,-0.0769596674607327,"value_alt_offset"
"222","ajztaxb5eyxtfch","value_alt_offset",3,2,0.166666666666667,3.15106312046407,0.00472222830734159,"value_alt_offset"
"223","as5hvtlqa9ouc2z","value_alt_offset",1,1,0.166666666666667,1.28174697974393,0.0486111151654407,"value_alt_offset"
"224","as5hvtlqa9ouc2z","value_alt_offset",1,2,0.166666666666667,1.52732400951987,0.0997222219705578,"value_alt_offset"
"225","as5hvtlqa9ouc2z","value_alt_offset",2,1,0.166666666666667,3.42828215348552,-0.00555555886806314,"value_alt_offset"
"226","as5hvtlqa9ouc2z","value_alt_offset",2,2,0.166666666666667,3.09220526279394,0.00889071202426739,"value_alt_offset"
"227","as5hvtlqa9ouc2z","value_alt_offset",3,1,0.166666666666667,2.41426611796975,-0.0370370370353322,"value_alt_offset"
"228","as5hvtlqa9ouc2z","value_alt_offset",3,2,0.166666666666667,3.39019237656616,-0.150783439850545,"value_alt_offset"
"229","au7m9jjmgy8d4gj","value_alt_offset",1,1,0.5,0.605261058659475,-0.00289590001563389,"value_alt_offset"
"230","au7m9jjmgy8d4gj","value_alt_offset",1,2,0.5,1.41598033267858,-0.176954732542417,"value_alt_offset"
"231","au7m9jjmgy8d4gj","value_alt_offset",2,1,0.5,1.13492518703533,0.0329324736282519,"value_alt_offset"
"232","au7m9jjmgy8d4gj","value_alt_offset",2,2,0.5,0.841335162322744,0.01234567901235,"value_alt_offset"
"233","au7m9jjmgy8d4gj","value_alt_offset",3,1,0.5,0.479334563742874,0.0123456790127243,"perc_offset"
"234","au7m9jjmgy8d4gj","value_alt_offset",3,2,0.5,0.98765432097374,0.0370370370382029,"value_alt_offset"
"235","b3jqszmpuje1kzj","value_alt_offset",1,1,0.166666666666667,3.33333333333336,-0.00611110741286258,"value_alt_offset"
"236","b3jqszmpuje1kzj","value_alt_offset",1,2,0.166666666666667,1.39585742198575,0.0361111205969282,"value_alt_offset"
"237","b3jqszmpuje1kzj","value_alt_offset",2,1,0.166666666666667,3.2501338497107,-0.0236111088418282,"value_alt_offset"
"238","b3jqszmpuje1kzj","value_alt_offset",2,2,0.166666666666667,3.11607718041985,-0.00194444542230188,"value_alt_offset"
"239","b3jqszmpuje1kzj","value_alt_offset",3,1,0.166666666666667,2.22577859066396,-0.00452166844520863,"value_alt_offset"
"240","b3jqszmpuje1kzj","value_alt_offset",3,2,0.166666666666667,5.16515750151768,-0.021388884262133,"value_alt_offset"
"241","bdov3ye1qvundbp","value_alt_offset",1,1,0.166666666666667,1.44441497163468,0.03898873815112,"value_alt_offset"
"242","bdov3ye1qvundbp","value_alt_offset",1,2,0.166666666666667,2.02538915022534,0.0983333383376552,"value_alt_offset"
"243","bdov3ye1qvundbp","value_alt_offset",2,1,0.166666666666667,1.91592293407783,-0.0544801774831735,"value_alt_offset"
"244","bdov3ye1qvundbp","value_alt_offset",2,2,0.166666666666667,0.538737627228083,0.119341563786004,"value_alt_offset"
"245","bdov3ye1qvundbp","value_alt_offset",3,1,0.166666666666667,0.941910766559941,0.0452674897119383,"value_alt_offset"
"246","bdov3ye1qvundbp","value_alt_offset",3,2,0.166666666666667,0.769237689016968,0.0370370370370361,"value_alt_offset"
"247","brsvshywlogvxcq","value_alt_offset",1,1,0.5,5,-0.666666666666667,"perc_offset"
"248","brsvshywlogvxcq","value_alt_offset",1,2,0.5,1.358024691358,-0.00265504542962403,"value_alt_offset"
"249","brsvshywlogvxcq","value_alt_offset",2,1,0.5,0.571559213533867,-0.0123456790119523,"perc_offset"
"250","brsvshywlogvxcq","value_alt_offset",2,2,0.5,0.658436213991778,-0.0123456790123475,"perc_offset"
"251","brsvshywlogvxcq","value_alt_offset",3,1,0.5,0.808292922046205,-0.111111111111067,"perc_offset"
"252","brsvshywlogvxcq","value_alt_offset",3,2,0.5,1.15429558502662,-0.144032921810714,"value_alt_offset"
"253","bx1xq7e3jhb986v","value_alt_offset",1,1,0.166666666666667,1.89439241586191,0.038055555703973,"value_alt_offset"
"254","bx1xq7e3jhb986v","value_alt_offset",1,2,0.5,3.33333333333332,-0.0992106692632775,"value_alt_offset"
"255","bx1xq7e3jhb986v","value_alt_offset",2,1,0.166666666666667,1.63898882115023,0.175277766478685,"value_alt_offset"
"256","bx1xq7e3jhb986v","value_alt_offset",2,2,0.166666666666667,2.22714374007166,0.0580555579926147,"value_alt_offset"
"257","bx1xq7e3jhb986v","value_alt_offset",3,1,0.166666666666667,2.61816457343067,-0.0964791952433597,"value_alt_offset"
"258","bx1xq7e3jhb986v","value_alt_offset",3,2,0.166666666666667,3.65683745497474,0.000277775706297723,"value_alt_offset"
"259","c2se350v0tr4hzv","value_alt_offset",1,1,0.166666666666667,1.69316732726774,-0.0175333834757512,"value_alt_offset"
"260","c2se350v0tr4hzv","value_alt_offset",1,2,0.166666666666667,3.33333333333335,-0.0119444448757975,"value_alt_offset"
"261","c2se350v0tr4hzv","value_alt_offset",2,1,0.166666666666667,3.33598559798077,-0.0380555557039731,"value_alt_offset"
"262","c2se350v0tr4hzv","value_alt_offset",2,2,0.166666666666667,2.95328413825837,-0.054722216821114,"value_alt_offset"
"263","c2se350v0tr4hzv","value_alt_offset",3,1,0.166666666666667,4.44444444444384,-0.0563888871224275,"value_alt_offset"
"264","c2se350v0tr4hzv","value_alt_offset",3,2,0.166666666666667,2.9722229920576,-0.169971671844703,"value_alt_offset"
"265","cavjhtxfs1z091j","value_alt_offset",1,1,0.5,0.905349794238887,0.00273262754964865,"perc_offset"
"266","cavjhtxfs1z091j","value_alt_offset",1,2,0.5,0.86419753086427,0.00917995518451531,"perc_offset"
"267","cavjhtxfs1z091j","value_alt_offset",2,1,0.5,0.524818371189156,0.00275331072317142,"perc_offset"
"268","cavjhtxfs1z091j","value_alt_offset",2,2,0.5,0.985283408700375,-0.0270808781277225,"value_alt_offset"
"269","cavjhtxfs1z091j","value_alt_offset",3,1,0.5,1.42556850516935,-0.223593964334312,"value_alt_offset"
"270","cavjhtxfs1z091j","value_alt_offset",3,2,0.5,1.2396484275779,-0.185185185185197,"value_alt_offset"
"271","cl4vc26ycu0woo2","value_alt_offset",1,1,0.5,1.11111111111133,0.00763716678804505,"value_alt_offset"
"272","cl4vc26ycu0woo2","value_alt_offset",1,2,0.5,1.27572016460922,0.00411522633743444,"value_alt_offset"
"273","cl4vc26ycu0woo2","value_alt_offset",2,1,0.5,0.980974369422219,-0.00411522633740047,"value_alt_offset"
"274","cl4vc26ycu0woo2","value_alt_offset",2,2,0.5,2.22222222222202,-0.0864197530864179,"value_alt_offset"
"275","cl4vc26ycu0woo2","value_alt_offset",3,1,0.5,0.732649532617512,-0.0105166895291676,"value_alt_offset"
"276","cl4vc26ycu0woo2","value_alt_offset",3,2,0.5,1.28334095414448,-0.0370370370374304,"value_alt_offset"
"277","djb1vpwld9c7hmk","value_alt_offset",1,1,0.5,1.26969767724391,0.265228579586042,"value_alt_offset"
"278","djb1vpwld9c7hmk","value_alt_offset",1,2,0.5,1.4540466392316,0.283950617284081,"value_alt_offset"
"279","djb1vpwld9c7hmk","value_alt_offset",2,1,0.5,1.24168063869832,0.11111111110757,"value_alt_offset"
"280","djb1vpwld9c7hmk","value_alt_offset",2,2,0.5,1.42661179698195,0.212620027434885,"value_alt_offset"
"281","djb1vpwld9c7hmk","value_alt_offset",3,1,0.5,1.41526528814855,0.0370370370371675,"value_alt_offset"
"282","djb1vpwld9c7hmk","value_alt_offset",3,2,0.5,1.35802469135781,0.0638622161256923,"value_alt_offset"
"283","ds2ot3x1v6q63xg","value_alt_offset",1,1,0.5,9.9999999999993,0.00304711346668207,"value_alt_offset"
"284","ds2ot3x1v6q63xg","value_alt_offset",1,2,0.462962962962963,4.88803352455975,-0.0449999999870943,"value_alt_offset"
"285","ds2ot3x1v6q63xg","value_alt_offset",2,1,0.166666666666667,9.99999999999978,-0.00388889103344203,"value_alt_offset"
"286","ds2ot3x1v6q63xg","value_alt_offset",2,2,0.5,9.99999999999978,0.010352782157913,"value_alt_offset"
"287","ds2ot3x1v6q63xg","value_alt_offset",3,1,0.166666666666667,9.24993204218479,0.0402777768420888,"value_alt_offset"
"288","ds2ot3x1v6q63xg","value_alt_offset",3,2,0.5,9.99999999999993,0.0048347260736743,"perc_offset"
"289","dtua0nm03dd9yb7","value_alt_offset",1,1,0.5,0.740740740740763,0.0288065843621386,"perc_offset"
"290","dtua0nm03dd9yb7","value_alt_offset",1,2,0.5,0.867245846675616,0.0119693437218129,"perc_offset"
"291","dtua0nm03dd9yb7","value_alt_offset",2,1,0.5,0.783401594188024,0.0020024134552159,"perc_offset"
"292","dtua0nm03dd9yb7","value_alt_offset",2,2,0.5,3.82716049382724,-0.0658756099291868,"value_alt_offset"
"293","dtua0nm03dd9yb7","value_alt_offset",3,1,0.5,0.875069835823691,0.0864197530863762,"value_alt_offset"
"294","dtua0nm03dd9yb7","value_alt_offset",3,2,0.5,2.96296296296274,-0.245135396018767,"value_alt_offset"
"295","duzv7z4jux5olpv","value_alt_offset",1,1,0.166666666666667,2.08995039753822,-0.0227777782811068,"value_alt_offset"
"296","duzv7z4jux5olpv","value_alt_offset",1,2,0.166666666666667,1.86613149156394,-0.0546640302581759,"value_alt_offset"
"297","duzv7z4jux5olpv","value_alt_offset",2,1,0.166666666666667,2.51645010012191,-0.0963888876821991,"value_alt_offset"
"298","duzv7z4jux5olpv","value_alt_offset",2,2,0.166666666666667,2.44044453753996,-0.0352777797115079,"value_alt_offset"
"299","duzv7z4jux5olpv","value_alt_offset",3,1,0.166666666666667,2.96605947264781,-0.139011243672247,"value_alt_offset"
"300","duzv7z4jux5olpv","value_alt_offset",3,2,0.166666666666667,4.36828383212673,-0.117500004140794,"value_alt_offset"
"301","dvywvnh6comawyk","value_alt_offset",1,1,0.5,2.22222222222223,0.0852668172033473,"value_alt_offset"
"302","dvywvnh6comawyk","value_alt_offset",1,2,0.166666666666667,9.99999999999425,0.0522222194595694,"value_alt_offset"
"303","dvywvnh6comawyk","value_alt_offset",2,1,0.5,3.45679012345678,-0.00532780174038638,"value_alt_offset"
"304","dvywvnh6comawyk","value_alt_offset",2,2,0.166666666666667,9.99999999999993,0.0261111125836087,"perc_offset"
"305","dvywvnh6comawyk","value_alt_offset",3,1,0.5,3.33333333333331,-0.0919067215299849,"value_alt_offset"
"306","dvywvnh6comawyk","value_alt_offset",3,2,0.5,9.99999999999999,-0.00989382557786034,"perc_offset"
"307","fehlcunq37bd57x","value_alt_offset",1,1,0.5,1.16648884829779,0.00685871054943199,"value_alt_offset"
"308","fehlcunq37bd57x","value_alt_offset",1,2,0.5,1.35802469135787,0.111111111111154,"value_alt_offset"
"309","fehlcunq37bd57x","value_alt_offset",2,1,0.5,0.946502057611202,0.410150891632503,"value_alt_offset"
"310","fehlcunq37bd57x","value_alt_offset",2,2,0.5,1.7969821673427,-0.22633744855954,"value_alt_offset"
"311","fehlcunq37bd57x","value_alt_offset",3,1,0.5,0.872751295123775,-0.0370370370405777,"value_alt_offset"
"312","fehlcunq37bd57x","value_alt_offset",3,2,0.5,1.15598909381787,0.0370370370370365,"value_alt_offset"
"313","fq39wkqs1solhdu","value_alt_offset",1,1,0.5,4.35299497029794,0.370466334943827,"perc_offset"
"314","fq39wkqs1solhdu","value_alt_offset",1,2,0.5,1.60493827159904,0.384662563836727,"perc_offset"
"315","fq39wkqs1solhdu","value_alt_offset",2,1,0.5,2.36639766502123,-0.121952077070796,"value_alt_offset"
"316","fq39wkqs1solhdu","value_alt_offset",2,2,0.5,5.92592592592591,-0.238944677957,"perc_offset"
"317","fq39wkqs1solhdu","value_alt_offset",3,1,0.5,1.58207591596943,0.27108872912501,"value_alt_offset"
"318","fq39wkqs1solhdu","value_alt_offset",3,2,0.5,2.94721333129391,0.333333333333334,"value_alt_offset"
"319","fqnkabfbs65dy5r","value_alt_offset",1,1,0.166666666666667,2.12221557285784,-0.00888888457611992,"value_alt_offset"
"320","fqnkabfbs65dy5r","value_alt_offset",1,2,0.166666666666667,1.77889642958359,0.00916666484765538,"value_alt_offset"
"321","fqnkabfbs65dy5r","value_alt_offset",2,1,0.166666666666667,2.72213343113538,-0.174999997464235,"value_alt_offset"
"322","fqnkabfbs65dy5r","value_alt_offset",2,2,0.166666666666667,1.862280143601,-0.065025958569441,"value_alt_offset"
"323","fqnkabfbs65dy5r","value_alt_offset",3,1,0.166666666666667,2.33206696768172,-0.120512702219761,"value_alt_offset"
"324","fqnkabfbs65dy5r","value_alt_offset",3,2,0.166666666666667,1.01068367863219,0.176388890527218,"value_alt_offset"
"325","fwexbmobod79xhj","value_alt_offset",1,1,0.166666666666667,9.99999999999978,0.138333328766277,"value_alt_offset"
"326","fwexbmobod79xhj","value_alt_offset",1,2,0.166666666666667,9.99999999999935,0.190833328168314,"perc_offset"
"327","fwexbmobod79xhj","value_alt_offset",2,1,0.5,9.99999999999935,0.0178527848633563,"value_alt_offset"
"328","fwexbmobod79xhj","value_alt_offset",2,2,0.5,4.81481481481479,-0.0823994776676489,"value_alt_offset"
"329","fwexbmobod79xhj","value_alt_offset",3,1,0.5,0.246913580251067,0.499318082729945,"perc_offset"
"330","fwexbmobod79xhj","value_alt_offset",3,2,0.5,6.62551440329278,-0.218741569947006,"value_alt_offset"
"331","g35rvb9r3l07tgx","value_alt_offset",1,1,0.5,1.358024691358,-0.00685871056239951,"value_alt_offset"
"332","g35rvb9r3l07tgx","value_alt_offset",1,2,0.388888888888889,4.04759951058414,-0.135833332242787,"value_alt_offset"
"333","g35rvb9r3l07tgx","value_alt_offset",2,1,0.5,1.48148148148155,0.0827617741189104,"value_alt_offset"
"334","g35rvb9r3l07tgx","value_alt_offset",2,2,0.5,3.25102880658385,-0.0666799731469124,"value_alt_offset"
"335","g35rvb9r3l07tgx","value_alt_offset",3,1,0.5,4.44444444444445,-0.136045414754247,"value_alt_offset"
"336","g35rvb9r3l07tgx","value_alt_offset",3,2,0.5,2.34567901234565,-0.00380663137306159,"value_alt_offset"
"337","gg80fe1zyat447z","value_alt_offset",1,1,0.166666666666667,1.9956240495155,0.243055549909236,"value_alt_offset"
"338","gg80fe1zyat447z","value_alt_offset",1,2,0.166666666666667,0.937743473345314,0.233055546470537,"value_alt_offset"
"339","gg80fe1zyat447z","value_alt_offset",2,1,0.166666666666667,2.72921891109238,0.0122222238120342,"value_alt_offset"
"340","gg80fe1zyat447z","value_alt_offset",2,2,0.166666666666667,2.67376404813737,0.00944444628998475,"value_alt_offset"
"341","gg80fe1zyat447z","value_alt_offset",3,1,0.5,1.35802469088003,0.211028129467647,"value_alt_offset"
"342","gg80fe1zyat447z","value_alt_offset",3,2,0.5,4.07407407407408,-0.0617283950617288,"value_alt_offset"
"343","ggkxy092ul5l6n0","value_alt_offset",1,1,0.5,5,-0.666666666666667,"perc_offset"
"344","ggkxy092ul5l6n0","value_alt_offset",1,2,0.5,1.14311842707101,0.181222374634735,"perc_offset"
"345","ggkxy092ul5l6n0","value_alt_offset",2,1,0.5,0.855800337870345,0.0457071334140307,"value_alt_offset"
"346","ggkxy092ul5l6n0","value_alt_offset",2,2,0.5,0.946502057613161,-0.0123456790122145,"value_alt_offset"
"347","ggkxy092ul5l6n0","value_alt_offset",3,1,0.5,0.534979423868531,-0.037037037037314,"perc_offset"
"348","ggkxy092ul5l6n0","value_alt_offset",3,2,0.5,0.905349794238707,-0.0370370370371682,"value_alt_offset"
"349","ghbypuj01msjo4h","value_alt_offset",1,1,0.388888888888889,3.61493391486582,-0.291944436171062,"value_alt_offset"
"350","ghbypuj01msjo4h","value_alt_offset",1,2,0.166666666666667,4.53891459433542,-0.140833336256514,"value_alt_offset"
"351","ghbypuj01msjo4h","value_alt_offset",2,1,0.388888888888889,5.21293885844707,-0.164444457143824,"value_alt_offset"
"352","ghbypuj01msjo4h","value_alt_offset",2,2,0.166666666666667,2.50376618998761,0.0816666668344432,"value_alt_offset"
"353","ghbypuj01msjo4h","value_alt_offset",3,1,0.388888888888889,3.82446508914504,-0.273055553342198,"value_alt_offset"
"354","ghbypuj01msjo4h","value_alt_offset",3,2,0.5,7.77777777777755,-0.23712085489422,"perc_offset"
"355","gnd1v5zo5x7qjad","value_alt_offset",1,1,0.166666666666667,2.60160345801662,-0.0216666651308677,"value_alt_offset"
"356","gnd1v5zo5x7qjad","value_alt_offset",1,2,0.166666666666667,3.37992680350987,0.0349999965483956,"value_alt_offset"
"357","gnd1v5zo5x7qjad","value_alt_offset",2,1,0.166666666666667,3.41787853824538,-0.0444444434119746,"value_alt_offset"
"358","gnd1v5zo5x7qjad","value_alt_offset",2,2,0.166666666666667,4.11522633760789,0.00750000429980702,"value_alt_offset"
"359","gnd1v5zo5x7qjad","value_alt_offset",3,1,0.166666666666667,3.47977936964506,-0.0408333334172216,"value_alt_offset"
"360","gnd1v5zo5x7qjad","value_alt_offset",3,2,0.166666666666667,4.48856254214857,-0.0438888885647196,"value_alt_offset"
"361","gs1p8zvs22f3u03","value_alt_offset",1,1,0.166666666666667,1.72839506172847,-0.0855944582964194,"value_alt_offset"
"362","gs1p8zvs22f3u03","value_alt_offset",1,2,0.166666666666667,1.20974816331926,0.13722223142411,"value_alt_offset"
"363","gs1p8zvs22f3u03","value_alt_offset",2,1,0.166666666666667,0.695047318577943,0.204166687714262,"value_alt_offset"
"364","gs1p8zvs22f3u03","value_alt_offset",2,2,0.166666666666667,1.68724279835329,-0.104845128633692,"value_alt_offset"
"365","gs1p8zvs22f3u03","value_alt_offset",3,1,0.166666666666667,2.3059633653749,-0.150249802038162,"value_alt_offset"
"366","gs1p8zvs22f3u03","value_alt_offset",3,2,0.166666666666667,1.67352537722318,-0.0399388531709943,"value_alt_offset"
"367","gstz99vr89krpfz","value_alt_offset",1,1,0.166666666666667,0.944549799000738,0.321666652978102,"value_alt_offset"
"368","gstz99vr89krpfz","value_alt_offset",1,2,0.166666666666667,3.63414211425632,0.00527777857266032,"value_alt_offset"
"369","gstz99vr89krpfz","value_alt_offset",2,1,0.166666666666667,2.26516707277198,0.0588888879797449,"value_alt_offset"
"370","gstz99vr89krpfz","value_alt_offset",2,2,0.166666666666667,2.96469615730623,0.0116666674281127,"value_alt_offset"
"371","gstz99vr89krpfz","value_alt_offset",3,1,0.5,3.69862317735527,-0.0091957526794969,"value_alt_offset"
"372","gstz99vr89krpfz","value_alt_offset",3,2,0.388888888888889,4.54088001277896,-0.145277778532771,"value_alt_offset"
"373","h9du65sl07e0gv9","value_alt_offset",1,1,0.166666666666667,0.0617283950617287,0.0736111679069233,"value_alt_offset"
"374","h9du65sl07e0gv9","value_alt_offset",1,2,0.5,1.60493827160558,-0.415637860082698,"value_alt_offset"
"375","h9du65sl07e0gv9","value_alt_offset",2,1,0.5,0.750949881743515,-0.0370370370371779,"perc_offset"
"376","h9du65sl07e0gv9","value_alt_offset",2,2,0.5,2.3456790123459,-0.243712848653612,"perc_offset"
"377","h9du65sl07e0gv9","value_alt_offset",3,1,0.5,0.323121475371081,0.00416965038668726,"perc_offset"
"378","h9du65sl07e0gv9","value_alt_offset",3,2,0.5,1.30302956063715,-0.259259259259128,"perc_offset"
"379","hd4d44n06f6cawh","value_alt_offset",1,1,0.166666666666667,2.99780621964785,-0.020833332849363,"value_alt_offset"
"380","hd4d44n06f6cawh","value_alt_offset",1,2,0.166666666666667,1.28303122605372,0.0111111108529933,"value_alt_offset"
"381","hd4d44n06f6cawh","value_alt_offset",2,1,0.166666666666667,2.78142430569703,-0.0272222203661663,"value_alt_offset"
"382","hd4d44n06f6cawh","value_alt_offset",2,2,0.166666666666667,3.25776276036124,-0.0716666656688778,"value_alt_offset"
"383","hd4d44n06f6cawh","value_alt_offset",3,1,0.166666666666667,5.45241061066783,-0.0230555557082751,"value_alt_offset"
"384","hd4d44n06f6cawh","value_alt_offset",3,2,0.166666666666667,6.66666666666688,-0.0200000005630503,"value_alt_offset"
"385","hd9k76vgdu5mql0","value_alt_offset",1,1,0.166666666666667,2.48652733232186,-0.047499996831608,"value_alt_offset"
"386","hd9k76vgdu5mql0","value_alt_offset",1,2,0.5,3.33333333333333,-0.1358024691358,"value_alt_offset"
"387","hd9k76vgdu5mql0","value_alt_offset",2,1,0.5,2.20850480109149,-0.0754458161861667,"value_alt_offset"
"388","hd9k76vgdu5mql0","value_alt_offset",2,2,0.5,3.12909617439186,-0.0699588478348472,"value_alt_offset"
"389","hd9k76vgdu5mql0","value_alt_offset",3,1,0.5,1.95651069448675,-0.0781893004114789,"value_alt_offset"
"390","hd9k76vgdu5mql0","value_alt_offset",3,2,0.166666666666667,2.69647715594446,-0.0244272728694016,"value_alt_offset"
"391","hjgqzm1pq2mo1u7","value_alt_offset",1,1,0.5,1.37174211248263,-0.000737825882070164,"perc_offset"
"392","hjgqzm1pq2mo1u7","value_alt_offset",1,2,0.5,1.64609053498008,0.00269165530916249,"perc_offset"
"393","hjgqzm1pq2mo1u7","value_alt_offset",2,1,0.166666666666667,0.0617283950617287,-0.690000025040263,"value_alt_offset"
"394","hjgqzm1pq2mo1u7","value_alt_offset",2,2,0.5,1.358024691358,0.0206325819905304,"value_alt_offset"
"395","hjgqzm1pq2mo1u7","value_alt_offset",3,1,0.5,1.54397196207439,-0.0370370370374599,"value_alt_offset"
"396","hjgqzm1pq2mo1u7","value_alt_offset",3,2,0.166666666666667,1.48148148148155,-0.689986282577666,"value_alt_offset"
"397","hkdemly7qs0y8be","value_alt_offset",1,1,0.166666666666667,2.41131036739429,0.00805555685976578,"value_alt_offset"
"398","hkdemly7qs0y8be","value_alt_offset",1,2,0.166666666666667,4.63416578588992,0.0225000008539389,"value_alt_offset"
"399","hkdemly7qs0y8be","value_alt_offset",2,1,0.166666666666667,6.03698710162952,-0.00916666542124978,"value_alt_offset"
"400","hkdemly7qs0y8be","value_alt_offset",2,2,0.166666666666667,6.03844751311884,0.0699999994063294,"value_alt_offset"
"401","hkdemly7qs0y8be","value_alt_offset",3,1,0.166666666666667,3.93725215436626,-0.00805555749709275,"value_alt_offset"
"402","hkdemly7qs0y8be","value_alt_offset",3,2,0.166666666666667,3.80860268595655,-0.100555554252062,"value_alt_offset"
"403","hm4cdxlz8t0281v","value_alt_offset",1,1,0.166666666666667,1.35726935787677,0.105833340855307,"value_alt_offset"
"404","hm4cdxlz8t0281v","value_alt_offset",1,2,0.166666666666667,1.58046791864147,0.0980555574075486,"value_alt_offset"
"405","hm4cdxlz8t0281v","value_alt_offset",2,1,0.166666666666667,3.90872266180016,-0.151111114828003,"value_alt_offset"
"406","hm4cdxlz8t0281v","value_alt_offset",2,2,0.166666666666667,1.9791229084944,0.0344444508715698,"value_alt_offset"
"407","hm4cdxlz8t0281v","value_alt_offset",3,1,0.166666666666667,2.59595383712398,-0.0729292714304534,"value_alt_offset"
"408","hm4cdxlz8t0281v","value_alt_offset",3,2,0.166666666666667,4.92348618402575,-0.114999999393424,"value_alt_offset"
"409","hmfoy1dyl3p0oyx","value_alt_offset",1,1,0.166666666666667,1.69486358786705,0.0574607529341344,"value_alt_offset"
"410","hmfoy1dyl3p0oyx","value_alt_offset",1,2,0.166666666666667,1.87048463042097,0.000457247370784897,"value_alt_offset"
"411","hmfoy1dyl3p0oyx","value_alt_offset",2,1,0.166666666666667,1.94254771331931,0.100355872275797,"value_alt_offset"
"412","hmfoy1dyl3p0oyx","value_alt_offset",2,2,0.166666666666667,1.64846144727899,0.382716049382715,"value_alt_offset"
"413","hmfoy1dyl3p0oyx","value_alt_offset",3,1,0.166666666666667,1.80155464106074,0.111111111111125,"value_alt_offset"
"414","hmfoy1dyl3p0oyx","value_alt_offset",3,2,0.166666666666667,1.28943758573394,0.190672153635112,"value_alt_offset"
"415","hvawyrkxreuq7d8","value_alt_offset",1,1,0.166666666666667,1.19093235412234,0.043611116356552,"value_alt_offset"
"416","hvawyrkxreuq7d8","value_alt_offset",1,2,0.166666666666667,8.41256517798675,0.136111113685117,"value_alt_offset"
"417","hvawyrkxreuq7d8","value_alt_offset",2,1,0.166666666666667,2.37041426841005,-0.0205555577165725,"value_alt_offset"
"418","hvawyrkxreuq7d8","value_alt_offset",2,2,0.166666666666667,1.99067810626387,-0.0544444405411447,"value_alt_offset"
"419","hvawyrkxreuq7d8","value_alt_offset",3,1,0.5,4.69135802469129,-0.08016702149065,"value_alt_offset"
"420","hvawyrkxreuq7d8","value_alt_offset",3,2,0.5,9.99999999999993,-0.0588223309639607,"value_alt_offset"
"421","jdewbyn3agn01fj","value_alt_offset",1,1,0.166666666666667,3.76763930403074,0.195000017151907,"value_alt_offset"
"422","jdewbyn3agn01fj","value_alt_offset",1,2,0.166666666666667,1.06092591040016,0.113333345155114,"value_alt_offset"
"423","jdewbyn3agn01fj","value_alt_offset",2,1,0.166666666666667,2.14779067006615,0.0316666679888902,"value_alt_offset"
"424","jdewbyn3agn01fj","value_alt_offset",2,2,0.388888888888889,5.55555555555577,-0.218888892847559,"value_alt_offset"
"425","jdewbyn3agn01fj","value_alt_offset",3,1,0.5,1.90480536252692,0.0186389728482033,"value_alt_offset"
"426","jdewbyn3agn01fj","value_alt_offset",3,2,0.166666666666667,2.83290148858832,-0.0760554793472087,"value_alt_offset"
"427","je7gumyhw5zyax5","value_alt_offset",1,1,0.166666666666667,1.37812939728262,0.090277791167622,"value_alt_offset"
"428","je7gumyhw5zyax5","value_alt_offset",1,2,0.166666666666667,1.83587841943013,0.00388889086345845,"value_alt_offset"
"429","je7gumyhw5zyax5","value_alt_offset",2,1,0.166666666666667,2.39782177867419,-0.0188888874813521,"value_alt_offset"
"430","je7gumyhw5zyax5","value_alt_offset",2,2,0.166666666666667,2.42366333650464,-0.0591666642597211,"value_alt_offset"
"431","je7gumyhw5zyax5","value_alt_offset",3,1,0.166666666666667,3.27389117507204,-0.111111111111106,"value_alt_offset"
"432","je7gumyhw5zyax5","value_alt_offset",3,2,0.166666666666667,2.77919925654732,-0.0684275873248362,"value_alt_offset"
"433","jk1c41xga9cmsrf","value_alt_offset",1,1,0.166666666666667,2.32893801597571,-0.0202777765291745,"value_alt_offset"
"434","jk1c41xga9cmsrf","value_alt_offset",1,2,0.166666666666667,2.54994168622816,-0.0216666668516509,"value_alt_offset"
"435","jk1c41xga9cmsrf","value_alt_offset",2,1,0.166666666666667,2.64108311439013,-0.0180555551361136,"value_alt_offset"
"436","jk1c41xga9cmsrf","value_alt_offset",2,2,0.166666666666667,4.44444444444507,-0.0272222203686141,"value_alt_offset"
"437","jk1c41xga9cmsrf","value_alt_offset",3,1,0.166666666666667,4.81481481481533,-0.0427777790669156,"value_alt_offset"
"438","jk1c41xga9cmsrf","value_alt_offset",3,2,0.166666666666667,4.07407407407405,-0.0325000001077649,"value_alt_offset"
"439","jvcerddevc3rwm0","value_alt_offset",1,1,0.166666666666667,4.1823260281931,-0.0108333351466086,"value_alt_offset"
"440","jvcerddevc3rwm0","value_alt_offset",1,2,0.166666666666667,3.08498143119537,0.0013888888566238,"value_alt_offset"
"441","jvcerddevc3rwm0","value_alt_offset",2,1,0.166666666666667,4.89072347005719,0.0174999985609952,"value_alt_offset"
"442","jvcerddevc3rwm0","value_alt_offset",2,2,0.166666666666667,4.80149617228943,-0.100277781987244,"value_alt_offset"
"443","jvcerddevc3rwm0","value_alt_offset",3,1,0.166666666666667,6.17283950617262,-0.00838260719528583,"value_alt_offset"
"444","jvcerddevc3rwm0","value_alt_offset",3,2,0.166666666666667,9.92827915459061,0.00888888971486468,"perc_offset"
"445","k3j8o90rkvw7tal","value_alt_offset",1,1,0.166666666666667,1.39571780624127,0.129444439372436,"value_alt_offset"
"446","k3j8o90rkvw7tal","value_alt_offset",1,2,0.166666666666667,1.87718983804184,0.122500000251665,"value_alt_offset"
"447","k3j8o90rkvw7tal","value_alt_offset",2,1,0.166666666666667,4.21393432034003,-0.117222225693902,"value_alt_offset"
"448","k3j8o90rkvw7tal","value_alt_offset",2,2,0.166666666666667,4.08268243110108,-0.0922222262746668,"value_alt_offset"
"449","k3j8o90rkvw7tal","value_alt_offset",3,1,0.166666666666667,2.88684224413565,-0.064444443979833,"value_alt_offset"
"450","k3j8o90rkvw7tal","value_alt_offset",3,2,0.166666666666667,4.59012302005535,-0.0330555568525943,"value_alt_offset"
"451","k7xa918wsdj832n","value_alt_offset",1,1,0.166666666666667,1.71034737143187,0.0641666682734476,"value_alt_offset"
"452","k7xa918wsdj832n","value_alt_offset",1,2,0.166666666666667,1.81177094389851,0.0680555539745857,"value_alt_offset"
"453","k7xa918wsdj832n","value_alt_offset",2,1,0.166666666666667,3.10349676679077,-0.11156078015275,"value_alt_offset"
"454","k7xa918wsdj832n","value_alt_offset",2,2,0.166666666666667,3.55482968532415,0.0669444442659135,"value_alt_offset"
"455","k7xa918wsdj832n","value_alt_offset",3,1,0.166666666666667,2.64746227709169,-0.0227099527510612,"value_alt_offset"
"456","k7xa918wsdj832n","value_alt_offset",3,2,0.166666666666667,4.44444444444447,0.0368459225535009,"value_alt_offset"
"457","kp5boe0z4uwwu7r","value_alt_offset",1,1,0.5,2.59259259259252,-0.0118873853979922,"value_alt_offset"
"458","kp5boe0z4uwwu7r","value_alt_offset",1,2,0.5,3.00411522633742,-0.077579637248015,"value_alt_offset"
"459","kp5boe0z4uwwu7r","value_alt_offset",2,1,0.388888888888889,9.9999999999823,-0.166666663434592,"perc_offset"
"460","kp5boe0z4uwwu7r","value_alt_offset",2,2,0.5,4.44444444444446,-0.163237311385503,"value_alt_offset"
"461","kp5boe0z4uwwu7r","value_alt_offset",3,1,0.5,3.20987654321039,-0.245541838134562,"value_alt_offset"
"462","kp5boe0z4uwwu7r","value_alt_offset",3,2,0.5,3.78143575674369,-0.271841399760134,"value_alt_offset"
"463","ktwcurcgfv59jnc","value_alt_offset",1,1,0.166666666666667,1.35497637555083,-0.0370370370370352,"value_alt_offset"
"464","ktwcurcgfv59jnc","value_alt_offset",1,2,0.166666666666667,0.615410637072597,0.185185185185186,"value_alt_offset"
"465","ktwcurcgfv59jnc","value_alt_offset",2,1,0.166666666666667,0.768887205379203,0.185185185185142,"value_alt_offset"
"466","ktwcurcgfv59jnc","value_alt_offset",2,2,0.388888888888889,0.886844975005461,0.341563786008623,"value_alt_offset"
"467","ktwcurcgfv59jnc","value_alt_offset",3,1,0.166666666666667,2.15545407083363,-0.162322816643936,"value_alt_offset"
"468","ktwcurcgfv59jnc","value_alt_offset",3,2,0.166666666666667,2.4417009602197,-0.094650205761351,"value_alt_offset"
"469","kug2nygmmndpth5","value_alt_offset",1,1,0.166666666666667,2.56157700270726,-0.108608965295184,"value_alt_offset"
"470","kug2nygmmndpth5","value_alt_offset",1,2,0.166666666666667,3.18085867936634,-0.292777776482889,"value_alt_offset"
"471","kug2nygmmndpth5","value_alt_offset",2,1,0.166666666666667,2.0987654320988,-0.0658379763861355,"value_alt_offset"
"472","kug2nygmmndpth5","value_alt_offset",2,2,0.166666666666667,2.37524475635051,0.0341666686644486,"value_alt_offset"
"473","kug2nygmmndpth5","value_alt_offset",3,1,0.166666666666667,1.69994411415712,-0.10710314031916,"value_alt_offset"
"474","kug2nygmmndpth5","value_alt_offset",3,2,0.166666666666667,1.68724279835384,-0.0352080475536244,"value_alt_offset"
"475","l7kobq2fs7s15go","value_alt_offset",1,1,0.5,1.51348879744143,0.0744955306018187,"value_alt_offset"
"476","l7kobq2fs7s15go","value_alt_offset",1,2,0.166666666666667,2.10105792399982,0.000833332281504617,"value_alt_offset"
"477","l7kobq2fs7s15go","value_alt_offset",2,1,0.5,2.2222222222222,-0.0281969212007304,"value_alt_offset"
"478","l7kobq2fs7s15go","value_alt_offset",2,2,0.5,2.96753543667729,0.00281300894811554,"value_alt_offset"
"479","l7kobq2fs7s15go","value_alt_offset",3,1,0.166666666666667,1.91840674693279,-0.0123456790123019,"value_alt_offset"
"480","l7kobq2fs7s15go","value_alt_offset",3,2,0.166666666666667,5.97568918199368,-0.405833327576597,"value_alt_offset"
"481","le6z045m543xskj","value_alt_offset",1,1,0.5,5,-0.666666666666667,"perc_offset"
"482","le6z045m543xskj","value_alt_offset",1,2,0.5,1.23456790123465,0.00411522633714312,"value_alt_offset"
"483","le6z045m543xskj","value_alt_offset",2,1,0.5,0.82304526748969,-0.00411522633744354,"value_alt_offset"
"484","le6z045m543xskj","value_alt_offset",2,2,0.5,0.878480851681498,-0.0205761316872866,"value_alt_offset"
"485","le6z045m543xskj","value_alt_offset",3,1,0.5,1.52285954606762,0.0123456790123413,"value_alt_offset"
"486","le6z045m543xskj","value_alt_offset",3,2,0.5,1.35802469135824,-0.111212721640337,"value_alt_offset"
"487","lnhuzvcq72odm0l","value_alt_offset",1,1,0.166666666666667,5.29227986958635,0.0661111135139936,"value_alt_offset"
"488","lnhuzvcq72odm0l","value_alt_offset",1,2,0.166666666666667,3.33333333333341,0.0811111095551449,"value_alt_offset"
"489","lnhuzvcq72odm0l","value_alt_offset",2,1,0.166666666666667,4.4444444444451,0.00138889209912363,"value_alt_offset"
"490","lnhuzvcq72odm0l","value_alt_offset",2,2,0.166666666666667,7.17314384216783,-0.0436111111304697,"value_alt_offset"
"491","lnhuzvcq72odm0l","value_alt_offset",3,1,0.388888888888889,4.12522163999437,-0.256944524514637,"value_alt_offset"
"492","lnhuzvcq72odm0l","value_alt_offset",3,2,0.166666666666667,8.02332822670869,0.0194444388311763,"value_alt_offset"
"493","lq01y2l4zvsfb6u","value_alt_offset",1,1,0.166666666666667,1.59943457774782,0.073619589420665,"value_alt_offset"
"494","lq01y2l4zvsfb6u","value_alt_offset",1,2,0.166666666666667,2.35412006049066,-0.0236440538096809,"value_alt_offset"
"495","lq01y2l4zvsfb6u","value_alt_offset",2,1,0.166666666666667,0.54869684501065,0.0827617741162532,"value_alt_offset"
"496","lq01y2l4zvsfb6u","value_alt_offset",2,2,0.5,1.59951904350325,0.316872427983552,"value_alt_offset"
"497","lq01y2l4zvsfb6u","value_alt_offset",3,1,0.166666666666667,2.46287840143021,-0.329285728613078,"value_alt_offset"
"498","lq01y2l4zvsfb6u","value_alt_offset",3,2,0.166666666666667,5.39819410101806,-0.0688889017431393,"value_alt_offset"
"499","lqk83qqxe3xs6ss","value_alt_offset",1,1,0.166666666666667,3.91675172433467,0.0724999962508437,"value_alt_offset"
"500","lqk83qqxe3xs6ss","value_alt_offset",1,2,0.5,3.08641975308649,0.232129248589732,"value_alt_offset"
"501","lqk83qqxe3xs6ss","value_alt_offset",2,1,0.5,1.60493827160473,0.292181069958862,"value_alt_offset"
"502","lqk83qqxe3xs6ss","value_alt_offset",2,2,0.166666666666667,3.689880906118,0.031666662833622,"value_alt_offset"
"503","lqk83qqxe3xs6ss","value_alt_offset",3,1,0.166666666666667,2.71369347995822,-0.0797222214026989,"value_alt_offset"
"504","lqk83qqxe3xs6ss","value_alt_offset",3,2,0.5,2.83950617283945,0.0209487036203249,"value_alt_offset"
"505","lucnd0k3f5h8ez4","value_alt_offset",1,1,0.166666666666667,1.95804108594783,-0.0433070074412094,"value_alt_offset"
"506","lucnd0k3f5h8ez4","value_alt_offset",1,2,0.166666666666667,2.84327361683607,-0.0450000000083385,"value_alt_offset"
"507","lucnd0k3f5h8ez4","value_alt_offset",2,1,0.166666666666667,4.44444444444466,-0.0472222262953631,"value_alt_offset"
"508","lucnd0k3f5h8ez4","value_alt_offset",2,2,0.166666666666667,5.37197095972668,-0.0424999979802307,"value_alt_offset"
"509","lucnd0k3f5h8ez4","value_alt_offset",3,1,0.166666666666667,5.41527271935274,-0.0872222222609393,"value_alt_offset"
"510","lucnd0k3f5h8ez4","value_alt_offset",3,2,0.166666666666667,5.55555555556146,-0.0488888891321589,"value_alt_offset"
"511","m603l2rxt7hfqax","value_alt_offset",1,1,0.166666666666667,1.73150345437719,0.0219444459996023,"value_alt_offset"
"512","m603l2rxt7hfqax","value_alt_offset",1,2,0.166666666666667,1.54900365987192,0.0788888885475998,"value_alt_offset"
"513","m603l2rxt7hfqax","value_alt_offset",2,1,0.166666666666667,2.00194552694413,0.1113888893987,"value_alt_offset"
"514","m603l2rxt7hfqax","value_alt_offset",2,2,0.166666666666667,3.11934912825333,-0.06555555566422,"value_alt_offset"
"515","m603l2rxt7hfqax","value_alt_offset",3,1,0.166666666666667,2.77091906721514,0.00703532668353102,"value_alt_offset"
"516","m603l2rxt7hfqax","value_alt_offset",3,2,0.166666666666667,8.41825400975704,-0.010833329984259,"perc_offset"
"517","m72afjrfmn9ycnm","value_alt_offset",1,1,0.166666666666667,0.0617283950617287,-0.436874999658821,"perc_offset"
"518","m72afjrfmn9ycnm","value_alt_offset",1,2,0.5,5,-0.666666666666667,"perc_offset"
"519","m72afjrfmn9ycnm","value_alt_offset",2,1,0.5,2.64746227709213,-0.270233196159166,"perc_offset"
"520","m72afjrfmn9ycnm","value_alt_offset",2,2,0.5,0.987654320987436,-0.111111111111096,"perc_offset"
"521","m72afjrfmn9ycnm","value_alt_offset",3,1,0.5,1.23456790128768,-0.188877034359289,"perc_offset"
"522","m72afjrfmn9ycnm","value_alt_offset",3,2,0.5,2.12162780063818,-0.26474622770906,"value_alt_offset"
"523","m8fuvpkggx3r7sw","value_alt_offset",1,1,0.5,1.48148148148151,0.242798353909412,"value_alt_offset"
"524","m8fuvpkggx3r7sw","value_alt_offset",1,2,0.166666666666667,3.6374346609251,0.107222222828798,"value_alt_offset"
"525","m8fuvpkggx3r7sw","value_alt_offset",2,1,0.5,2.79835390946505,0.150739216578801,"value_alt_offset"
"526","m8fuvpkggx3r7sw","value_alt_offset",2,2,0.5,2.59259259259252,0.0523124862430009,"value_alt_offset"
"527","m8fuvpkggx3r7sw","value_alt_offset",3,1,0.5,2.73738689394128,-0.150298904298639,"value_alt_offset"
"528","m8fuvpkggx3r7sw","value_alt_offset",3,2,0.388888888888889,6.51191028859946,-0.165555559969364,"value_alt_offset"
"529","mdtwfshb8x8v70p","value_alt_offset",1,1,0.166666666666667,3.3333333333335,0.00638888853914987,"value_alt_offset"
"530","mdtwfshb8x8v70p","value_alt_offset",1,2,0.5,2.1170553269299,0.158766448204952,"value_alt_offset"
"531","mdtwfshb8x8v70p","value_alt_offset",2,1,0.5,5.55555555555556,-0.140600744024697,"value_alt_offset"
"532","mdtwfshb8x8v70p","value_alt_offset",2,2,0.5,6.34659350709323,-0.0492648849102794,"value_alt_offset"
"533","mdtwfshb8x8v70p","value_alt_offset",3,1,0.5,4.9382716049383,0.0123456790123251,"value_alt_offset"
"534","mdtwfshb8x8v70p","value_alt_offset",3,2,0.5,3.34705075445838,-0.0397805212621049,"value_alt_offset"
"535","mghqo7uxufw84xb","value_alt_offset",1,1,0.5,1.12584463748674,-4.20788847865783e-05,"perc_offset"
"536","mghqo7uxufw84xb","value_alt_offset",1,2,0.5,1.32144490169378,0.000457247370695857,"perc_offset"
"537","mghqo7uxufw84xb","value_alt_offset",2,1,0.5,1.46302223575259,-0.00320073159225298,"value_alt_offset"
"538","mghqo7uxufw84xb","value_alt_offset",2,2,0.5,1.09739368998694,0.000238972817220517,"value_alt_offset"
"539","mghqo7uxufw84xb","value_alt_offset",3,1,0.5,1.39917695473252,0.00411522633744754,"value_alt_offset"
"540","mghqo7uxufw84xb","value_alt_offset",3,2,0.5,1.39917695473253,0.0123456790123424,"value_alt_offset"
"541","mmjryby874fs60o","value_alt_offset",1,1,0.166666666666667,2.1184738273125,0.117222221105147,"value_alt_offset"
"542","mmjryby874fs60o","value_alt_offset",1,2,0.166666666666667,2.32909133775834,0.0394444453253899,"value_alt_offset"
"543","mmjryby874fs60o","value_alt_offset",2,1,0.166666666666667,1.42493489795489,0.0741666660399352,"value_alt_offset"
"544","mmjryby874fs60o","value_alt_offset",2,2,0.166666666666667,4.06164002596156,-0.00833332625661243,"value_alt_offset"
"545","mmjryby874fs60o","value_alt_offset",3,1,0.166666666666667,3.82716049382723,-0.0667646786407236,"value_alt_offset"
"546","mmjryby874fs60o","value_alt_offset",3,2,0.166666666666667,4.63750071566298,-0.0200000007590568,"value_alt_offset"
"547","n56opcxqwcyuk97","value_alt_offset",1,1,0.5,1.97530864197509,-0.0521092651837862,"value_alt_offset"
"548","n56opcxqwcyuk97","value_alt_offset",1,2,0.166666666666667,0.0617283950617287,-0.156000004620494,"value_alt_offset"
"549","n56opcxqwcyuk97","value_alt_offset",2,1,0.5,1.85185185185178,-0.0123456790122436,"value_alt_offset"
"550","n56opcxqwcyuk97","value_alt_offset",2,2,0.5,2.55144032921803,-0.152249575431251,"value_alt_offset"
"551","n56opcxqwcyuk97","value_alt_offset",3,1,0.5,2.354146556244,-0.219525544468579,"value_alt_offset"
"552","n56opcxqwcyuk97","value_alt_offset",3,2,0.5,1.93235831933504,-0.132860200896603,"value_alt_offset"
"553","np2r7s44c0nxgg5","value_alt_offset",1,1,0.5,6.33744855967143,-0.0542757097201682,"value_alt_offset"
"554","np2r7s44c0nxgg5","value_alt_offset",1,2,0.5,4.44444444444442,-0.0646110072505242,"value_alt_offset"
"555","np2r7s44c0nxgg5","value_alt_offset",2,1,0.388888888888889,9.66557211433389,-0.146944443095781,"value_alt_offset"
"556","np2r7s44c0nxgg5","value_alt_offset",2,2,0.5,5.55555555555556,0.0230580158971374,"value_alt_offset"
"557","np2r7s44c0nxgg5","value_alt_offset",3,1,0.5,6.29629629629633,-0.189104000755222,"perc_offset"
"558","np2r7s44c0nxgg5","value_alt_offset",3,2,0.166666666666667,6.54837554293624,-0.391666667892725,"value_alt_offset"
"559","nrv57g0kvh6lz31","value_alt_offset",1,1,0.166666666666667,1.39927071590682,0.0566666725775564,"value_alt_offset"
"560","nrv57g0kvh6lz31","value_alt_offset",1,2,0.5,3.11233043744971,3.32195205028363e-05,"value_alt_offset"
"561","nrv57g0kvh6lz31","value_alt_offset",2,1,0.166666666666667,2.18509771433384,0.0736111111218694,"value_alt_offset"
"562","nrv57g0kvh6lz31","value_alt_offset",2,2,0.166666666666667,5.55555555555621,0.00277777771657051,"value_alt_offset"
"563","nrv57g0kvh6lz31","value_alt_offset",3,1,0.5,1.53115146557528,0.00777320530419678,"value_alt_offset"
"564","nrv57g0kvh6lz31","value_alt_offset",3,2,0.166666666666667,2.77549154092168,0.0162068790338477,"value_alt_offset"
"565","nvk3jd25saegh24","value_alt_offset",1,1,0.5,0.740740740740765,0.00258730505635874,"perc_offset"
"566","nvk3jd25saegh24","value_alt_offset",1,2,0.5,0.877914951989682,0.00103931231639276,"perc_offset"
"567","nvk3jd25saegh24","value_alt_offset",2,1,0.5,0.0617283950617287,0,"perc_offset"
"568","nvk3jd25saegh24","value_alt_offset",2,2,0.5,0.728129327696145,-0.00685871056280585,"perc_offset"
"569","nvk3jd25saegh24","value_alt_offset",3,1,0.5,0.505851072968294,-0.0123456790123898,"perc_offset"
"570","nvk3jd25saegh24","value_alt_offset",3,2,0.5,0.663008687700119,-0.0205761316872671,"value_alt_offset"
"571","oemn8dnelyez9dr","value_alt_offset",1,1,0.5,1.34040625904508,0.218990965557744,"value_alt_offset"
"572","oemn8dnelyez9dr","value_alt_offset",1,2,0.166666666666667,2.3324866925146,0.236111115950814,"value_alt_offset"
"573","oemn8dnelyez9dr","value_alt_offset",2,1,0.5,1.58676127723344,0.249948724328091,"value_alt_offset"
"574","oemn8dnelyez9dr","value_alt_offset",2,2,0.166666666666667,2.83950617285721,-0.264746227712731,"value_alt_offset"
"575","oemn8dnelyez9dr","value_alt_offset",3,1,0.166666666666667,2.69002062632036,-0.0617283950616843,"value_alt_offset"
"576","oemn8dnelyez9dr","value_alt_offset",3,2,0.388888888888889,8.03138095001475,-0.228888885636609,"perc_offset"
"577","oeu4jokoabrwtua","value_alt_offset",1,1,0.166666666666667,1.34979422405647,-0.0203047753625649,"value_alt_offset"
"578","oeu4jokoabrwtua","value_alt_offset",1,2,0.166666666666667,1.19864046764731,0.0624999985480894,"value_alt_offset"
"579","oeu4jokoabrwtua","value_alt_offset",2,1,0.166666666666667,1.36959316831589,0.0283333405907367,"value_alt_offset"
"580","oeu4jokoabrwtua","value_alt_offset",2,2,0.166666666666667,2.72057001448462,-0.125555559407242,"value_alt_offset"
"581","oeu4jokoabrwtua","value_alt_offset",3,1,0.5,1.99359853681431,0.072395383340502,"value_alt_offset"
"582","oeu4jokoabrwtua","value_alt_offset",3,2,0.166666666666667,3.67445469278959,-0.21666666220697,"value_alt_offset"
"583","p0ptwsbjrbx9q9b","value_alt_offset",1,1,0.5,1.97530864197524,-0.0533925684714502,"value_alt_offset"
"584","p0ptwsbjrbx9q9b","value_alt_offset",1,2,0.5,2.09876543215188,-0.0233196159157492,"value_alt_offset"
"585","p0ptwsbjrbx9q9b","value_alt_offset",2,1,0.5,1.83813443072695,-0.0260631001371304,"value_alt_offset"
"586","p0ptwsbjrbx9q9b","value_alt_offset",2,2,0.5,2.38683127572053,-0.0480449397856757,"value_alt_offset"
"587","p0ptwsbjrbx9q9b","value_alt_offset",3,1,0.5,2.22222222222225,-0.209876543209891,"value_alt_offset"
"588","p0ptwsbjrbx9q9b","value_alt_offset",3,2,0.5,2.47393407736079,-0.0480109739369436,"value_alt_offset"
"589","p2sp49zl9919q87","value_alt_offset",1,1,0.166666666666667,0.966333313879019,0.0880555614255774,"value_alt_offset"
"590","p2sp49zl9919q87","value_alt_offset",1,2,0.166666666666667,2.31968468502966,0.0497222231320862,"value_alt_offset"
"591","p2sp49zl9919q87","value_alt_offset",2,1,0.166666666666667,1.94887314026389,-0.00638889287035094,"value_alt_offset"
"592","p2sp49zl9919q87","value_alt_offset",2,2,0.166666666666667,2.38560073935584,-0.127777779780578,"value_alt_offset"
"593","p2sp49zl9919q87","value_alt_offset",3,1,0.166666666666667,2.21307762326427,-0.0500432541656308,"value_alt_offset"
"594","p2sp49zl9919q87","value_alt_offset",3,2,0.166666666666667,2.59259259259261,-0.119646395366953,"value_alt_offset"
"595","p2v49387cgj37sn","value_alt_offset",1,1,0.166666666666667,1.44706821378257,0.00833333313738449,"value_alt_offset"
"596","p2v49387cgj37sn","value_alt_offset",1,2,0.166666666666667,2.55140885179152,0.00694444428548135,"value_alt_offset"
"597","p2v49387cgj37sn","value_alt_offset",2,1,0.166666666666667,1.90697130086191,0.0411111142859557,"value_alt_offset"
"598","p2v49387cgj37sn","value_alt_offset",2,2,0.166666666666667,4.2562987808319,-0.00194444543174377,"value_alt_offset"
"599","p2v49387cgj37sn","value_alt_offset",3,1,0.166666666666667,4.19449985516899,-0.000266253915709114,"value_alt_offset"
"600","p2v49387cgj37sn","value_alt_offset",3,2,0.166666666666667,5.03714628009774,0.00555555543121766,"value_alt_offset"
"601","pjp6ertnjw1vb6j","value_alt_offset",1,1,0.166666666666667,1.31806334044684,0.121388891690181,"value_alt_offset"
"602","pjp6ertnjw1vb6j","value_alt_offset",1,2,0.166666666666667,2.9428600125572,-0.00388889067228959,"value_alt_offset"
"603","pjp6ertnjw1vb6j","value_alt_offset",2,1,0.166666666666667,2.35866556092236,-0.00333333371477373,"value_alt_offset"
"604","pjp6ertnjw1vb6j","value_alt_offset",2,2,0.166666666666667,3.50008443926155,-0.00583333113288176,"value_alt_offset"
"605","pjp6ertnjw1vb6j","value_alt_offset",3,1,0.166666666666667,2.73938217179721,-0.0165834189947258,"value_alt_offset"
"606","pjp6ertnjw1vb6j","value_alt_offset",3,2,0.166666666666667,4.31117974410907,-0.100555555972845,"value_alt_offset"
"607","pojfe0tpsdoned2","value_alt_offset",1,1,0.166666666666667,1.19678736196156,0.104166665968386,"value_alt_offset"
"608","pojfe0tpsdoned2","value_alt_offset",1,2,0.166666666666667,1.35721948097602,0.113055559124817,"value_alt_offset"
"609","pojfe0tpsdoned2","value_alt_offset",2,1,0.166666666666667,2.28454459722702,-0.0336111289147643,"value_alt_offset"
"610","pojfe0tpsdoned2","value_alt_offset",2,2,0.166666666666667,2.81247201065472,0.00972222715871851,"value_alt_offset"
"611","pojfe0tpsdoned2","value_alt_offset",3,1,0.166666666666667,3.27761689428427,-0.0623327852651285,"value_alt_offset"
"612","pojfe0tpsdoned2","value_alt_offset",3,2,0.166666666666667,3.25102880658497,-0.09522909873563,"value_alt_offset"
"613","pv8gfb6dwc0u8md","value_alt_offset",1,1,0.166666666666667,0.481629840489969,0.119444446832031,"value_alt_offset"
"614","pv8gfb6dwc0u8md","value_alt_offset",1,2,0.166666666666667,1.67783359456414,0.0616666662666716,"value_alt_offset"
"615","pv8gfb6dwc0u8md","value_alt_offset",2,1,0.166666666666667,2.31790333887067,-0.0355555468139738,"value_alt_offset"
"616","pv8gfb6dwc0u8md","value_alt_offset",2,2,0.166666666666667,2.83739563651803,0.0183333360048494,"value_alt_offset"
"617","pv8gfb6dwc0u8md","value_alt_offset",3,1,0.166666666666667,3.82428007053597,-0.0258138283440142,"value_alt_offset"
"618","pv8gfb6dwc0u8md","value_alt_offset",3,2,0.166666666666667,1.98412116036843,0.0255512840757206,"value_alt_offset"
"619","q4o2n439h3o4hux","value_alt_offset",1,1,0.166666666666667,2.28046897289841,-0.0216666651308677,"value_alt_offset"
"620","q4o2n439h3o4hux","value_alt_offset",1,2,0.166666666666667,1.41619029053609,0.0819444460036383,"value_alt_offset"
"621","q4o2n439h3o4hux","value_alt_offset",2,1,0.166666666666667,1.91907577453912,-0.017499998560995,"value_alt_offset"
"622","q4o2n439h3o4hux","value_alt_offset",2,2,0.166666666666667,2.11610381556253,0.000277775706385208,"value_alt_offset"
"623","q4o2n439h3o4hux","value_alt_offset",3,1,0.166666666666667,2.83152622575932,-0.124251740335809,"value_alt_offset"
"624","q4o2n439h3o4hux","value_alt_offset",3,2,0.166666666666667,2.98671796627669,-0.133319771037945,"value_alt_offset"
"625","qeaducsgetncgeb","value_alt_offset",1,1,0.5,5,-0.666666666666667,"perc_offset"
"626","qeaducsgetncgeb","value_alt_offset",1,2,0.5,0.731595793330089,-0.00350737578775395,"perc_offset"
"627","qeaducsgetncgeb","value_alt_offset",2,1,0.5,0.555555555555556,-0.120000034381248,"perc_offset"
"628","qeaducsgetncgeb","value_alt_offset",2,2,0.5,0.601082717091784,-0.000391179638562389,"perc_offset"
"629","qeaducsgetncgeb","value_alt_offset",3,1,0.5,0.604311717929977,-0.00320073159915923,"perc_offset"
"630","qeaducsgetncgeb","value_alt_offset",3,2,0.5,0.505851072968294,-0.0123456790123898,"perc_offset"
"631","qreecv8wv03uqw8","value_alt_offset",1,1,0.166666666666667,1.19777316423758,0.111666669693811,"value_alt_offset"
"632","qreecv8wv03uqw8","value_alt_offset",1,2,0.166666666666667,2.3045267490125,0.0325000054398261,"value_alt_offset"
"633","qreecv8wv03uqw8","value_alt_offset",2,1,0.166666666666667,2.50174660999925,-0.066944445413102,"value_alt_offset"
"634","qreecv8wv03uqw8","value_alt_offset",2,2,0.166666666666667,2.86158764566528,-0.0258333317007403,"value_alt_offset"
"635","qreecv8wv03uqw8","value_alt_offset",3,1,0.166666666666667,2.22222222222221,-0.0997304989385003,"value_alt_offset"
"636","qreecv8wv03uqw8","value_alt_offset",3,2,0.166666666666667,3.94449777022505,-0.0700000045686794,"value_alt_offset"
"637","qw7q50m2o58ugvl","value_alt_offset",1,1,0.5,1.85185185185191,0.00960219478735613,"value_alt_offset"
"638","qw7q50m2o58ugvl","value_alt_offset",1,2,0.5,1.97530864197546,0.00927979999069128,"value_alt_offset"
"639","qw7q50m2o58ugvl","value_alt_offset",2,1,0.5,1.56988263984758,0.00346040291810379,"value_alt_offset"
"640","qw7q50m2o58ugvl","value_alt_offset",2,2,0.5,2.22222222222221,-0.0285017527813145,"value_alt_offset"
"641","qw7q50m2o58ugvl","value_alt_offset",3,1,0.5,2.43339649446061,-0.155989093771556,"value_alt_offset"
"642","qw7q50m2o58ugvl","value_alt_offset",3,2,0.5,1.71375771357374,0.0711781740272284,"value_alt_offset"
"643","r018cukle69r1bf","value_alt_offset",1,1,0.166666666666667,1.74935614982407,0.0391666740165617,"value_alt_offset"
"644","r018cukle69r1bf","value_alt_offset",1,2,0.166666666666667,2.14962695223258,0.0327777811438503,"value_alt_offset"
"645","r018cukle69r1bf","value_alt_offset",2,1,0.166666666666667,2.74620087271636,-0.0494444422633518,"value_alt_offset"
"646","r018cukle69r1bf","value_alt_offset",2,2,0.166666666666667,3.51856686385155,-0.0722222207356569,"value_alt_offset"
"647","r018cukle69r1bf","value_alt_offset",3,1,0.5,2.53431707371425,0.0185894996090579,"value_alt_offset"
"648","r018cukle69r1bf","value_alt_offset",3,2,0.462962962962963,4.66382493002325,-0.108333330816688,"value_alt_offset"
"649","re53t0m5rdemzxb","value_alt_offset",1,1,0.5,1.15683584819411,0.0370370370370372,"value_alt_offset"
"650","re53t0m5rdemzxb","value_alt_offset",1,2,0.5,1.48855434616798,0.0834730478105064,"value_alt_offset"
"651","re53t0m5rdemzxb","value_alt_offset",2,1,0.5,1.6323731138554,-0.0617283950617428,"value_alt_offset"
"652","re53t0m5rdemzxb","value_alt_offset",2,2,0.5,1.90672153635129,-0.061728395061976,"value_alt_offset"
"653","re53t0m5rdemzxb","value_alt_offset",3,1,0.5,0.973936899862268,-0.0370370370369932,"value_alt_offset"
"654","re53t0m5rdemzxb","value_alt_offset",3,2,0.5,2.51028806584428,-0.0123456790123895,"value_alt_offset"
"655","regcubm60dchcxr","value_alt_offset",1,1,0.5,0.864197530864216,0.00806674680916575,"perc_offset"
"656","regcubm60dchcxr","value_alt_offset",1,2,0.5,0.923639689076378,0.0168597954905334,"value_alt_offset"
"657","regcubm60dchcxr","value_alt_offset",2,1,0.5,0.93532478350674,-0.0123456557817726,"value_alt_offset"
"658","regcubm60dchcxr","value_alt_offset",2,2,0.5,1.27605886641527,0.0123456790123058,"value_alt_offset"
"659","regcubm60dchcxr","value_alt_offset",3,1,0.5,1.6460905349795,-0.309556470050322,"value_alt_offset"
"660","regcubm60dchcxr","value_alt_offset",3,2,0.5,0.550917649947552,-0.0150891632377048,"perc_offset"
"661","rf8fvjnsk6r07uc","value_alt_offset",1,1,0.166666666666667,2.8512976604314,0.0577777788446632,"value_alt_offset"
"662","rf8fvjnsk6r07uc","value_alt_offset",1,2,0.166666666666667,2.59259259259281,0.00833333248143564,"value_alt_offset"
"663","rf8fvjnsk6r07uc","value_alt_offset",2,1,0.166666666666667,3.71837947631107,-0.0605555531163453,"value_alt_offset"
"664","rf8fvjnsk6r07uc","value_alt_offset",2,2,0.166666666666667,4.49792032466994,-0.0277777771324841,"value_alt_offset"
"665","rf8fvjnsk6r07uc","value_alt_offset",3,1,0.166666666666667,4.21389529297713,-0.121111111225086,"value_alt_offset"
"666","rf8fvjnsk6r07uc","value_alt_offset",3,2,0.5,4.15637860082304,-0.0781893004115176,"value_alt_offset"
"667","rn0an20lmaomk57","value_alt_offset",1,1,0.166666666666667,1.88363865373357,0.0463888888224737,"value_alt_offset"
"668","rn0an20lmaomk57","value_alt_offset",1,2,0.166666666666667,2.6268866023682,0.00749999913745736,"value_alt_offset"
"669","rn0an20lmaomk57","value_alt_offset",2,1,0.166666666666667,4.0187363322439,-0.00166666743098109,"value_alt_offset"
"670","rn0an20lmaomk57","value_alt_offset",2,2,0.166666666666667,3.54273257946699,-0.0513888876950955,"value_alt_offset"
"671","rn0an20lmaomk57","value_alt_offset",3,1,0.166666666666667,2.56110065263539,-0.0733119951238749,"value_alt_offset"
"672","rn0an20lmaomk57","value_alt_offset",3,2,0.5,6.79012345679034,-0.0184634892550423,"perc_offset"
"673","rxol1dxl6nen4em","value_alt_offset",1,1,0.5,1.07910379515514,9.2202030514299e-05,"value_alt_offset"
"674","rxol1dxl6nen4em","value_alt_offset",1,2,0.5,2.79835390946441,-0.00253690442275045,"perc_offset"
"675","rxol1dxl6nen4em","value_alt_offset",2,1,0.5,1.72839506172834,-0.0041152263374048,"value_alt_offset"
"676","rxol1dxl6nen4em","value_alt_offset",2,2,0.5,1.90672153635124,0.0754458161865428,"value_alt_offset"
"677","rxol1dxl6nen4em","value_alt_offset",3,1,0.5,2.09876543209869,0.0452674897119383,"value_alt_offset"
"678","rxol1dxl6nen4em","value_alt_offset",3,2,0.5,2.70233196159105,0.0946502057614378,"value_alt_offset"
"679","ryf84f70g5thl4l","value_alt_offset",1,1,0.5,0.946502057613387,0.00210805916908763,"perc_offset"
"680","ryf84f70g5thl4l","value_alt_offset",1,2,0.5,2.71604938271611,0.0105166895286455,"value_alt_offset"
"681","ryf84f70g5thl4l","value_alt_offset",2,1,0.5,2.51028806584313,-0.151269849307545,"value_alt_offset"
"682","ryf84f70g5thl4l","value_alt_offset",2,2,0.5,2.22679469593247,0.0102854256407336,"value_alt_offset"
"683","ryf84f70g5thl4l","value_alt_offset",3,1,0.5,1.27572016460927,0.0534979423868167,"value_alt_offset"
"684","ryf84f70g5thl4l","value_alt_offset",3,2,0.5,1.66757714420809,0.0485693442793391,"value_alt_offset"
"685","s79rv87vd0ov68q","value_alt_offset",1,1,0.5,5,-0.666666666666667,"perc_offset"
"686","s79rv87vd0ov68q","value_alt_offset",1,2,0.5,0.807803688463946,-0.0370370370370421,"perc_offset"
"687","s79rv87vd0ov68q","value_alt_offset",2,1,0.5,0.728933650816016,-0.0102118579488768,"perc_offset"
"688","s79rv87vd0ov68q","value_alt_offset",2,2,0.166666666666667,0.0617283950617287,-0.658750002270093,"value_alt_offset"
"689","s79rv87vd0ov68q","value_alt_offset",3,1,0.5,2.05761316872363,-0.250708921587923,"value_alt_offset"
"690","s79rv87vd0ov68q","value_alt_offset",3,2,0.5,0.932193532973212,-0.0672153635116451,"value_alt_offset"
"691","s7enbyv4of56b3e","value_alt_offset",1,1,0.5,5,-0.666666666666667,"perc_offset"
"692","s7enbyv4of56b3e","value_alt_offset",1,2,0.5,0.731595793326155,-0.00350737576178872,"perc_offset"
"693","s7enbyv4of56b3e","value_alt_offset",2,1,0.5,2.22247624853935,-0.267540517197582,"value_alt_offset"
"694","s7enbyv4of56b3e","value_alt_offset",2,2,0.5,0.602789467618069,-0.00130400177108436,"perc_offset"
"695","s7enbyv4of56b3e","value_alt_offset",3,1,0.5,1.23456790123467,-0.187014174669151,"value_alt_offset"
"696","s7enbyv4of56b3e","value_alt_offset",3,2,0.5,0.718431183838487,-0.00340395265224835,"perc_offset"
"697","sh3z56uk3q0ddzd","value_alt_offset",1,1,0.5,1.48148148148147,-0.00929736320643482,"perc_offset"
"698","sh3z56uk3q0ddzd","value_alt_offset",1,2,0.5,3.45679012345671,-0.00927593690108086,"perc_offset"
"699","sh3z56uk3q0ddzd","value_alt_offset",2,1,0.5,2.0210333790581,0.0041152263374431,"value_alt_offset"
"700","sh3z56uk3q0ddzd","value_alt_offset",2,2,0.388888888888889,4.01112375086639,-0.195555553141448,"value_alt_offset"
"701","sh3z56uk3q0ddzd","value_alt_offset",3,1,0.166666666666667,1.89366405740987,-0.404999999692649,"value_alt_offset"
"702","sh3z56uk3q0ddzd","value_alt_offset",3,2,0.388888888888889,6.63929319375966,-0.172777775178917,"value_alt_offset"
"703","ssbsk72ruz2tdg1","value_alt_offset",1,1,0.5,0.776844863926813,-0.0617283950618596,"perc_offset"
"704","ssbsk72ruz2tdg1","value_alt_offset",1,2,0.5,0.680282477259311,0.0370370370370412,"perc_offset"
"705","ssbsk72ruz2tdg1","value_alt_offset",2,1,0.5,1.40426890277349,0.114661781177333,"value_alt_offset"
"706","ssbsk72ruz2tdg1","value_alt_offset",2,2,0.5,0.946502057524597,0.0205761316907407,"value_alt_offset"
"707","ssbsk72ruz2tdg1","value_alt_offset",3,1,0.5,0.0617283950617287,-0.0100000028651039,"perc_offset"
"708","ssbsk72ruz2tdg1","value_alt_offset",3,2,0.5,1.25743026984873,-0.0617283950621343,"value_alt_offset"
"709","swmufx7egboodpe","value_alt_offset",1,1,0.166666666666667,9.2605293898889,0.0113888894273504,"value_alt_offset"
"710","swmufx7egboodpe","value_alt_offset",1,2,0.166666666666667,9.99999999994689,0.00305555679668013,"value_alt_offset"
"711","swmufx7egboodpe","value_alt_offset",2,1,0.166666666666667,8.25915826534638,0.00999999770275428,"value_alt_offset"
"712","swmufx7egboodpe","value_alt_offset",2,2,0.166666666666667,9.99999999999804,0.0194444393819526,"value_alt_offset"
"713","swmufx7egboodpe","value_alt_offset",3,1,0.166666666666667,9.99999999999998,0.0024999966603092,"perc_offset"
"714","swmufx7egboodpe","value_alt_offset",3,2,0.166666666666667,9.99999999999994,-0.00472222122618826,"perc_offset"
"715","t53tjn7r8ydtmtq","value_alt_offset",1,1,0.166666666666667,9.99999999998235,0.0400000017163926,"value_alt_offset"
"716","t53tjn7r8ydtmtq","value_alt_offset",1,2,0.166666666666667,9.80002556946164,0.0736111094010827,"value_alt_offset"
"717","t53tjn7r8ydtmtq","value_alt_offset",2,1,0.5,1.11111111111112,0.0689427424669689,"value_alt_offset"
"718","t53tjn7r8ydtmtq","value_alt_offset",2,2,0.166666666666667,9.99999999999847,-0.0136111088473189,"perc_offset"
"719","t53tjn7r8ydtmtq","value_alt_offset",3,1,0.5,0.793070162086494,0.15864811149812,"value_alt_offset"
"720","t53tjn7r8ydtmtq","value_alt_offset",3,2,0.5,2.46913580246892,0.141289437585777,"value_alt_offset"
"721","tk2emgkdo0xmkfn","value_alt_offset",1,1,0.166666666666667,3.15427900613692,-0.108611106523073,"value_alt_offset"
"722","tk2emgkdo0xmkfn","value_alt_offset",1,2,0.166666666666667,4.60085642254494,0.0216666651521122,"value_alt_offset"
"723","tk2emgkdo0xmkfn","value_alt_offset",2,1,0.166666666666667,1.35802469135797,0.112025605852781,"value_alt_offset"
"724","tk2emgkdo0xmkfn","value_alt_offset",2,2,0.166666666666667,2.74958085657084,-0.100682792537575,"value_alt_offset"
"725","tk2emgkdo0xmkfn","value_alt_offset",3,1,0.166666666666667,2.92181069958826,-0.0342935528120368,"value_alt_offset"
"726","tk2emgkdo0xmkfn","value_alt_offset",3,2,0.166666666666667,1.31049344591955,0.218106995884787,"value_alt_offset"
"727","u22e26jm4cy25av","value_alt_offset",1,1,0.462962962962963,3.82142872417881,-0.0783333342668582,"value_alt_offset"
"728","u22e26jm4cy25av","value_alt_offset",1,2,0.462962962962963,4.19363691681263,-0.0961111136965878,"value_alt_offset"
"729","u22e26jm4cy25av","value_alt_offset",2,1,0.166666666666667,4.16451428738625,-0.0841666688413064,"value_alt_offset"
"730","u22e26jm4cy25av","value_alt_offset",2,2,0.462962962962963,4.38226214979559,-0.0752777791264415,"value_alt_offset"
"731","u22e26jm4cy25av","value_alt_offset",3,1,0.462962962962963,5.76727244713861,-0.109166673422892,"value_alt_offset"
"732","u22e26jm4cy25av","value_alt_offset",3,2,0.166666666666667,8.21026890758996,-0.143333333122272,"value_alt_offset"
"733","u556z6wn629kwu5","value_alt_offset",1,1,0.5,1.09739368998694,0.000762078950986789,"value_alt_offset"
"734","u556z6wn629kwu5","value_alt_offset",1,2,0.5,1.10145811077202,0.160493827161762,"perc_offset"
"735","u556z6wn629kwu5","value_alt_offset",2,1,0.5,1.1705868148363,0.0370370370370372,"value_alt_offset"
"736","u556z6wn629kwu5","value_alt_offset",2,2,0.5,1.25494645702786,0.0864197530862889,"value_alt_offset"
"737","u556z6wn629kwu5","value_alt_offset",3,1,0.5,1.31687242797502,-0.149519890260324,"value_alt_offset"
"738","u556z6wn629kwu5","value_alt_offset",3,2,0.5,1.71010516689463,-0.0480109739365161,"value_alt_offset"
"739","u5kwzdtotz39jwp","value_alt_offset",1,1,0.5,1.35802469135799,-0.00822964970647233,"perc_offset"
"740","u5kwzdtotz39jwp","value_alt_offset",1,2,0.5,2.60918897866256,1.05827954794968e-05,"value_alt_offset"
"741","u5kwzdtotz39jwp","value_alt_offset",2,1,0.5,1.20781255434784,0.0635573845450248,"value_alt_offset"
"742","u5kwzdtotz39jwp","value_alt_offset",2,2,0.5,1.41746684956627,0.0178326474595627,"value_alt_offset"
"743","u5kwzdtotz39jwp","value_alt_offset",3,1,0.5,1.97530864197538,-0.138545953360776,"value_alt_offset"
"744","u5kwzdtotz39jwp","value_alt_offset",3,2,0.5,1.85358299418979,-0.138545953360809,"value_alt_offset"
"745","uaf4fed1xj02ps4","value_alt_offset",1,1,0.166666666666667,1.1578793010093,0.0474999968316077,"value_alt_offset"
"746","uaf4fed1xj02ps4","value_alt_offset",1,2,0.166666666666667,1.94325521332972,-0.0694043330957304,"value_alt_offset"
"747","uaf4fed1xj02ps4","value_alt_offset",2,1,0.166666666666667,1.75424538243482,0.0211111085557478,"value_alt_offset"
"748","uaf4fed1xj02ps4","value_alt_offset",2,2,0.166666666666667,2.05804418619687,-0.0989839560774151,"value_alt_offset"
"749","uaf4fed1xj02ps4","value_alt_offset",3,1,0.166666666666667,1.65477147750561,-0.155000000507897,"value_alt_offset"
"750","uaf4fed1xj02ps4","value_alt_offset",3,2,0.166666666666667,2.68491390862731,-0.159852647547142,"value_alt_offset"
"751","ug2w7q3f6pgxf6e","value_alt_offset",1,1,0.166666666666667,0.558934451020564,0.235000013146518,"value_alt_offset"
"752","ug2w7q3f6pgxf6e","value_alt_offset",1,2,0.166666666666667,1.37717193630407,0.0647222248485675,"value_alt_offset"
"753","ug2w7q3f6pgxf6e","value_alt_offset",2,1,0.166666666666667,1.52239386624467,0.00972222715871851,"value_alt_offset"
"754","ug2w7q3f6pgxf6e","value_alt_offset",2,2,0.166666666666667,1.52501538161174,0.142499988965239,"value_alt_offset"
"755","ug2w7q3f6pgxf6e","value_alt_offset",3,1,0.166666666666667,2.69399229338815,-0.077777786295645,"value_alt_offset"
"756","ug2w7q3f6pgxf6e","value_alt_offset",3,2,0.166666666666667,2.80176566471911,-0.0840797606860695,"value_alt_offset"
"757","unp160hltucmgwb","value_alt_offset",1,1,0.166666666666667,1.42497577526594,0.0363889014655756,"value_alt_offset"
"758","unp160hltucmgwb","value_alt_offset",1,2,0.166666666666667,1.96838101404596,0.00222222120186144,"value_alt_offset"
"759","unp160hltucmgwb","value_alt_offset",2,1,0.5,4.44444444444452,-0.213315274990911,"value_alt_offset"
"760","unp160hltucmgwb","value_alt_offset",2,2,0.166666666666667,4.76350836037826,-0.0286111145763384,"value_alt_offset"
"761","unp160hltucmgwb","value_alt_offset",3,1,0.166666666666667,4.97301459158641,0.0280555579162416,"value_alt_offset"
"762","unp160hltucmgwb","value_alt_offset",3,2,0.5,4.44444444444452,-0.147549331720817,"value_alt_offset"
"763","v2rgepeoz23lhyb","value_alt_offset",1,1,0.166666666666667,0.530354203853168,0.198888887365996,"value_alt_offset"
"764","v2rgepeoz23lhyb","value_alt_offset",1,2,0.166666666666667,1.84084501271561,0.0669444459866093,"value_alt_offset"
"765","v2rgepeoz23lhyb","value_alt_offset",2,1,0.166666666666667,2.29227903586689,-0.0280555579587304,"value_alt_offset"
"766","v2rgepeoz23lhyb","value_alt_offset",2,2,0.462962962962963,5.39162936475465,-0.0658333431611564,"value_alt_offset"
"767","v2rgepeoz23lhyb","value_alt_offset",3,1,0.166666666666667,2.76634659352086,-0.209876543209891,"value_alt_offset"
"768","v2rgepeoz23lhyb","value_alt_offset",3,2,0.388888888888889,3.67277108998401,-0.272499996767079,"value_alt_offset"
"769","vnoz56ecccya7hk","value_alt_offset",1,1,0.5,1.81069958847754,0.0524253868239259,"value_alt_offset"
"770","vnoz56ecccya7hk","value_alt_offset",1,2,0.5,1.9753086419753,-0.0103358414929678,"value_alt_offset"
"771","vnoz56ecccya7hk","value_alt_offset",2,1,0.5,2.96296296296297,-0.189757658893593,"value_alt_offset"
"772","vnoz56ecccya7hk","value_alt_offset",2,2,0.5,2.2222222222222,-0.0617283950617222,"value_alt_offset"
"773","vnoz56ecccya7hk","value_alt_offset",3,1,0.5,1.79485587286651,-0.0998323426295163,"value_alt_offset"
"774","vnoz56ecccya7hk","value_alt_offset",3,2,0.5,2.09876543209875,-0.0569828069207292,"value_alt_offset"
"775","wey1upork0e0epr","value_alt_offset",1,1,0.5,5,-0.666666666666667,"perc_offset"
"776","wey1upork0e0epr","value_alt_offset",1,2,0.5,0.740740740740959,0.00853516501783802,"perc_offset"
"777","wey1upork0e0epr","value_alt_offset",2,1,0.5,0.575774168700761,-0.00411522633744676,"perc_offset"
"778","wey1upork0e0epr","value_alt_offset",2,2,0.5,0.643397812031837,-0.102880658436199,"perc_offset"
"779","wey1upork0e0epr","value_alt_offset",3,1,0.5,0.555555555555556,-0.190000023462976,"perc_offset"
"780","wey1upork0e0epr","value_alt_offset",3,2,0.5,1.48148043610569,-0.179528656782011,"perc_offset"
"781","wf4mq2s0e98ce4z","value_alt_offset",1,1,0.166666666666667,2.40588820534845,-0.0269444448438979,"value_alt_offset"
"782","wf4mq2s0e98ce4z","value_alt_offset",1,2,0.166666666666667,1.86091467919241,0.00499999713059429,"value_alt_offset"
"783","wf4mq2s0e98ce4z","value_alt_offset",2,1,0.166666666666667,2.23934817500063,-0.0200000005678587,"value_alt_offset"
"784","wf4mq2s0e98ce4z","value_alt_offset",2,2,0.166666666666667,5.24937648560967,-0.0294444416954932,"value_alt_offset"
"785","wf4mq2s0e98ce4z","value_alt_offset",3,1,0.166666666666667,5.0120150847262,-0.0372222217016853,"value_alt_offset"
"786","wf4mq2s0e98ce4z","value_alt_offset",3,2,0.166666666666667,2.82070005595393,-0.215833334492977,"value_alt_offset"
"787","ws44qtt9xen2xsl","value_alt_offset",1,1,0.5,2.5102880658434,-0.00213435800516149,"value_alt_offset"
"788","ws44qtt9xen2xsl","value_alt_offset",1,2,0.5,2.83950617283973,0.00372569032655279,"value_alt_offset"
"789","ws44qtt9xen2xsl","value_alt_offset",2,1,0.5,2.20269948422063,-0.17365986374932,"value_alt_offset"
"790","ws44qtt9xen2xsl","value_alt_offset",2,2,0.5,1.358024691358,0.0453691002426357,"value_alt_offset"
"791","ws44qtt9xen2xsl","value_alt_offset",3,1,0.5,1.58166193410293,-0.00823832755238929,"value_alt_offset"
"792","ws44qtt9xen2xsl","value_alt_offset",3,2,0.5,1.30908228758722,0.102880658436257,"value_alt_offset"
"793","wwv18727elhq22u","value_alt_offset",1,1,0.166666666666667,7.59764778890028,-0.000555556575119631,"value_alt_offset"
"794","wwv18727elhq22u","value_alt_offset",1,2,0.5,9.9862825788719,-0.00132978447812959,"value_alt_offset"
"795","wwv18727elhq22u","value_alt_offset",2,1,0.5,9.99999999999978,-0.000248722003716284,"value_alt_offset"
"796","wwv18727elhq22u","value_alt_offset",2,2,0.5,9.91769547325038,0.00450347884944291,"value_alt_offset"
"797","wwv18727elhq22u","value_alt_offset",3,1,0.166666666666667,9.99999999999998,-0.00166666972617457,"perc_offset"
"798","wwv18727elhq22u","value_alt_offset",3,2,0.5,9.99991532456096,0.0203221053701166,"perc_offset"
"799","x0nfe7hwu2yt5az","value_alt_offset",1,1,0.5,0.481346109188355,0.0143007872771543,"perc_offset"
"800","x0nfe7hwu2yt5az","value_alt_offset",1,2,0.5,5,-0.666666666666667,"perc_offset"
"801","x0nfe7hwu2yt5az","value_alt_offset",2,1,0.5,0.0617283950617287,0.0013888888566238,"perc_offset"
"802","x0nfe7hwu2yt5az","value_alt_offset",2,2,0.5,0.596636388369869,-0.000321766671901536,"perc_offset"
"803","x0nfe7hwu2yt5az","value_alt_offset",3,1,0.5,0.0617283950617287,-0.00500000917607624,"perc_offset"
"804","x0nfe7hwu2yt5az","value_alt_offset",3,2,0.5,1.79240969374473,-0.244798043587948,"value_alt_offset"
"805","x0ztn8ulz4wsjnf","value_alt_offset",1,1,0.166666666666667,2.46041472553898,-0.0361111102769502,"value_alt_offset"
"806","x0ztn8ulz4wsjnf","value_alt_offset",1,2,0.166666666666667,3.53732591308561,0.0325000037190428,"value_alt_offset"
"807","x0ztn8ulz4wsjnf","value_alt_offset",2,1,0.166666666666667,3.92459706745143,0.00222222164799035,"value_alt_offset"
"808","x0ztn8ulz4wsjnf","value_alt_offset",2,2,0.166666666666667,4.32919544171184,-0.0644444439869144,"value_alt_offset"
"809","x0ztn8ulz4wsjnf","value_alt_offset",3,1,0.166666666666667,4.44444444444444,-0.0260631001368099,"value_alt_offset"
"810","x0ztn8ulz4wsjnf","value_alt_offset",3,2,0.166666666666667,5.46016722156375,-0.0291666659883214,"value_alt_offset"
"811","x31a150jh7x0sc3","value_alt_offset",1,1,0.166666666666667,0.0617283950617287,0.25722227593886,"value_alt_offset"
"812","x31a150jh7x0sc3","value_alt_offset",1,2,0.5,1.71010516689332,0.0461819844542444,"value_alt_offset"
"813","x31a150jh7x0sc3","value_alt_offset",2,1,0.166666666666667,0.647583987226861,-0.251028806584347,"value_alt_offset"
"814","x31a150jh7x0sc3","value_alt_offset",2,2,0.166666666666667,0.763311059392342,0.15111111310722,"value_alt_offset"
"815","x31a150jh7x0sc3","value_alt_offset",3,1,0.166666666666667,0.617283950617276,0.0370370370370379,"value_alt_offset"
"816","x31a150jh7x0sc3","value_alt_offset",3,2,0.166666666666667,1.36163951050095,0.00638888770800161,"value_alt_offset"
"817","x6cu75oy88jq32r","value_alt_offset",1,1,0.166666666666667,2.08796175723169,-0.00298865969373141,"value_alt_offset"
"818","x6cu75oy88jq32r","value_alt_offset",1,2,0.5,2.59259259259261,0.0241756963445035,"value_alt_offset"
"819","x6cu75oy88jq32r","value_alt_offset",2,1,0.166666666666667,1.85473081676158,-0.0636589950400233,"value_alt_offset"
"820","x6cu75oy88jq32r","value_alt_offset",2,2,0.166666666666667,2.00071127368205,0.102903238563914,"value_alt_offset"
"821","x6cu75oy88jq32r","value_alt_offset",3,1,0.166666666666667,1.53635116598101,-0.0699588477366693,"value_alt_offset"
"822","x6cu75oy88jq32r","value_alt_offset",3,2,0.166666666666667,1.92941455385513,-0.173079733495303,"value_alt_offset"
"823","y71fvh7ol8vycb2","value_alt_offset",1,1,0.166666666666667,3.79973438885417,-0.00111111142945619,"value_alt_offset"
"824","y71fvh7ol8vycb2","value_alt_offset",1,2,0.166666666666667,4.48801257127111,-0.0166666663644675,"perc_offset"
"825","y71fvh7ol8vycb2","value_alt_offset",2,1,0.166666666666667,6.15305920229738,-0.000555551412770083,"value_alt_offset"
"826","y71fvh7ol8vycb2","value_alt_offset",2,2,0.166666666666667,6.2962962963022,0.00333333256050294,"value_alt_offset"
"827","y71fvh7ol8vycb2","value_alt_offset",3,1,0.5,3.95061728395059,-0.00746837372340592,"value_alt_offset"
"828","y71fvh7ol8vycb2","value_alt_offset",3,2,0.166666666666667,9.99999999999998,-0.00555555716540923,"perc_offset"
"829","zdzld8scpb2ydmo","value_alt_offset",1,1,0.5,0.931128757889993,0.0249692266533692,"value_alt_offset"
"830","zdzld8scpb2ydmo","value_alt_offset",1,2,0.5,1.29474604271639,0.179048687400307,"value_alt_offset"
"831","zdzld8scpb2ydmo","value_alt_offset",2,1,0.5,1.3168724279835,-0.135802469135797,"perc_offset"
"832","zdzld8scpb2ydmo","value_alt_offset",2,2,0.5,1.2425733904733,0.00986772016384885,"value_alt_offset"
"833","zdzld8scpb2ydmo","value_alt_offset",3,1,0.5,1.38545953360774,-0.135802469135812,"value_alt_offset"
"834","zdzld8scpb2ydmo","value_alt_offset",3,2,0.5,1.89757658893483,-0.147086255500924,"value_alt_offset"
"835","zqr31esvemh6qkz","value_alt_offset",1,1,0.388888888888889,6.66666666666601,0.404722208103715,"perc_offset"
"836","zqr31esvemh6qkz","value_alt_offset",1,2,0.166666666666667,9.10118970243724,0.320555560562238,"perc_offset"
"837","zqr31esvemh6qkz","value_alt_offset",2,1,0.5,3.33333333333331,-0.102880658436209,"value_alt_offset"
"838","zqr31esvemh6qkz","value_alt_offset",2,2,0.5,0.910692709904664,0.0448423005320195,"value_alt_offset"
"839","zqr31esvemh6qkz","value_alt_offset",3,1,0.5,0.811748936216854,0.349794238683138,"value_alt_offset"
"840","zqr31esvemh6qkz","value_alt_offset",3,2,0.5,0.60881640670333,0.259259259259259,"value_alt_offset"
