"","sub","rr","alpha","model"
"1","1qs0vvu9krr584a","25",1.18393729010345e-16,"rw_base"
"2","1qs0vvu9krr584a","25",1.18393729010345e-16,"rw_base"
"3","1qs0vvu9krr584a","50",0.880819931382196,"rw_base"
"4","1qs0vvu9krr584a","50",0.880819931382196,"rw_base"
"5","1qs0vvu9krr584a","75",0.989900044966776,"rw_base"
"6","1qs0vvu9krr584a","75",0.989900044966776,"rw_base"
"7","1tq0jt4dd31u8lq","25",0.121425011933223,"rw_base"
"8","1tq0jt4dd31u8lq","25",0.121425011933223,"rw_base"
"9","1tq0jt4dd31u8lq","50",2.03413571821622e-09,"rw_base"
"10","1tq0jt4dd31u8lq","50",2.03413571821622e-09,"rw_base"
"11","1tq0jt4dd31u8lq","75",0.149700981612255,"rw_base"
"12","1tq0jt4dd31u8lq","75",0.149700981612255,"rw_base"
"13","22260uys7arz8j6","25",0.183155864273353,"rw_base"
"14","22260uys7arz8j6","25",0.183155864273353,"rw_base"
"15","22260uys7arz8j6","50",0.0202815974167254,"rw_base"
"16","22260uys7arz8j6","50",0.0202815974167254,"rw_base"
"17","22260uys7arz8j6","75",0.136430581243728,"rw_base"
"18","22260uys7arz8j6","75",0.136430581243728,"rw_base"
"19","2bqu5ktkg43fh3p","25",0.0502817029459506,"rw_base"
"20","2bqu5ktkg43fh3p","25",0.0502817029459506,"rw_base"
"21","2bqu5ktkg43fh3p","50",2.03413571821622e-09,"rw_base"
"22","2bqu5ktkg43fh3p","50",2.03413571821622e-09,"rw_base"
"23","2bqu5ktkg43fh3p","75",0.119022859299142,"rw_base"
"24","2bqu5ktkg43fh3p","75",0.119022859299142,"rw_base"
"25","2mzs709cn5dlwj2","25",0.200029047288758,"rw_base"
"26","2mzs709cn5dlwj2","25",0.200029047288758,"rw_base"
"27","2mzs709cn5dlwj2","50",6.36796005985813e-09,"rw_base"
"28","2mzs709cn5dlwj2","50",6.36796005985813e-09,"rw_base"
"29","2mzs709cn5dlwj2","75",0.128990895270427,"rw_base"
"30","2mzs709cn5dlwj2","75",0.128990895270427,"rw_base"
"31","2nzfnkk2uulwmkz","25",0.199457828619588,"rw_base"
"32","2nzfnkk2uulwmkz","25",0.199457828619588,"rw_base"
"33","2nzfnkk2uulwmkz","50",5.84315592619642e-17,"rw_base"
"34","2nzfnkk2uulwmkz","50",5.84315592619642e-17,"rw_base"
"35","2nzfnkk2uulwmkz","75",0.155688230768126,"rw_base"
"36","2nzfnkk2uulwmkz","75",0.155688230768126,"rw_base"
"37","2qu63bjtm9kxnnb","25",0.805206157769547,"rw_base"
"38","2qu63bjtm9kxnnb","25",0.805206157769547,"rw_base"
"39","2qu63bjtm9kxnnb","50",0.937918683630033,"rw_base"
"40","2qu63bjtm9kxnnb","50",0.937918683630033,"rw_base"
"41","2qu63bjtm9kxnnb","75",0.15408939834247,"rw_base"
"42","2qu63bjtm9kxnnb","75",0.15408939834247,"rw_base"
"43","2usnf1r3h88bett","25",0.54653745610238,"rw_base"
"44","2usnf1r3h88bett","25",0.54653745610238,"rw_base"
"45","2usnf1r3h88bett","50",0.114460107251122,"rw_base"
"46","2usnf1r3h88bett","50",0.114460107251122,"rw_base"
"47","2usnf1r3h88bett","75",0.330875938348561,"rw_base"
"48","2usnf1r3h88bett","75",0.330875938348561,"rw_base"
"49","34aswcgc3uv5ln0","25",0.593114140909866,"rw_base"
"50","34aswcgc3uv5ln0","25",0.593114140909866,"rw_base"
"51","34aswcgc3uv5ln0","50",5.84315592619642e-17,"rw_base"
"52","34aswcgc3uv5ln0","50",5.84315592619642e-17,"rw_base"
"53","34aswcgc3uv5ln0","75",0.113440687180589,"rw_base"
"54","34aswcgc3uv5ln0","75",0.113440687180589,"rw_base"
"55","35q8u5ekgfaq26g","25",0.189032365554626,"rw_base"
"56","35q8u5ekgfaq26g","25",0.189032365554626,"rw_base"
"57","35q8u5ekgfaq26g","50",0.088485037506625,"rw_base"
"58","35q8u5ekgfaq26g","50",0.088485037506625,"rw_base"
"59","35q8u5ekgfaq26g","75",0.179063755797731,"rw_base"
"60","35q8u5ekgfaq26g","75",0.179063755797731,"rw_base"
"61","3jrram86yd3uhgb","25",0.124762561185558,"rw_base"
"62","3jrram86yd3uhgb","25",0.124762561185558,"rw_base"
"63","3jrram86yd3uhgb","50",1.70277255980538e-14,"rw_base"
"64","3jrram86yd3uhgb","50",1.70277255980538e-14,"rw_base"
"65","3jrram86yd3uhgb","75",0.0692053209382582,"rw_base"
"66","3jrram86yd3uhgb","75",0.0692053209382582,"rw_base"
"67","3t9q259awsqqnjn","25",0.140713978764423,"rw_base"
"68","3t9q259awsqqnjn","25",0.140713978764423,"rw_base"
"69","3t9q259awsqqnjn","50",0.0356907483193711,"rw_base"
"70","3t9q259awsqqnjn","50",0.0356907483193711,"rw_base"
"71","3t9q259awsqqnjn","75",0.156325856667156,"rw_base"
"72","3t9q259awsqqnjn","75",0.156325856667156,"rw_base"
"73","4g3g9s2nj7eh7g9","25",0.148560350720824,"rw_base"
"74","4g3g9s2nj7eh7g9","25",0.148560350720824,"rw_base"
"75","4g3g9s2nj7eh7g9","50",2.4569183491972e-15,"rw_base"
"76","4g3g9s2nj7eh7g9","50",2.4569183491972e-15,"rw_base"
"77","4g3g9s2nj7eh7g9","75",0.340726683919762,"rw_base"
"78","4g3g9s2nj7eh7g9","75",0.340726683919762,"rw_base"
"79","4ns4fa2xqw95lgx","25",0.138028996008081,"rw_base"
"80","4ns4fa2xqw95lgx","25",0.138028996008081,"rw_base"
"81","4ns4fa2xqw95lgx","50",0.0368725070764707,"rw_base"
"82","4ns4fa2xqw95lgx","50",0.0368725070764707,"rw_base"
"83","4ns4fa2xqw95lgx","75",0.143644568017396,"rw_base"
"84","4ns4fa2xqw95lgx","75",0.143644568017396,"rw_base"
"85","4tcxev3874jk89a","25",0.0530068854979944,"rw_base"
"86","4tcxev3874jk89a","25",0.0530068854979944,"rw_base"
"87","4tcxev3874jk89a","50",0.628488065069785,"rw_base"
"88","4tcxev3874jk89a","50",0.628488065069785,"rw_base"
"89","4tcxev3874jk89a","75",0.458130527095931,"rw_base"
"90","4tcxev3874jk89a","75",0.458130527095931,"rw_base"
"91","57znvber9kc1tnj","25",1.18393729010345e-16,"rw_base"
"92","57znvber9kc1tnj","25",1.18393729010345e-16,"rw_base"
"93","57znvber9kc1tnj","50",4.06296034873976e-09,"rw_base"
"94","57znvber9kc1tnj","50",4.06296034873976e-09,"rw_base"
"95","57znvber9kc1tnj","75",0.896181924699393,"rw_base"
"96","57znvber9kc1tnj","75",0.896181924699393,"rw_base"
"97","5cp1qjka53bl73q","25",0.174113750795589,"rw_base"
"98","5cp1qjka53bl73q","25",0.174113750795589,"rw_base"
"99","5cp1qjka53bl73q","50",0.386641711232091,"rw_base"
"100","5cp1qjka53bl73q","50",0.386641711232091,"rw_base"
"101","5cp1qjka53bl73q","75",0.215641175658679,"rw_base"
"102","5cp1qjka53bl73q","75",0.215641175658679,"rw_base"
"103","5jwar0bvwr53h40","25",0.14356450928147,"rw_base"
"104","5jwar0bvwr53h40","25",0.14356450928147,"rw_base"
"105","5jwar0bvwr53h40","50",2.03413571821622e-09,"rw_base"
"106","5jwar0bvwr53h40","50",2.03413571821622e-09,"rw_base"
"107","5jwar0bvwr53h40","75",0.570349209985467,"rw_base"
"108","5jwar0bvwr53h40","75",0.570349209985467,"rw_base"
"109","5o4n9abwu4u5bb5","25",0.321588285521299,"rw_base"
"110","5o4n9abwu4u5bb5","25",0.321588285521299,"rw_base"
"111","5o4n9abwu4u5bb5","50",1.21707898484349e-14,"rw_base"
"112","5o4n9abwu4u5bb5","50",1.21707898484349e-14,"rw_base"
"113","5o4n9abwu4u5bb5","75",0.13846694804575,"rw_base"
"114","5o4n9abwu4u5bb5","75",0.13846694804575,"rw_base"
"115","5pgqs0v0feqyejp","25",1.01782627523606e-15,"rw_base"
"116","5pgqs0v0feqyejp","25",1.01782627523606e-15,"rw_base"
"117","5pgqs0v0feqyejp","50",0.0451664632475747,"rw_base"
"118","5pgqs0v0feqyejp","50",0.0451664632475747,"rw_base"
"119","5pgqs0v0feqyejp","75",0.148648868096587,"rw_base"
"120","5pgqs0v0feqyejp","75",0.148648868096587,"rw_base"
"121","6be4c2orpqft8ul","25",0.419601344172699,"rw_base"
"122","6be4c2orpqft8ul","25",0.419601344172699,"rw_base"
"123","6be4c2orpqft8ul","50",0.0232830153755228,"rw_base"
"124","6be4c2orpqft8ul","50",0.0232830153755228,"rw_base"
"125","6be4c2orpqft8ul","75",0.119358871853574,"rw_base"
"126","6be4c2orpqft8ul","75",0.119358871853574,"rw_base"
"127","6wyn194o3vd7jmv","25",0.179630213534373,"rw_base"
"128","6wyn194o3vd7jmv","25",0.179630213534373,"rw_base"
"129","6wyn194o3vd7jmv","50",7.31385409881606e-15,"rw_base"
"130","6wyn194o3vd7jmv","50",7.31385409881606e-15,"rw_base"
"131","6wyn194o3vd7jmv","75",0.227979848789051,"rw_base"
"132","6wyn194o3vd7jmv","75",0.227979848789051,"rw_base"
"133","70kcrqfjf2xhh4m","25",0.230234053274646,"rw_base"
"134","70kcrqfjf2xhh4m","25",0.230234053274646,"rw_base"
"135","70kcrqfjf2xhh4m","50",0.0227237555833037,"rw_base"
"136","70kcrqfjf2xhh4m","50",0.0227237555833037,"rw_base"
"137","70kcrqfjf2xhh4m","75",0.155300496835432,"rw_base"
"138","70kcrqfjf2xhh4m","75",0.155300496835432,"rw_base"
"139","7bwng7h1w9q6djl","25",0.15214137999122,"rw_base"
"140","7bwng7h1w9q6djl","25",0.15214137999122,"rw_base"
"141","7bwng7h1w9q6djl","50",1.16152865911599e-08,"rw_base"
"142","7bwng7h1w9q6djl","50",1.16152865911599e-08,"rw_base"
"143","7bwng7h1w9q6djl","75",0.270216389126263,"rw_base"
"144","7bwng7h1w9q6djl","75",0.270216389126263,"rw_base"
"145","7pjw0pz87exlgmd","25",0.231478122823383,"rw_base"
"146","7pjw0pz87exlgmd","25",0.231478122823383,"rw_base"
"147","7pjw0pz87exlgmd","50",0.017727105652198,"rw_base"
"148","7pjw0pz87exlgmd","50",0.017727105652198,"rw_base"
"149","7pjw0pz87exlgmd","75",0.64043574413354,"rw_base"
"150","7pjw0pz87exlgmd","75",0.64043574413354,"rw_base"
"151","85aq8xl8ayntz3l","25",0.148648863789513,"rw_base"
"152","85aq8xl8ayntz3l","25",0.148648863789513,"rw_base"
"153","85aq8xl8ayntz3l","50",8.37939765990916e-16,"rw_base"
"154","85aq8xl8ayntz3l","50",8.37939765990916e-16,"rw_base"
"155","85aq8xl8ayntz3l","75",0.198292273036632,"rw_base"
"156","85aq8xl8ayntz3l","75",0.198292273036632,"rw_base"
"157","8epzoljwn0gbtge","25",0.705877683975561,"rw_base"
"158","8epzoljwn0gbtge","25",0.705877683975561,"rw_base"
"159","8epzoljwn0gbtge","50",0.0526864300664155,"rw_base"
"160","8epzoljwn0gbtge","50",0.0526864300664155,"rw_base"
"161","8epzoljwn0gbtge","75",0.091718220014296,"rw_base"
"162","8epzoljwn0gbtge","75",0.091718220014296,"rw_base"
"163","8es63ovt8uw2mgg","25",0.19362224756609,"rw_base"
"164","8es63ovt8uw2mgg","25",0.19362224756609,"rw_base"
"165","8es63ovt8uw2mgg","50",0.0131968261321964,"rw_base"
"166","8es63ovt8uw2mgg","50",0.0131968261321964,"rw_base"
"167","8es63ovt8uw2mgg","75",0.177006909710604,"rw_base"
"168","8es63ovt8uw2mgg","75",0.177006909710604,"rw_base"
"169","8le0rzndxgpur8r","25",0.12481628298416,"rw_base"
"170","8le0rzndxgpur8r","25",0.12481628298416,"rw_base"
"171","8le0rzndxgpur8r","50",5.84315592619642e-17,"rw_base"
"172","8le0rzndxgpur8r","50",5.84315592619642e-17,"rw_base"
"173","8le0rzndxgpur8r","75",0.0281414582041588,"rw_base"
"174","8le0rzndxgpur8r","75",0.0281414582041588,"rw_base"
"175","96deaxjjts0yvax","25",0.238247078095625,"rw_base"
"176","96deaxjjts0yvax","25",0.238247078095625,"rw_base"
"177","96deaxjjts0yvax","50",7.31385409881606e-15,"rw_base"
"178","96deaxjjts0yvax","50",7.31385409881606e-15,"rw_base"
"179","96deaxjjts0yvax","75",0.319741492815452,"rw_base"
"180","96deaxjjts0yvax","75",0.319741492815452,"rw_base"
"181","9h1m4d4lp6ksfjt","25",0.0850554695688355,"rw_base"
"182","9h1m4d4lp6ksfjt","25",0.0850554695688355,"rw_base"
"183","9h1m4d4lp6ksfjt","50",0.277194490781479,"rw_base"
"184","9h1m4d4lp6ksfjt","50",0.277194490781479,"rw_base"
"185","9h1m4d4lp6ksfjt","75",0.0780270395903954,"rw_base"
"186","9h1m4d4lp6ksfjt","75",0.0780270395903954,"rw_base"
"187","9ho9tv1b4jdy3p6","25",0.743344089985518,"rw_base"
"188","9ho9tv1b4jdy3p6","25",0.743344089985518,"rw_base"
"189","9ho9tv1b4jdy3p6","50",0.0113391428757858,"rw_base"
"190","9ho9tv1b4jdy3p6","50",0.0113391428757858,"rw_base"
"191","9ho9tv1b4jdy3p6","75",0.17302726374296,"rw_base"
"192","9ho9tv1b4jdy3p6","75",0.17302726374296,"rw_base"
"193","9jfa3uck1pm1a27","25",0.306958066346666,"rw_base"
"194","9jfa3uck1pm1a27","25",0.306958066346666,"rw_base"
"195","9jfa3uck1pm1a27","50",0.0852456438953529,"rw_base"
"196","9jfa3uck1pm1a27","50",0.0852456438953529,"rw_base"
"197","9jfa3uck1pm1a27","75",0.1349713278415,"rw_base"
"198","9jfa3uck1pm1a27","75",0.1349713278415,"rw_base"
"199","9oe8onshjdy2khe","25",0.151123060074743,"rw_base"
"200","9oe8onshjdy2khe","25",0.151123060074743,"rw_base"
"201","9oe8onshjdy2khe","50",0.020556941868899,"rw_base"
"202","9oe8onshjdy2khe","50",0.020556941868899,"rw_base"
"203","9oe8onshjdy2khe","75",0.115961679300815,"rw_base"
"204","9oe8onshjdy2khe","75",0.115961679300815,"rw_base"
"205","9p57f5mpldrqae2","25",0.817392877904717,"rw_base"
"206","9p57f5mpldrqae2","25",0.817392877904717,"rw_base"
"207","9p57f5mpldrqae2","50",0.124845863576567,"rw_base"
"208","9p57f5mpldrqae2","50",0.124845863576567,"rw_base"
"209","9p57f5mpldrqae2","75",0.230224045475762,"rw_base"
"210","9p57f5mpldrqae2","75",0.230224045475762,"rw_base"
"211","a39zpu2zr3xl47k","25",0.7126600267534,"rw_base"
"212","a39zpu2zr3xl47k","25",0.7126600267534,"rw_base"
"213","a39zpu2zr3xl47k","50",0.332613953214585,"rw_base"
"214","a39zpu2zr3xl47k","50",0.332613953214585,"rw_base"
"215","a39zpu2zr3xl47k","75",5.84315592619642e-17,"rw_base"
"216","a39zpu2zr3xl47k","75",5.84315592619642e-17,"rw_base"
"217","ajztaxb5eyxtfch","25",0.0284737454683356,"rw_base"
"218","ajztaxb5eyxtfch","25",0.0284737454683356,"rw_base"
"219","ajztaxb5eyxtfch","50",5.84315592619642e-17,"rw_base"
"220","ajztaxb5eyxtfch","50",5.84315592619642e-17,"rw_base"
"221","ajztaxb5eyxtfch","75",0.00063373387357651,"rw_base"
"222","ajztaxb5eyxtfch","75",0.00063373387357651,"rw_base"
"223","as5hvtlqa9ouc2z","25",0.0586472550789589,"rw_base"
"224","as5hvtlqa9ouc2z","25",0.0586472550789589,"rw_base"
"225","as5hvtlqa9ouc2z","50",6.58053256745773e-16,"rw_base"
"226","as5hvtlqa9ouc2z","50",6.58053256745773e-16,"rw_base"
"227","as5hvtlqa9ouc2z","75",0.523536572544122,"rw_base"
"228","as5hvtlqa9ouc2z","75",0.523536572544122,"rw_base"
"229","au7m9jjmgy8d4gj","25",1.78355898758726e-16,"rw_base"
"230","au7m9jjmgy8d4gj","25",1.78355898758726e-16,"rw_base"
"231","au7m9jjmgy8d4gj","50",0.58009262457407,"rw_base"
"232","au7m9jjmgy8d4gj","50",0.58009262457407,"rw_base"
"233","au7m9jjmgy8d4gj","75",0.50976650119071,"rw_base"
"234","au7m9jjmgy8d4gj","75",0.50976650119071,"rw_base"
"235","b3jqszmpuje1kzj","25",0.0725018600036223,"rw_base"
"236","b3jqszmpuje1kzj","25",0.0725018600036223,"rw_base"
"237","b3jqszmpuje1kzj","50",7.31385409881606e-15,"rw_base"
"238","b3jqszmpuje1kzj","50",7.31385409881606e-15,"rw_base"
"239","b3jqszmpuje1kzj","75",0.204964489715807,"rw_base"
"240","b3jqszmpuje1kzj","75",0.204964489715807,"rw_base"
"241","bdov3ye1qvundbp","25",0.0182226009843919,"rw_base"
"242","bdov3ye1qvundbp","25",0.0182226009843919,"rw_base"
"243","bdov3ye1qvundbp","50",0.785335207053052,"rw_base"
"244","bdov3ye1qvundbp","50",0.785335207053052,"rw_base"
"245","bdov3ye1qvundbp","75",0.123536263012328,"rw_base"
"246","bdov3ye1qvundbp","75",0.123536263012328,"rw_base"
"247","brsvshywlogvxcq","25",0.14356450928147,"rw_base"
"248","brsvshywlogvxcq","25",0.14356450928147,"rw_base"
"249","brsvshywlogvxcq","50",1.70277255980538e-14,"rw_base"
"250","brsvshywlogvxcq","50",1.70277255980538e-14,"rw_base"
"251","brsvshywlogvxcq","75",0.41873561183802,"rw_base"
"252","brsvshywlogvxcq","75",0.41873561183802,"rw_base"
"253","bx1xq7e3jhb986v","25",1.18393729010345e-16,"rw_base"
"254","bx1xq7e3jhb986v","25",1.18393729010345e-16,"rw_base"
"255","bx1xq7e3jhb986v","50",0.10390619059627,"rw_base"
"256","bx1xq7e3jhb986v","50",0.10390619059627,"rw_base"
"257","bx1xq7e3jhb986v","75",5.84315592619642e-17,"rw_base"
"258","bx1xq7e3jhb986v","75",5.84315592619642e-17,"rw_base"
"259","c2se350v0tr4hzv","25",0.238687541821728,"rw_base"
"260","c2se350v0tr4hzv","25",0.238687541821728,"rw_base"
"261","c2se350v0tr4hzv","50",2.98280238255488e-16,"rw_base"
"262","c2se350v0tr4hzv","50",2.98280238255488e-16,"rw_base"
"263","c2se350v0tr4hzv","75",0.125608054906419,"rw_base"
"264","c2se350v0tr4hzv","75",0.125608054906419,"rw_base"
"265","cavjhtxfs1z091j","25",0.440681526526064,"rw_base"
"266","cavjhtxfs1z091j","25",0.440681526526064,"rw_base"
"267","cavjhtxfs1z091j","50",7.31385409881606e-15,"rw_base"
"268","cavjhtxfs1z091j","50",7.31385409881606e-15,"rw_base"
"269","cavjhtxfs1z091j","75",0.155792021247962,"rw_base"
"270","cavjhtxfs1z091j","75",0.155792021247962,"rw_base"
"271","cl4vc26ycu0woo2","25",0.259976601719344,"rw_base"
"272","cl4vc26ycu0woo2","25",0.259976601719344,"rw_base"
"273","cl4vc26ycu0woo2","50",1.95978088882531e-09,"rw_base"
"274","cl4vc26ycu0woo2","50",1.95978088882531e-09,"rw_base"
"275","cl4vc26ycu0woo2","75",0.291784427567027,"rw_base"
"276","cl4vc26ycu0woo2","75",0.291784427567027,"rw_base"
"277","djb1vpwld9c7hmk","25",0.224276162474817,"rw_base"
"278","djb1vpwld9c7hmk","25",0.224276162474817,"rw_base"
"279","djb1vpwld9c7hmk","50",7.16993026148584e-10,"rw_base"
"280","djb1vpwld9c7hmk","50",7.16993026148584e-10,"rw_base"
"281","djb1vpwld9c7hmk","75",0.64043574413354,"rw_base"
"282","djb1vpwld9c7hmk","75",0.64043574413354,"rw_base"
"283","ds2ot3x1v6q63xg","25",0.140713978764423,"rw_base"
"284","ds2ot3x1v6q63xg","25",0.140713978764423,"rw_base"
"285","ds2ot3x1v6q63xg","50",0.0326394822310667,"rw_base"
"286","ds2ot3x1v6q63xg","50",0.0326394822310667,"rw_base"
"287","ds2ot3x1v6q63xg","75",0.159347151587765,"rw_base"
"288","ds2ot3x1v6q63xg","75",0.159347151587765,"rw_base"
"289","dtua0nm03dd9yb7","25",0.168724260370359,"rw_base"
"290","dtua0nm03dd9yb7","25",0.168724260370359,"rw_base"
"291","dtua0nm03dd9yb7","50",0.586591125024366,"rw_base"
"292","dtua0nm03dd9yb7","50",0.586591125024366,"rw_base"
"293","dtua0nm03dd9yb7","75",0.0954648522971104,"rw_base"
"294","dtua0nm03dd9yb7","75",0.0954648522971104,"rw_base"
"295","duzv7z4jux5olpv","25",0.140508732446862,"rw_base"
"296","duzv7z4jux5olpv","25",0.140508732446862,"rw_base"
"297","duzv7z4jux5olpv","50",2.03413571821622e-09,"rw_base"
"298","duzv7z4jux5olpv","50",2.03413571821622e-09,"rw_base"
"299","duzv7z4jux5olpv","75",0.218793938415351,"rw_base"
"300","duzv7z4jux5olpv","75",0.218793938415351,"rw_base"
"301","dvywvnh6comawyk","25",0.441725781449536,"rw_base"
"302","dvywvnh6comawyk","25",0.441725781449536,"rw_base"
"303","dvywvnh6comawyk","50",2.98280238255488e-16,"rw_base"
"304","dvywvnh6comawyk","50",2.98280238255488e-16,"rw_base"
"305","dvywvnh6comawyk","75",0.202787167826383,"rw_base"
"306","dvywvnh6comawyk","75",0.202787167826383,"rw_base"
"307","fehlcunq37bd57x","25",2.98280238255488e-16,"rw_base"
"308","fehlcunq37bd57x","25",2.98280238255488e-16,"rw_base"
"309","fehlcunq37bd57x","50",0.999999997849021,"rw_base"
"310","fehlcunq37bd57x","50",0.999999997849021,"rw_base"
"311","fehlcunq37bd57x","75",0.999972715691864,"rw_base"
"312","fehlcunq37bd57x","75",0.999972715691864,"rw_base"
"313","fq39wkqs1solhdu","25",0.646988340275465,"rw_base"
"314","fq39wkqs1solhdu","25",0.646988340275465,"rw_base"
"315","fq39wkqs1solhdu","50",0.177054700115843,"rw_base"
"316","fq39wkqs1solhdu","50",0.177054700115843,"rw_base"
"317","fq39wkqs1solhdu","75",0.463194214427713,"rw_base"
"318","fq39wkqs1solhdu","75",0.463194214427713,"rw_base"
"319","fqnkabfbs65dy5r","25",0.0996832979980973,"rw_base"
"320","fqnkabfbs65dy5r","25",0.0996832979980973,"rw_base"
"321","fqnkabfbs65dy5r","50",1.16152865911599e-08,"rw_base"
"322","fqnkabfbs65dy5r","50",1.16152865911599e-08,"rw_base"
"323","fqnkabfbs65dy5r","75",0.0645847659942854,"rw_base"
"324","fqnkabfbs65dy5r","75",0.0645847659942854,"rw_base"
"325","fwexbmobod79xhj","25",0.112242730404478,"rw_base"
"326","fwexbmobod79xhj","25",0.112242730404478,"rw_base"
"327","fwexbmobod79xhj","50",0.00985678021564606,"rw_base"
"328","fwexbmobod79xhj","50",0.00985678021564606,"rw_base"
"329","fwexbmobod79xhj","75",0.155310432669463,"rw_base"
"330","fwexbmobod79xhj","75",0.155310432669463,"rw_base"
"331","g35rvb9r3l07tgx","25",0.0678835230244905,"rw_base"
"332","g35rvb9r3l07tgx","25",0.0678835230244905,"rw_base"
"333","g35rvb9r3l07tgx","50",0.205616362827886,"rw_base"
"334","g35rvb9r3l07tgx","50",0.205616362827886,"rw_base"
"335","g35rvb9r3l07tgx","75",0.197528629617154,"rw_base"
"336","g35rvb9r3l07tgx","75",0.197528629617154,"rw_base"
"337","gg80fe1zyat447z","25",0.50349343168669,"rw_base"
"338","gg80fe1zyat447z","25",0.50349343168669,"rw_base"
"339","gg80fe1zyat447z","50",0.0227237555833037,"rw_base"
"340","gg80fe1zyat447z","50",0.0227237555833037,"rw_base"
"341","gg80fe1zyat447z","75",0.176621440848683,"rw_base"
"342","gg80fe1zyat447z","75",0.176621440848683,"rw_base"
"343","ggkxy092ul5l6n0","25",0.221679021619299,"rw_base"
"344","ggkxy092ul5l6n0","25",0.221679021619299,"rw_base"
"345","ggkxy092ul5l6n0","50",0.0512619574209229,"rw_base"
"346","ggkxy092ul5l6n0","50",0.0512619574209229,"rw_base"
"347","ggkxy092ul5l6n0","75",0.135345453067309,"rw_base"
"348","ggkxy092ul5l6n0","75",0.135345453067309,"rw_base"
"349","ghbypuj01msjo4h","25",3.84441693458372e-17,"rw_base"
"350","ghbypuj01msjo4h","25",3.84441693458372e-17,"rw_base"
"351","ghbypuj01msjo4h","50",0.518948883097274,"rw_base"
"352","ghbypuj01msjo4h","50",0.518948883097274,"rw_base"
"353","ghbypuj01msjo4h","75",0.0435256583276197,"rw_base"
"354","ghbypuj01msjo4h","75",0.0435256583276197,"rw_base"
"355","gnd1v5zo5x7qjad","25",0.31190041547749,"rw_base"
"356","gnd1v5zo5x7qjad","25",0.31190041547749,"rw_base"
"357","gnd1v5zo5x7qjad","50",7.61366494755796e-15,"rw_base"
"358","gnd1v5zo5x7qjad","50",7.61366494755796e-15,"rw_base"
"359","gnd1v5zo5x7qjad","75",0.156505611971668,"rw_base"
"360","gnd1v5zo5x7qjad","75",0.156505611971668,"rw_base"
"361","gs1p8zvs22f3u03","25",0.159335993360338,"rw_base"
"362","gs1p8zvs22f3u03","25",0.159335993360338,"rw_base"
"363","gs1p8zvs22f3u03","50",0.0657817027920871,"rw_base"
"364","gs1p8zvs22f3u03","50",0.0657817027920871,"rw_base"
"365","gs1p8zvs22f3u03","75",5.84315592619642e-17,"rw_base"
"366","gs1p8zvs22f3u03","75",5.84315592619642e-17,"rw_base"
"367","gstz99vr89krpfz","25",0.0562393108611036,"rw_base"
"368","gstz99vr89krpfz","25",0.0562393108611036,"rw_base"
"369","gstz99vr89krpfz","50",2.98280238255488e-16,"rw_base"
"370","gstz99vr89krpfz","50",2.98280238255488e-16,"rw_base"
"371","gstz99vr89krpfz","75",0.163608563906731,"rw_base"
"372","gstz99vr89krpfz","75",0.163608563906731,"rw_base"
"373","h9du65sl07e0gv9","25",2.98280238255488e-16,"rw_base"
"374","h9du65sl07e0gv9","25",2.98280238255488e-16,"rw_base"
"375","h9du65sl07e0gv9","50",3.91478177027673e-08,"rw_base"
"376","h9du65sl07e0gv9","50",3.91478177027673e-08,"rw_base"
"377","h9du65sl07e0gv9","75",0.169413021349199,"rw_base"
"378","h9du65sl07e0gv9","75",0.169413021349199,"rw_base"
"379","hd4d44n06f6cawh","25",0.13547077655965,"rw_base"
"380","hd4d44n06f6cawh","25",0.13547077655965,"rw_base"
"381","hd4d44n06f6cawh","50",1.21707898484349e-14,"rw_base"
"382","hd4d44n06f6cawh","50",1.21707898484349e-14,"rw_base"
"383","hd4d44n06f6cawh","75",0.281672496933945,"rw_base"
"384","hd4d44n06f6cawh","75",0.281672496933945,"rw_base"
"385","hd9k76vgdu5mql0","25",5.84315592619642e-17,"rw_base"
"386","hd9k76vgdu5mql0","25",5.84315592619642e-17,"rw_base"
"387","hd9k76vgdu5mql0","50",2.98280238255488e-16,"rw_base"
"388","hd9k76vgdu5mql0","50",2.98280238255488e-16,"rw_base"
"389","hd9k76vgdu5mql0","75",0.453371600505778,"rw_base"
"390","hd9k76vgdu5mql0","75",0.453371600505778,"rw_base"
"391","hjgqzm1pq2mo1u7","25",0.895928013674784,"rw_base"
"392","hjgqzm1pq2mo1u7","25",0.895928013674784,"rw_base"
"393","hjgqzm1pq2mo1u7","50",0.21924432646819,"rw_base"
"394","hjgqzm1pq2mo1u7","50",0.21924432646819,"rw_base"
"395","hjgqzm1pq2mo1u7","75",0.942255435282403,"rw_base"
"396","hjgqzm1pq2mo1u7","75",0.942255435282403,"rw_base"
"397","hkdemly7qs0y8be","25",0.0875792555678854,"rw_base"
"398","hkdemly7qs0y8be","25",0.0875792555678854,"rw_base"
"399","hkdemly7qs0y8be","50",0.129880990644786,"rw_base"
"400","hkdemly7qs0y8be","50",0.129880990644786,"rw_base"
"401","hkdemly7qs0y8be","75",0.136429990186563,"rw_base"
"402","hkdemly7qs0y8be","75",0.136429990186563,"rw_base"
"403","hm4cdxlz8t0281v","25",0.182514780503245,"rw_base"
"404","hm4cdxlz8t0281v","25",0.182514780503245,"rw_base"
"405","hm4cdxlz8t0281v","50",0.0236470486894323,"rw_base"
"406","hm4cdxlz8t0281v","50",0.0236470486894323,"rw_base"
"407","hm4cdxlz8t0281v","75",0.137098141015803,"rw_base"
"408","hm4cdxlz8t0281v","75",0.137098141015803,"rw_base"
"409","hmfoy1dyl3p0oyx","25",1.18393729010345e-16,"rw_base"
"410","hmfoy1dyl3p0oyx","25",1.18393729010345e-16,"rw_base"
"411","hmfoy1dyl3p0oyx","50",0.0466483988666898,"rw_base"
"412","hmfoy1dyl3p0oyx","50",0.0466483988666898,"rw_base"
"413","hmfoy1dyl3p0oyx","75",0.999972715691864,"rw_base"
"414","hmfoy1dyl3p0oyx","75",0.999972715691864,"rw_base"
"415","hvawyrkxreuq7d8","25",0.138028996008081,"rw_base"
"416","hvawyrkxreuq7d8","25",0.138028996008081,"rw_base"
"417","hvawyrkxreuq7d8","50",0.0760565893962195,"rw_base"
"418","hvawyrkxreuq7d8","50",0.0760565893962195,"rw_base"
"419","hvawyrkxreuq7d8","75",0.13846694804575,"rw_base"
"420","hvawyrkxreuq7d8","75",0.13846694804575,"rw_base"
"421","jdewbyn3agn01fj","25",0.163357606319503,"rw_base"
"422","jdewbyn3agn01fj","25",0.163357606319503,"rw_base"
"423","jdewbyn3agn01fj","50",0.193071468745509,"rw_base"
"424","jdewbyn3agn01fj","50",0.193071468745509,"rw_base"
"425","jdewbyn3agn01fj","75",0.273920816046464,"rw_base"
"426","jdewbyn3agn01fj","75",0.273920816046464,"rw_base"
"427","je7gumyhw5zyax5","25",0.184868122676017,"rw_base"
"428","je7gumyhw5zyax5","25",0.184868122676017,"rw_base"
"429","je7gumyhw5zyax5","50",5.84315592619642e-17,"rw_base"
"430","je7gumyhw5zyax5","50",5.84315592619642e-17,"rw_base"
"431","je7gumyhw5zyax5","75",0.527582294059587,"rw_base"
"432","je7gumyhw5zyax5","75",0.527582294059587,"rw_base"
"433","jk1c41xga9cmsrf","25",0.415225491139059,"rw_base"
"434","jk1c41xga9cmsrf","25",0.415225491139059,"rw_base"
"435","jk1c41xga9cmsrf","50",0.0285155249264866,"rw_base"
"436","jk1c41xga9cmsrf","50",0.0285155249264866,"rw_base"
"437","jk1c41xga9cmsrf","75",0.190404729740725,"rw_base"
"438","jk1c41xga9cmsrf","75",0.190404729740725,"rw_base"
"439","jvcerddevc3rwm0","25",0.170004012100661,"rw_base"
"440","jvcerddevc3rwm0","25",0.170004012100661,"rw_base"
"441","jvcerddevc3rwm0","50",8.16309808372451e-09,"rw_base"
"442","jvcerddevc3rwm0","50",8.16309808372451e-09,"rw_base"
"443","jvcerddevc3rwm0","75",0.241024772641226,"rw_base"
"444","jvcerddevc3rwm0","75",0.241024772641226,"rw_base"
"445","k3j8o90rkvw7tal","25",0.0791075775780379,"rw_base"
"446","k3j8o90rkvw7tal","25",0.0791075775780379,"rw_base"
"447","k3j8o90rkvw7tal","50",0.0286908164261973,"rw_base"
"448","k3j8o90rkvw7tal","50",0.0286908164261973,"rw_base"
"449","k3j8o90rkvw7tal","75",0.123582491184834,"rw_base"
"450","k3j8o90rkvw7tal","75",0.123582491184834,"rw_base"
"451","k7xa918wsdj832n","25",0.191896083769231,"rw_base"
"452","k7xa918wsdj832n","25",0.191896083769231,"rw_base"
"453","k7xa918wsdj832n","50",0.186557088621097,"rw_base"
"454","k7xa918wsdj832n","50",0.186557088621097,"rw_base"
"455","k7xa918wsdj832n","75",0.263495944941672,"rw_base"
"456","k7xa918wsdj832n","75",0.263495944941672,"rw_base"
"457","kp5boe0z4uwwu7r","25",0.0716637296038128,"rw_base"
"458","kp5boe0z4uwwu7r","25",0.0716637296038128,"rw_base"
"459","kp5boe0z4uwwu7r","50",0.0240103301763524,"rw_base"
"460","kp5boe0z4uwwu7r","50",0.0240103301763524,"rw_base"
"461","kp5boe0z4uwwu7r","75",0.473181025290853,"rw_base"
"462","kp5boe0z4uwwu7r","75",0.473181025290853,"rw_base"
"463","ktwcurcgfv59jnc","25",0.994999999284441,"rw_base"
"464","ktwcurcgfv59jnc","25",0.994999999284441,"rw_base"
"465","ktwcurcgfv59jnc","50",0.298118455847709,"rw_base"
"466","ktwcurcgfv59jnc","50",0.298118455847709,"rw_base"
"467","ktwcurcgfv59jnc","75",0.999999997849021,"rw_base"
"468","ktwcurcgfv59jnc","75",0.999999997849021,"rw_base"
"469","kug2nygmmndpth5","25",1.18393729010345e-16,"rw_base"
"470","kug2nygmmndpth5","25",1.18393729010345e-16,"rw_base"
"471","kug2nygmmndpth5","50",0.593666990682399,"rw_base"
"472","kug2nygmmndpth5","50",0.593666990682399,"rw_base"
"473","kug2nygmmndpth5","75",0.158979251869149,"rw_base"
"474","kug2nygmmndpth5","75",0.158979251869149,"rw_base"
"475","l7kobq2fs7s15go","25",0.302377594437301,"rw_base"
"476","l7kobq2fs7s15go","25",0.302377594437301,"rw_base"
"477","l7kobq2fs7s15go","50",1.95978088882531e-09,"rw_base"
"478","l7kobq2fs7s15go","50",1.95978088882531e-09,"rw_base"
"479","l7kobq2fs7s15go","75",0.158077504115804,"rw_base"
"480","l7kobq2fs7s15go","75",0.158077504115804,"rw_base"
"481","le6z045m543xskj","25",0.199755678412535,"rw_base"
"482","le6z045m543xskj","25",0.199755678412535,"rw_base"
"483","le6z045m543xskj","50",0.39167330452331,"rw_base"
"484","le6z045m543xskj","50",0.39167330452331,"rw_base"
"485","le6z045m543xskj","75",0.159709265746468,"rw_base"
"486","le6z045m543xskj","75",0.159709265746468,"rw_base"
"487","lnhuzvcq72odm0l","25",0.159261209078678,"rw_base"
"488","lnhuzvcq72odm0l","25",0.159261209078678,"rw_base"
"489","lnhuzvcq72odm0l","50",0.0829212696458733,"rw_base"
"490","lnhuzvcq72odm0l","50",0.0829212696458733,"rw_base"
"491","lnhuzvcq72odm0l","75",0.122592252697441,"rw_base"
"492","lnhuzvcq72odm0l","75",0.122592252697441,"rw_base"
"493","lq01y2l4zvsfb6u","25",1.18393729010345e-16,"rw_base"
"494","lq01y2l4zvsfb6u","25",1.18393729010345e-16,"rw_base"
"495","lq01y2l4zvsfb6u","50",1.14240884584404e-08,"rw_base"
"496","lq01y2l4zvsfb6u","50",1.14240884584404e-08,"rw_base"
"497","lq01y2l4zvsfb6u","75",0.151531447538169,"rw_base"
"498","lq01y2l4zvsfb6u","75",0.151531447538169,"rw_base"
"499","lqk83qqxe3xs6ss","25",0.131835495615753,"rw_base"
"500","lqk83qqxe3xs6ss","25",0.131835495615753,"rw_base"
"501","lqk83qqxe3xs6ss","50",2.98280238255488e-16,"rw_base"
"502","lqk83qqxe3xs6ss","50",2.98280238255488e-16,"rw_base"
"503","lqk83qqxe3xs6ss","75",0.349018067680376,"rw_base"
"504","lqk83qqxe3xs6ss","75",0.349018067680376,"rw_base"
"505","lucnd0k3f5h8ez4","25",0.146687622742317,"rw_base"
"506","lucnd0k3f5h8ez4","25",0.146687622742317,"rw_base"
"507","lucnd0k3f5h8ez4","50",0.00792496476249602,"rw_base"
"508","lucnd0k3f5h8ez4","50",0.00792496476249602,"rw_base"
"509","lucnd0k3f5h8ez4","75",0.199205530005245,"rw_base"
"510","lucnd0k3f5h8ez4","75",0.199205530005245,"rw_base"
"511","m603l2rxt7hfqax","25",0.138732466900238,"rw_base"
"512","m603l2rxt7hfqax","25",0.138732466900238,"rw_base"
"513","m603l2rxt7hfqax","50",0.153253215838535,"rw_base"
"514","m603l2rxt7hfqax","50",0.153253215838535,"rw_base"
"515","m603l2rxt7hfqax","75",0.160041326138732,"rw_base"
"516","m603l2rxt7hfqax","75",0.160041326138732,"rw_base"
"517","m72afjrfmn9ycnm","25",0.199596556443346,"rw_base"
"518","m72afjrfmn9ycnm","25",0.199596556443346,"rw_base"
"519","m72afjrfmn9ycnm","50",0.0549126729616216,"rw_base"
"520","m72afjrfmn9ycnm","50",0.0549126729616216,"rw_base"
"521","m72afjrfmn9ycnm","75",0.253648039220995,"rw_base"
"522","m72afjrfmn9ycnm","75",0.253648039220995,"rw_base"
"523","m8fuvpkggx3r7sw","25",0.0187095728065144,"rw_base"
"524","m8fuvpkggx3r7sw","25",0.0187095728065144,"rw_base"
"525","m8fuvpkggx3r7sw","50",0.335480865358691,"rw_base"
"526","m8fuvpkggx3r7sw","50",0.335480865358691,"rw_base"
"527","m8fuvpkggx3r7sw","75",0.0958354412068402,"rw_base"
"528","m8fuvpkggx3r7sw","75",0.0958354412068402,"rw_base"
"529","mdtwfshb8x8v70p","25",0.532379325476871,"rw_base"
"530","mdtwfshb8x8v70p","25",0.532379325476871,"rw_base"
"531","mdtwfshb8x8v70p","50",0.0400904536776794,"rw_base"
"532","mdtwfshb8x8v70p","50",0.0400904536776794,"rw_base"
"533","mdtwfshb8x8v70p","75",0.169205440404479,"rw_base"
"534","mdtwfshb8x8v70p","75",0.169205440404479,"rw_base"
"535","mghqo7uxufw84xb","25",0.873552672378151,"rw_base"
"536","mghqo7uxufw84xb","25",0.873552672378151,"rw_base"
"537","mghqo7uxufw84xb","50",0.0630088552182946,"rw_base"
"538","mghqo7uxufw84xb","50",0.0630088552182946,"rw_base"
"539","mghqo7uxufw84xb","75",0.851282977609795,"rw_base"
"540","mghqo7uxufw84xb","75",0.851282977609795,"rw_base"
"541","mmjryby874fs60o","25",0.0996971193322565,"rw_base"
"542","mmjryby874fs60o","25",0.0996971193322565,"rw_base"
"543","mmjryby874fs60o","50",8.37939765990916e-16,"rw_base"
"544","mmjryby874fs60o","50",8.37939765990916e-16,"rw_base"
"545","mmjryby874fs60o","75",0.0761490054916648,"rw_base"
"546","mmjryby874fs60o","75",0.0761490054916648,"rw_base"
"547","n56opcxqwcyuk97","25",0.14589398656365,"rw_base"
"548","n56opcxqwcyuk97","25",0.14589398656365,"rw_base"
"549","n56opcxqwcyuk97","50",0.0217438903263569,"rw_base"
"550","n56opcxqwcyuk97","50",0.0217438903263569,"rw_base"
"551","n56opcxqwcyuk97","75",0.387050585666538,"rw_base"
"552","n56opcxqwcyuk97","75",0.387050585666538,"rw_base"
"553","np2r7s44c0nxgg5","25",0.205785953755619,"rw_base"
"554","np2r7s44c0nxgg5","25",0.205785953755619,"rw_base"
"555","np2r7s44c0nxgg5","50",0.0163082499405023,"rw_base"
"556","np2r7s44c0nxgg5","50",0.0163082499405023,"rw_base"
"557","np2r7s44c0nxgg5","75",0.708157821513668,"rw_base"
"558","np2r7s44c0nxgg5","75",0.708157821513668,"rw_base"
"559","nrv57g0kvh6lz31","25",0.466795208224863,"rw_base"
"560","nrv57g0kvh6lz31","25",0.466795208224863,"rw_base"
"561","nrv57g0kvh6lz31","50",0.00947000122176306,"rw_base"
"562","nrv57g0kvh6lz31","50",0.00947000122176306,"rw_base"
"563","nrv57g0kvh6lz31","75",0.174402803145958,"rw_base"
"564","nrv57g0kvh6lz31","75",0.174402803145958,"rw_base"
"565","nvk3jd25saegh24","25",0.145905292955336,"rw_base"
"566","nvk3jd25saegh24","25",0.145905292955336,"rw_base"
"567","nvk3jd25saegh24","50",7.31385409881606e-15,"rw_base"
"568","nvk3jd25saegh24","50",7.31385409881606e-15,"rw_base"
"569","nvk3jd25saegh24","75",0.184337335942916,"rw_base"
"570","nvk3jd25saegh24","75",0.184337335942916,"rw_base"
"571","oemn8dnelyez9dr","25",0.00659046221118316,"rw_base"
"572","oemn8dnelyez9dr","25",0.00659046221118316,"rw_base"
"573","oemn8dnelyez9dr","50",0.656762985357867,"rw_base"
"574","oemn8dnelyez9dr","50",0.656762985357867,"rw_base"
"575","oemn8dnelyez9dr","75",0.246585480634329,"rw_base"
"576","oemn8dnelyez9dr","75",0.246585480634329,"rw_base"
"577","oeu4jokoabrwtua","25",0.337256548229005,"rw_base"
"578","oeu4jokoabrwtua","25",0.337256548229005,"rw_base"
"579","oeu4jokoabrwtua","50",0.0233700877703459,"rw_base"
"580","oeu4jokoabrwtua","50",0.0233700877703459,"rw_base"
"581","oeu4jokoabrwtua","75",0.194273243939524,"rw_base"
"582","oeu4jokoabrwtua","75",0.194273243939524,"rw_base"
"583","p0ptwsbjrbx9q9b","25",0.200029047288758,"rw_base"
"584","p0ptwsbjrbx9q9b","25",0.200029047288758,"rw_base"
"585","p0ptwsbjrbx9q9b","50",1.16152865911599e-08,"rw_base"
"586","p0ptwsbjrbx9q9b","50",1.16152865911599e-08,"rw_base"
"587","p0ptwsbjrbx9q9b","75",0.128990895270427,"rw_base"
"588","p0ptwsbjrbx9q9b","75",0.128990895270427,"rw_base"
"589","p2sp49zl9919q87","25",0.1715314171158,"rw_base"
"590","p2sp49zl9919q87","25",0.1715314171158,"rw_base"
"591","p2sp49zl9919q87","50",5.84315592619642e-17,"rw_base"
"592","p2sp49zl9919q87","50",5.84315592619642e-17,"rw_base"
"593","p2sp49zl9919q87","75",0.262817053794168,"rw_base"
"594","p2sp49zl9919q87","75",0.262817053794168,"rw_base"
"595","p2v49387cgj37sn","25",0.134867967276567,"rw_base"
"596","p2v49387cgj37sn","25",0.134867967276567,"rw_base"
"597","p2v49387cgj37sn","50",0.00811528710508718,"rw_base"
"598","p2v49387cgj37sn","50",0.00811528710508718,"rw_base"
"599","p2v49387cgj37sn","75",0.306443445483339,"rw_base"
"600","p2v49387cgj37sn","75",0.306443445483339,"rw_base"
"601","pjp6ertnjw1vb6j","25",0.254874631868947,"rw_base"
"602","pjp6ertnjw1vb6j","25",0.254874631868947,"rw_base"
"603","pjp6ertnjw1vb6j","50",7.31385409881606e-15,"rw_base"
"604","pjp6ertnjw1vb6j","50",7.31385409881606e-15,"rw_base"
"605","pjp6ertnjw1vb6j","75",0.291784427567027,"rw_base"
"606","pjp6ertnjw1vb6j","75",0.291784427567027,"rw_base"
"607","pojfe0tpsdoned2","25",0.142725441916417,"rw_base"
"608","pojfe0tpsdoned2","25",0.142725441916417,"rw_base"
"609","pojfe0tpsdoned2","50",0.186557088621097,"rw_base"
"610","pojfe0tpsdoned2","50",0.186557088621097,"rw_base"
"611","pojfe0tpsdoned2","75",0.270216389126263,"rw_base"
"612","pojfe0tpsdoned2","75",0.270216389126263,"rw_base"
"613","pv8gfb6dwc0u8md","25",0.15491272713769,"rw_base"
"614","pv8gfb6dwc0u8md","25",0.15491272713769,"rw_base"
"615","pv8gfb6dwc0u8md","50",1.70277255980538e-14,"rw_base"
"616","pv8gfb6dwc0u8md","50",1.70277255980538e-14,"rw_base"
"617","pv8gfb6dwc0u8md","75",0.192355388910093,"rw_base"
"618","pv8gfb6dwc0u8md","75",0.192355388910093,"rw_base"
"619","q4o2n439h3o4hux","25",0.25394896404656,"rw_base"
"620","q4o2n439h3o4hux","25",0.25394896404656,"rw_base"
"621","q4o2n439h3o4hux","50",0.0207802031424388,"rw_base"
"622","q4o2n439h3o4hux","50",0.0207802031424388,"rw_base"
"623","q4o2n439h3o4hux","75",0.126240678003232,"rw_base"
"624","q4o2n439h3o4hux","75",0.126240678003232,"rw_base"
"625","qeaducsgetncgeb","25",0.138028996008081,"rw_base"
"626","qeaducsgetncgeb","25",0.138028996008081,"rw_base"
"627","qeaducsgetncgeb","50",6.49555661893637e-09,"rw_base"
"628","qeaducsgetncgeb","50",6.49555661893637e-09,"rw_base"
"629","qeaducsgetncgeb","75",0.352082897969808,"rw_base"
"630","qeaducsgetncgeb","75",0.352082897969808,"rw_base"
"631","qreecv8wv03uqw8","25",0.205780718559416,"rw_base"
"632","qreecv8wv03uqw8","25",0.205780718559416,"rw_base"
"633","qreecv8wv03uqw8","50",0.39167330452331,"rw_base"
"634","qreecv8wv03uqw8","50",0.39167330452331,"rw_base"
"635","qreecv8wv03uqw8","75",0.189941332280313,"rw_base"
"636","qreecv8wv03uqw8","75",0.189941332280313,"rw_base"
"637","qw7q50m2o58ugvl","25",0.168815643241717,"rw_base"
"638","qw7q50m2o58ugvl","25",0.168815643241717,"rw_base"
"639","qw7q50m2o58ugvl","50",7.31385409881606e-15,"rw_base"
"640","qw7q50m2o58ugvl","50",7.31385409881606e-15,"rw_base"
"641","qw7q50m2o58ugvl","75",0.212458624902133,"rw_base"
"642","qw7q50m2o58ugvl","75",0.212458624902133,"rw_base"
"643","r018cukle69r1bf","25",0.168724260370359,"rw_base"
"644","r018cukle69r1bf","25",0.168724260370359,"rw_base"
"645","r018cukle69r1bf","50",0.064652913756874,"rw_base"
"646","r018cukle69r1bf","50",0.064652913756874,"rw_base"
"647","r018cukle69r1bf","75",5.84315592619642e-17,"rw_base"
"648","r018cukle69r1bf","75",5.84315592619642e-17,"rw_base"
"649","re53t0m5rdemzxb","25",2.98280238255488e-16,"rw_base"
"650","re53t0m5rdemzxb","25",2.98280238255488e-16,"rw_base"
"651","re53t0m5rdemzxb","50",0.999972506616706,"rw_base"
"652","re53t0m5rdemzxb","50",0.999972506616706,"rw_base"
"653","re53t0m5rdemzxb","75",0.133994155112208,"rw_base"
"654","re53t0m5rdemzxb","75",0.133994155112208,"rw_base"
"655","regcubm60dchcxr","25",0.132417186553817,"rw_base"
"656","regcubm60dchcxr","25",0.132417186553817,"rw_base"
"657","regcubm60dchcxr","50",2.91577155242279e-09,"rw_base"
"658","regcubm60dchcxr","50",2.91577155242279e-09,"rw_base"
"659","regcubm60dchcxr","75",0.161387276580282,"rw_base"
"660","regcubm60dchcxr","75",0.161387276580282,"rw_base"
"661","rf8fvjnsk6r07uc","25",0.123305669652337,"rw_base"
"662","rf8fvjnsk6r07uc","25",0.123305669652337,"rw_base"
"663","rf8fvjnsk6r07uc","50",4.07589693240349e-15,"rw_base"
"664","rf8fvjnsk6r07uc","50",4.07589693240349e-15,"rw_base"
"665","rf8fvjnsk6r07uc","75",0.153320145435331,"rw_base"
"666","rf8fvjnsk6r07uc","75",0.153320145435331,"rw_base"
"667","rn0an20lmaomk57","25",0.204627441664154,"rw_base"
"668","rn0an20lmaomk57","25",0.204627441664154,"rw_base"
"669","rn0an20lmaomk57","50",0.0489749335952705,"rw_base"
"670","rn0an20lmaomk57","50",0.0489749335952705,"rw_base"
"671","rn0an20lmaomk57","75",0.247150703167716,"rw_base"
"672","rn0an20lmaomk57","75",0.247150703167716,"rw_base"
"673","rxol1dxl6nen4em","25",0.224276162474817,"rw_base"
"674","rxol1dxl6nen4em","25",0.224276162474817,"rw_base"
"675","rxol1dxl6nen4em","50",0.00892844970791378,"rw_base"
"676","rxol1dxl6nen4em","50",0.00892844970791378,"rw_base"
"677","rxol1dxl6nen4em","75",0.397782129604061,"rw_base"
"678","rxol1dxl6nen4em","75",0.397782129604061,"rw_base"
"679","ryf84f70g5thl4l","25",0.628257883836583,"rw_base"
"680","ryf84f70g5thl4l","25",0.628257883836583,"rw_base"
"681","ryf84f70g5thl4l","50",0.395840529484969,"rw_base"
"682","ryf84f70g5thl4l","50",0.395840529484969,"rw_base"
"683","ryf84f70g5thl4l","75",0.172286463231815,"rw_base"
"684","ryf84f70g5thl4l","75",0.172286463231815,"rw_base"
"685","s79rv87vd0ov68q","25",0.118362937602133,"rw_base"
"686","s79rv87vd0ov68q","25",0.118362937602133,"rw_base"
"687","s79rv87vd0ov68q","50",0.0128604328383764,"rw_base"
"688","s79rv87vd0ov68q","50",0.0128604328383764,"rw_base"
"689","s79rv87vd0ov68q","75",0.162917424529079,"rw_base"
"690","s79rv87vd0ov68q","75",0.162917424529079,"rw_base"
"691","s7enbyv4of56b3e","25",0.158422989188704,"rw_base"
"692","s7enbyv4of56b3e","25",0.158422989188704,"rw_base"
"693","s7enbyv4of56b3e","50",0.186557088621097,"rw_base"
"694","s7enbyv4of56b3e","50",0.186557088621097,"rw_base"
"695","s7enbyv4of56b3e","75",0.270216389126263,"rw_base"
"696","s7enbyv4of56b3e","75",0.270216389126263,"rw_base"
"697","sh3z56uk3q0ddzd","25",0.149348945507114,"rw_base"
"698","sh3z56uk3q0ddzd","25",0.149348945507114,"rw_base"
"699","sh3z56uk3q0ddzd","50",0.0267059352661134,"rw_base"
"700","sh3z56uk3q0ddzd","50",0.0267059352661134,"rw_base"
"701","sh3z56uk3q0ddzd","75",0.577744681868559,"rw_base"
"702","sh3z56uk3q0ddzd","75",0.577744681868559,"rw_base"
"703","ssbsk72ruz2tdg1","25",0.924970683457799,"rw_base"
"704","ssbsk72ruz2tdg1","25",0.924970683457799,"rw_base"
"705","ssbsk72ruz2tdg1","50",0.293955218511947,"rw_base"
"706","ssbsk72ruz2tdg1","50",0.293955218511947,"rw_base"
"707","ssbsk72ruz2tdg1","75",0.999999997849021,"rw_base"
"708","ssbsk72ruz2tdg1","75",0.999999997849021,"rw_base"
"709","swmufx7egboodpe","25",0.163827296960524,"rw_base"
"710","swmufx7egboodpe","25",0.163827296960524,"rw_base"
"711","swmufx7egboodpe","50",1.21707898484349e-14,"rw_base"
"712","swmufx7egboodpe","50",1.21707898484349e-14,"rw_base"
"713","swmufx7egboodpe","75",0.205600085079651,"rw_base"
"714","swmufx7egboodpe","75",0.205600085079651,"rw_base"
"715","t53tjn7r8ydtmtq","25",0.763235323278595,"rw_base"
"716","t53tjn7r8ydtmtq","25",0.763235323278595,"rw_base"
"717","t53tjn7r8ydtmtq","50",0.203879533231521,"rw_base"
"718","t53tjn7r8ydtmtq","50",0.203879533231521,"rw_base"
"719","t53tjn7r8ydtmtq","75",0.411419197036447,"rw_base"
"720","t53tjn7r8ydtmtq","75",0.411419197036447,"rw_base"
"721","tk2emgkdo0xmkfn","25",0.0425904390468957,"rw_base"
"722","tk2emgkdo0xmkfn","25",0.0425904390468957,"rw_base"
"723","tk2emgkdo0xmkfn","50",1.37759929372634e-15,"rw_base"
"724","tk2emgkdo0xmkfn","50",1.37759929372634e-15,"rw_base"
"725","tk2emgkdo0xmkfn","75",0.999999997849021,"rw_base"
"726","tk2emgkdo0xmkfn","75",0.999999997849021,"rw_base"
"727","u22e26jm4cy25av","25",0.286474491572675,"rw_base"
"728","u22e26jm4cy25av","25",0.286474491572675,"rw_base"
"729","u22e26jm4cy25av","50",7.4937406080612e-15,"rw_base"
"730","u22e26jm4cy25av","50",7.4937406080612e-15,"rw_base"
"731","u22e26jm4cy25av","75",0.143832992471895,"rw_base"
"732","u22e26jm4cy25av","75",0.143832992471895,"rw_base"
"733","u556z6wn629kwu5","25",0.14029760668876,"rw_base"
"734","u556z6wn629kwu5","25",0.14029760668876,"rw_base"
"735","u556z6wn629kwu5","50",1.16152865911599e-08,"rw_base"
"736","u556z6wn629kwu5","50",1.16152865911599e-08,"rw_base"
"737","u556z6wn629kwu5","75",0.823404093375144,"rw_base"
"738","u556z6wn629kwu5","75",0.823404093375144,"rw_base"
"739","u5kwzdtotz39jwp","25",0.132509159845008,"rw_base"
"740","u5kwzdtotz39jwp","25",0.132509159845008,"rw_base"
"741","u5kwzdtotz39jwp","50",0.00811528710508718,"rw_base"
"742","u5kwzdtotz39jwp","50",0.00811528710508718,"rw_base"
"743","u5kwzdtotz39jwp","75",0.412875310013281,"rw_base"
"744","u5kwzdtotz39jwp","75",0.412875310013281,"rw_base"
"745","uaf4fed1xj02ps4","25",0.0670888172589367,"rw_base"
"746","uaf4fed1xj02ps4","25",0.0670888172589367,"rw_base"
"747","uaf4fed1xj02ps4","50",8.37939765990916e-16,"rw_base"
"748","uaf4fed1xj02ps4","50",8.37939765990916e-16,"rw_base"
"749","uaf4fed1xj02ps4","75",0.262625409408941,"rw_base"
"750","uaf4fed1xj02ps4","75",0.262625409408941,"rw_base"
"751","ug2w7q3f6pgxf6e","25",0.868360422494263,"rw_base"
"752","ug2w7q3f6pgxf6e","25",0.868360422494263,"rw_base"
"753","ug2w7q3f6pgxf6e","50",0.0163082499405023,"rw_base"
"754","ug2w7q3f6pgxf6e","50",0.0163082499405023,"rw_base"
"755","ug2w7q3f6pgxf6e","75",0.148304300188935,"rw_base"
"756","ug2w7q3f6pgxf6e","75",0.148304300188935,"rw_base"
"757","unp160hltucmgwb","25",0.245348781593039,"rw_base"
"758","unp160hltucmgwb","25",0.245348781593039,"rw_base"
"759","unp160hltucmgwb","50",8.37939765990916e-16,"rw_base"
"760","unp160hltucmgwb","50",8.37939765990916e-16,"rw_base"
"761","unp160hltucmgwb","75",0.158606276126908,"rw_base"
"762","unp160hltucmgwb","75",0.158606276126908,"rw_base"
"763","v2rgepeoz23lhyb","25",0.235333152210769,"rw_base"
"764","v2rgepeoz23lhyb","25",0.235333152210769,"rw_base"
"765","v2rgepeoz23lhyb","50",8.37939765990916e-16,"rw_base"
"766","v2rgepeoz23lhyb","50",8.37939765990916e-16,"rw_base"
"767","v2rgepeoz23lhyb","75",0.771917137959,"rw_base"
"768","v2rgepeoz23lhyb","75",0.771917137959,"rw_base"
"769","vnoz56ecccya7hk","25",0.159770029182255,"rw_base"
"770","vnoz56ecccya7hk","25",0.159770029182255,"rw_base"
"771","vnoz56ecccya7hk","50",6.58053256745773e-16,"rw_base"
"772","vnoz56ecccya7hk","50",6.58053256745773e-16,"rw_base"
"773","vnoz56ecccya7hk","75",5.84315592619642e-17,"rw_base"
"774","vnoz56ecccya7hk","75",5.84315592619642e-17,"rw_base"
"775","wey1upork0e0epr","25",0.184327868675316,"rw_base"
"776","wey1upork0e0epr","25",0.184327868675316,"rw_base"
"777","wey1upork0e0epr","50",7.31385409881606e-15,"rw_base"
"778","wey1upork0e0epr","50",7.31385409881606e-15,"rw_base"
"779","wey1upork0e0epr","75",5.84315592619642e-17,"rw_base"
"780","wey1upork0e0epr","75",5.84315592619642e-17,"rw_base"
"781","wf4mq2s0e98ce4z","25",0.121883211470751,"rw_base"
"782","wf4mq2s0e98ce4z","25",0.121883211470751,"rw_base"
"783","wf4mq2s0e98ce4z","50",2.03413571821622e-09,"rw_base"
"784","wf4mq2s0e98ce4z","50",2.03413571821622e-09,"rw_base"
"785","wf4mq2s0e98ce4z","75",0.15090712361229,"rw_base"
"786","wf4mq2s0e98ce4z","75",0.15090712361229,"rw_base"
"787","ws44qtt9xen2xsl","25",0.795943860109061,"rw_base"
"788","ws44qtt9xen2xsl","25",0.795943860109061,"rw_base"
"789","ws44qtt9xen2xsl","50",0.031685769119495,"rw_base"
"790","ws44qtt9xen2xsl","50",0.031685769119495,"rw_base"
"791","ws44qtt9xen2xsl","75",0.135112868568769,"rw_base"
"792","ws44qtt9xen2xsl","75",0.135112868568769,"rw_base"
"793","wwv18727elhq22u","25",0.181430765259028,"rw_base"
"794","wwv18727elhq22u","25",0.181430765259028,"rw_base"
"795","wwv18727elhq22u","50",2.03413571821622e-09,"rw_base"
"796","wwv18727elhq22u","50",2.03413571821622e-09,"rw_base"
"797","wwv18727elhq22u","75",0.197832192980492,"rw_base"
"798","wwv18727elhq22u","75",0.197832192980492,"rw_base"
"799","x0nfe7hwu2yt5az","25",0.440996981361682,"rw_base"
"800","x0nfe7hwu2yt5az","25",0.440996981361682,"rw_base"
"801","x0nfe7hwu2yt5az","50",0.197902755979131,"rw_base"
"802","x0nfe7hwu2yt5az","50",0.197902755979131,"rw_base"
"803","x0nfe7hwu2yt5az","75",0.124266449733954,"rw_base"
"804","x0nfe7hwu2yt5az","75",0.124266449733954,"rw_base"
"805","x0ztn8ulz4wsjnf","25",0.175475437279364,"rw_base"
"806","x0ztn8ulz4wsjnf","25",0.175475437279364,"rw_base"
"807","x0ztn8ulz4wsjnf","50",0.0561422930090728,"rw_base"
"808","x0ztn8ulz4wsjnf","50",0.0561422930090728,"rw_base"
"809","x0ztn8ulz4wsjnf","75",0.811062466807221,"rw_base"
"810","x0ztn8ulz4wsjnf","75",0.811062466807221,"rw_base"
"811","x31a150jh7x0sc3","25",1.18393729010345e-16,"rw_base"
"812","x31a150jh7x0sc3","25",1.18393729010345e-16,"rw_base"
"813","x31a150jh7x0sc3","50",0.999999997849021,"rw_base"
"814","x31a150jh7x0sc3","50",0.999999997849021,"rw_base"
"815","x31a150jh7x0sc3","75",0.999999997849021,"rw_base"
"816","x31a150jh7x0sc3","75",0.999999997849021,"rw_base"
"817","x6cu75oy88jq32r","25",0.0379144172522493,"rw_base"
"818","x6cu75oy88jq32r","25",0.0379144172522493,"rw_base"
"819","x6cu75oy88jq32r","50",0.945900968588928,"rw_base"
"820","x6cu75oy88jq32r","50",0.945900968588928,"rw_base"
"821","x6cu75oy88jq32r","75",0.999999997849021,"rw_base"
"822","x6cu75oy88jq32r","75",0.999999997849021,"rw_base"
"823","y71fvh7ol8vycb2","25",0.230234053274646,"rw_base"
"824","y71fvh7ol8vycb2","25",0.230234053274646,"rw_base"
"825","y71fvh7ol8vycb2","50",0.0227237555833037,"rw_base"
"826","y71fvh7ol8vycb2","50",0.0227237555833037,"rw_base"
"827","y71fvh7ol8vycb2","75",0.157707203331038,"rw_base"
"828","y71fvh7ol8vycb2","75",0.157707203331038,"rw_base"
"829","zdzld8scpb2ydmo","25",0.0143579532722591,"rw_base"
"830","zdzld8scpb2ydmo","25",0.0143579532722591,"rw_base"
"831","zdzld8scpb2ydmo","50",0.258616892470146,"rw_base"
"832","zdzld8scpb2ydmo","50",0.258616892470146,"rw_base"
"833","zdzld8scpb2ydmo","75",0.165921467164439,"rw_base"
"834","zdzld8scpb2ydmo","75",0.165921467164439,"rw_base"
"835","zqr31esvemh6qkz","25",0.283672644213162,"rw_base"
"836","zqr31esvemh6qkz","25",0.283672644213162,"rw_base"
"837","zqr31esvemh6qkz","50",1.95978088882531e-09,"rw_base"
"838","zqr31esvemh6qkz","50",1.95978088882531e-09,"rw_base"
"839","zqr31esvemh6qkz","75",0.606465288732373,"rw_base"
"840","zqr31esvemh6qkz","75",0.606465288732373,"rw_base"
