,subject,condition,pu,step
0,1qs0vvu9krr584a,0.0,0.0,23.75
1,1qs0vvu9krr584a,1.0,1.0,24.0
2,1qs0vvu9krr584a,2.0,1.0,17.5
3,1qs0vvu9krr584a,3.0,0.0,19.0
4,1qs0vvu9krr584a,4.0,0.0,25.75
5,1qs0vvu9krr584a,5.0,1.0,18.25
6,1tq0jt4dd31u8lq,0.0,1.0,13.0
7,1tq0jt4dd31u8lq,1.0,0.0,20.25
8,1tq0jt4dd31u8lq,2.0,1.0,16.0
9,1tq0jt4dd31u8lq,3.0,0.0,21.5
10,1tq0jt4dd31u8lq,4.0,0.0,17.25
11,1tq0jt4dd31u8lq,5.0,1.0,16.0
12,22260uys7arz8j6,0.0,1.0,10.0
13,22260uys7arz8j6,1.0,0.0,20.25
14,22260uys7arz8j6,2.0,1.0,16.5
15,22260uys7arz8j6,3.0,0.0,21.75
16,22260uys7arz8j6,4.0,0.0,18.25
17,22260uys7arz8j6,5.0,1.0,11.5
18,2bqu5ktkg43fh3p,0.0,0.0,26.25
19,2bqu5ktkg43fh3p,1.0,1.0,18.0
20,2bqu5ktkg43fh3p,2.0,0.0,29.5
21,2bqu5ktkg43fh3p,3.0,1.0,16.25
22,2bqu5ktkg43fh3p,4.0,0.0,22.0
23,2bqu5ktkg43fh3p,5.0,1.0,14.25
24,2mzs709cn5dlwj2,0.0,1.0,8.25
25,2mzs709cn5dlwj2,1.0,0.0,16.0
26,2mzs709cn5dlwj2,2.0,0.0,13.75
27,2mzs709cn5dlwj2,3.0,1.0,9.5
28,2mzs709cn5dlwj2,4.0,1.0,8.75
29,2mzs709cn5dlwj2,5.0,0.0,15.25
30,2nzfnkk2uulwmkz,0.0,0.0,24.75
31,2nzfnkk2uulwmkz,1.0,1.0,14.0
32,2nzfnkk2uulwmkz,2.0,1.0,14.25
33,2nzfnkk2uulwmkz,3.0,0.0,18.5
34,2nzfnkk2uulwmkz,4.0,0.0,19.0
35,2nzfnkk2uulwmkz,5.0,1.0,16.75
36,2onuokgmd4mb91n,0.0,1.0,13.0
37,2onuokgmd4mb91n,1.0,0.0,17.75
38,2onuokgmd4mb91n,2.0,0.0,24.75
39,2onuokgmd4mb91n,3.0,1.0,19.75
40,2onuokgmd4mb91n,4.0,1.0,17.75
41,2onuokgmd4mb91n,5.0,0.0,24.75
42,2qu63bjtm9kxnnb,0.0,1.0,11.0
43,2qu63bjtm9kxnnb,1.0,0.0,20.25
44,2qu63bjtm9kxnnb,2.0,1.0,13.75
45,2qu63bjtm9kxnnb,3.0,0.0,20.25
46,2qu63bjtm9kxnnb,4.0,0.0,17.25
47,2qu63bjtm9kxnnb,5.0,1.0,15.5
48,2usnf1r3h88bett,0.0,0.0,21.25
49,2usnf1r3h88bett,1.0,1.0,15.75
50,2usnf1r3h88bett,2.0,1.0,14.0
51,2usnf1r3h88bett,3.0,0.0,21.75
52,2usnf1r3h88bett,4.0,0.0,19.75
53,2usnf1r3h88bett,5.0,1.0,9.75
54,34aswcgc3uv5ln0,0.0,0.0,20.75
55,34aswcgc3uv5ln0,1.0,1.0,15.75
56,34aswcgc3uv5ln0,2.0,1.0,17.5
57,34aswcgc3uv5ln0,3.0,0.0,23.0
58,34aswcgc3uv5ln0,4.0,0.0,30.0
59,34aswcgc3uv5ln0,5.0,1.0,17.75
60,35q8u5ekgfaq26g,0.0,0.0,20.0
61,35q8u5ekgfaq26g,1.0,1.0,17.25
62,35q8u5ekgfaq26g,2.0,0.0,16.25
63,35q8u5ekgfaq26g,3.0,1.0,19.0
64,35q8u5ekgfaq26g,4.0,0.0,17.75
65,35q8u5ekgfaq26g,5.0,1.0,13.75
66,3cb7v9rogoxz69h,0.0,0.0,20.25
67,3cb7v9rogoxz69h,1.0,1.0,15.25
68,3cb7v9rogoxz69h,2.0,0.0,25.0
69,3cb7v9rogoxz69h,3.0,1.0,23.0
70,3cb7v9rogoxz69h,4.0,0.0,30.75
71,3cb7v9rogoxz69h,5.0,1.0,20.75
72,3jrram86yd3uhgb,0.0,1.0,15.75
73,3jrram86yd3uhgb,1.0,0.0,18.5
74,3jrram86yd3uhgb,2.0,0.0,19.75
75,3jrram86yd3uhgb,3.0,1.0,9.75
76,3jrram86yd3uhgb,4.0,1.0,10.75
77,3jrram86yd3uhgb,5.0,0.0,13.25
78,3t9q259awsqqnjn,0.0,1.0,13.75
79,3t9q259awsqqnjn,1.0,0.0,19.5
80,3t9q259awsqqnjn,2.0,1.0,13.75
81,3t9q259awsqqnjn,3.0,0.0,13.75
82,3t9q259awsqqnjn,4.0,0.0,16.5
83,3t9q259awsqqnjn,5.0,1.0,11.25
84,3v8e1byv3sv0alm,0.0,1.0,16.5
85,3v8e1byv3sv0alm,1.0,0.0,25.5
86,3v8e1byv3sv0alm,2.0,0.0,25.75
87,3v8e1byv3sv0alm,3.0,1.0,13.0
88,3v8e1byv3sv0alm,4.0,1.0,17.0
89,3v8e1byv3sv0alm,5.0,0.0,21.75
90,4724s9yvowlqe3o,0.0,0.0,20.75
91,4724s9yvowlqe3o,1.0,1.0,16.0
92,4724s9yvowlqe3o,2.0,1.0,14.5
93,4724s9yvowlqe3o,3.0,0.0,24.5
94,4724s9yvowlqe3o,4.0,0.0,20.75
95,4724s9yvowlqe3o,5.0,1.0,13.0
96,4g3g9s2nj7eh7g9,0.0,1.0,7.75
97,4g3g9s2nj7eh7g9,1.0,0.0,18.0
98,4g3g9s2nj7eh7g9,2.0,0.0,21.25
99,4g3g9s2nj7eh7g9,3.0,1.0,7.75
100,4g3g9s2nj7eh7g9,4.0,1.0,11.75
101,4g3g9s2nj7eh7g9,5.0,0.0,15.25
102,4gsluu13t1fssat,0.0,0.0,26.5
103,4gsluu13t1fssat,1.0,1.0,26.75
104,4gsluu13t1fssat,2.0,1.0,21.75
105,4gsluu13t1fssat,3.0,0.0,24.75
106,4gsluu13t1fssat,4.0,0.0,22.0
107,4gsluu13t1fssat,5.0,1.0,22.5
108,4ns4fa2xqw95lgx,0.0,1.0,18.25
109,4ns4fa2xqw95lgx,1.0,0.0,22.0
110,4ns4fa2xqw95lgx,2.0,1.0,13.5
111,4ns4fa2xqw95lgx,3.0,0.0,23.25
112,4ns4fa2xqw95lgx,4.0,0.0,20.5
113,4ns4fa2xqw95lgx,5.0,1.0,8.25
114,4tcxev3874jk89a,0.0,0.0,18.25
115,4tcxev3874jk89a,1.0,1.0,6.7
116,4tcxev3874jk89a,2.0,0.0,20.75
117,4tcxev3874jk89a,3.0,1.0,15.75
118,4tcxev3874jk89a,4.0,0.0,15.75
119,4tcxev3874jk89a,5.0,1.0,12.5
120,4vh1jqvk9uns533,0.0,0.0,32.0
121,4vh1jqvk9uns533,1.0,1.0,31.5
122,4vh1jqvk9uns533,2.0,0.0,28.5
123,4vh1jqvk9uns533,3.0,1.0,26.25
124,4vh1jqvk9uns533,4.0,0.0,25.0
125,4vh1jqvk9uns533,5.0,1.0,30.5
126,51jqmweysl4t2kf,0.0,0.0,36.25
127,51jqmweysl4t2kf,1.0,1.0,18.75
128,51jqmweysl4t2kf,2.0,1.0,21.5
129,51jqmweysl4t2kf,3.0,0.0,23.25
130,51jqmweysl4t2kf,4.0,0.0,24.25
131,51jqmweysl4t2kf,5.0,1.0,16.25
132,57znvber9kc1tnj,0.0,1.0,15.75
133,57znvber9kc1tnj,1.0,0.0,22.5
134,57znvber9kc1tnj,2.0,0.0,23.25
135,57znvber9kc1tnj,3.0,1.0,14.75
136,57znvber9kc1tnj,4.0,1.0,15.25
137,57znvber9kc1tnj,5.0,0.0,24.5
138,5cp1qjka53bl73q,0.0,0.0,26.5
139,5cp1qjka53bl73q,1.0,1.0,15.75
140,5cp1qjka53bl73q,2.0,0.0,23.75
141,5cp1qjka53bl73q,3.0,1.0,18.0
142,5cp1qjka53bl73q,4.0,0.0,23.75
143,5cp1qjka53bl73q,5.0,1.0,17.25
144,5jwar0bvwr53h40,0.0,1.0,9.75
145,5jwar0bvwr53h40,1.0,0.0,17.5
146,5jwar0bvwr53h40,2.0,0.0,19.75
147,5jwar0bvwr53h40,3.0,1.0,10.75
148,5jwar0bvwr53h40,4.0,1.0,10.5
149,5jwar0bvwr53h40,5.0,0.0,21.5
150,5o4n9abwu4u5bb5,0.0,0.0,16.0
151,5o4n9abwu4u5bb5,1.0,1.0,10.5
152,5o4n9abwu4u5bb5,2.0,1.0,5.95
153,5o4n9abwu4u5bb5,3.0,0.0,15.75
154,5o4n9abwu4u5bb5,4.0,0.0,18.25
155,5o4n9abwu4u5bb5,5.0,1.0,7.75
156,5odjbv4o99zlp3l,0.0,0.0,31.0
157,5odjbv4o99zlp3l,1.0,1.0,22.0
158,5odjbv4o99zlp3l,2.0,1.0,25.25
159,5odjbv4o99zlp3l,3.0,0.0,25.0
160,5odjbv4o99zlp3l,4.0,0.0,24.5
161,5odjbv4o99zlp3l,5.0,1.0,14.5
162,5pgqs0v0feqyejp,0.0,0.0,18.25
163,5pgqs0v0feqyejp,1.0,1.0,15.25
164,5pgqs0v0feqyejp,2.0,1.0,17.0
165,5pgqs0v0feqyejp,3.0,0.0,19.0
166,5pgqs0v0feqyejp,4.0,0.0,22.0
167,5pgqs0v0feqyejp,5.0,1.0,17.75
168,5ryl841c85p9gqt,0.0,1.0,4.6
169,5ryl841c85p9gqt,1.0,0.0,18.25
170,5ryl841c85p9gqt,2.0,0.0,23.75
171,5ryl841c85p9gqt,3.0,1.0,4.8
172,5ryl841c85p9gqt,4.0,1.0,16.25
173,5ryl841c85p9gqt,5.0,0.0,29.25
174,5wfba9dut71p4ow,0.0,0.0,28.5
175,5wfba9dut71p4ow,1.0,1.0,14.0
176,5wfba9dut71p4ow,2.0,0.0,28.75
177,5wfba9dut71p4ow,3.0,1.0,12.75
178,5wfba9dut71p4ow,4.0,0.0,19.25
179,5wfba9dut71p4ow,5.0,1.0,13.5
180,6be4c2orpqft8ul,0.0,0.0,20.0
181,6be4c2orpqft8ul,1.0,1.0,17.5
182,6be4c2orpqft8ul,2.0,1.0,15.75
183,6be4c2orpqft8ul,3.0,0.0,20.5
184,6be4c2orpqft8ul,4.0,0.0,16.75
185,6be4c2orpqft8ul,5.0,1.0,12.5
186,6q9betgq5hv5wl1,0.0,0.0,50.25
187,6q9betgq5hv5wl1,1.0,1.0,40.5
188,6q9betgq5hv5wl1,2.0,0.0,53.0
189,6q9betgq5hv5wl1,3.0,1.0,40.5
190,6q9betgq5hv5wl1,4.0,0.0,51.25
191,6q9betgq5hv5wl1,5.0,1.0,33.75
192,6wyn194o3vd7jmv,0.0,0.0,17.25
193,6wyn194o3vd7jmv,1.0,1.0,10.25
194,6wyn194o3vd7jmv,2.0,1.0,9.25
195,6wyn194o3vd7jmv,3.0,0.0,18.75
196,6wyn194o3vd7jmv,4.0,0.0,15.25
197,6wyn194o3vd7jmv,5.0,1.0,10.25
198,70kcrqfjf2xhh4m,0.0,0.0,23.25
199,70kcrqfjf2xhh4m,1.0,1.0,19.25
200,70kcrqfjf2xhh4m,2.0,1.0,16.75
201,70kcrqfjf2xhh4m,3.0,0.0,21.0
202,70kcrqfjf2xhh4m,4.0,0.0,20.5
203,70kcrqfjf2xhh4m,5.0,1.0,13.25
204,7bwng7h1w9q6djl,0.0,0.0,19.5
205,7bwng7h1w9q6djl,1.0,1.0,18.25
206,7bwng7h1w9q6djl,2.0,0.0,21.5
207,7bwng7h1w9q6djl,3.0,1.0,16.75
208,7bwng7h1w9q6djl,4.0,0.0,16.0
209,7bwng7h1w9q6djl,5.0,1.0,16.0
210,7pjw0pz87exlgmd,0.0,1.0,12.75
211,7pjw0pz87exlgmd,1.0,0.0,19.75
212,7pjw0pz87exlgmd,2.0,0.0,17.75
213,7pjw0pz87exlgmd,3.0,1.0,11.5
214,7pjw0pz87exlgmd,4.0,1.0,17.5
215,7pjw0pz87exlgmd,5.0,0.0,23.0
216,85aq8xl8ayntz3l,0.0,1.0,11.5
217,85aq8xl8ayntz3l,1.0,0.0,16.25
218,85aq8xl8ayntz3l,2.0,0.0,22.75
219,85aq8xl8ayntz3l,3.0,1.0,16.0
220,85aq8xl8ayntz3l,4.0,1.0,15.75
221,85aq8xl8ayntz3l,5.0,0.0,20.25
222,86ytkcswjfzgjs2,0.0,0.0,25.5
223,86ytkcswjfzgjs2,1.0,1.0,19.0
224,86ytkcswjfzgjs2,2.0,1.0,17.0
225,86ytkcswjfzgjs2,3.0,0.0,18.5
226,86ytkcswjfzgjs2,4.0,0.0,15.5
227,86ytkcswjfzgjs2,5.0,1.0,11.5
228,8epzoljwn0gbtge,0.0,0.0,22.25
229,8epzoljwn0gbtge,1.0,1.0,13.75
230,8epzoljwn0gbtge,2.0,1.0,17.5
231,8epzoljwn0gbtge,3.0,0.0,18.25
232,8epzoljwn0gbtge,4.0,0.0,26.25
233,8epzoljwn0gbtge,5.0,1.0,12.0
234,8es63ovt8uw2mgg,0.0,1.0,14.5
235,8es63ovt8uw2mgg,1.0,0.0,18.25
236,8es63ovt8uw2mgg,2.0,0.0,23.75
237,8es63ovt8uw2mgg,3.0,1.0,19.75
238,8es63ovt8uw2mgg,4.0,1.0,15.75
239,8es63ovt8uw2mgg,5.0,0.0,22.25
240,8k0vz5fk6ovdk22,0.0,1.0,27.25
241,8k0vz5fk6ovdk22,1.0,0.0,35.5
242,8k0vz5fk6ovdk22,2.0,0.0,33.25
243,8k0vz5fk6ovdk22,3.0,1.0,23.75
244,8k0vz5fk6ovdk22,4.0,1.0,20.0
245,8k0vz5fk6ovdk22,5.0,0.0,32.0
246,8le0rzndxgpur8r,0.0,0.0,29.5
247,8le0rzndxgpur8r,1.0,1.0,12.75
248,8le0rzndxgpur8r,2.0,1.0,9.5
249,8le0rzndxgpur8r,3.0,0.0,21.75
250,8le0rzndxgpur8r,4.0,0.0,22.25
251,8le0rzndxgpur8r,5.0,1.0,11.25
252,8w9zpgv2wd00ryf,0.0,1.0,15.5
253,8w9zpgv2wd00ryf,1.0,0.0,27.75
254,8w9zpgv2wd00ryf,2.0,1.0,18.0
255,8w9zpgv2wd00ryf,3.0,0.0,24.5
256,8w9zpgv2wd00ryf,4.0,0.0,22.5
257,8w9zpgv2wd00ryf,5.0,1.0,18.75
258,96deaxjjts0yvax,0.0,0.0,13.0
259,96deaxjjts0yvax,1.0,1.0,6.25
260,96deaxjjts0yvax,2.0,0.0,12.75
261,96deaxjjts0yvax,3.0,1.0,8.25
262,96deaxjjts0yvax,4.0,0.0,12.5
263,96deaxjjts0yvax,5.0,1.0,5.75
264,9h1m4d4lp6ksfjt,0.0,0.0,18.0
265,9h1m4d4lp6ksfjt,1.0,1.0,13.25
266,9h1m4d4lp6ksfjt,2.0,0.0,19.5
267,9h1m4d4lp6ksfjt,3.0,1.0,12.75
268,9h1m4d4lp6ksfjt,4.0,0.0,23.75
269,9h1m4d4lp6ksfjt,5.0,1.0,21.0
270,9ho9tv1b4jdy3p6,0.0,0.0,21.25
271,9ho9tv1b4jdy3p6,1.0,1.0,15.0
272,9ho9tv1b4jdy3p6,2.0,1.0,16.0
273,9ho9tv1b4jdy3p6,3.0,0.0,16.25
274,9ho9tv1b4jdy3p6,4.0,0.0,19.5
275,9ho9tv1b4jdy3p6,5.0,1.0,13.75
276,9jfa3uck1pm1a27,0.0,0.0,17.0
277,9jfa3uck1pm1a27,1.0,1.0,19.0
278,9jfa3uck1pm1a27,2.0,1.0,16.75
279,9jfa3uck1pm1a27,3.0,0.0,18.25
280,9jfa3uck1pm1a27,4.0,0.0,23.0
281,9jfa3uck1pm1a27,5.0,1.0,14.75
282,9oe8onshjdy2khe,0.0,1.0,9.5
283,9oe8onshjdy2khe,1.0,0.0,18.0
284,9oe8onshjdy2khe,2.0,0.0,22.75
285,9oe8onshjdy2khe,3.0,1.0,15.25
286,9oe8onshjdy2khe,4.0,1.0,14.0
287,9oe8onshjdy2khe,5.0,0.0,22.5
288,9p57f5mpldrqae2,0.0,0.0,21.75
289,9p57f5mpldrqae2,1.0,1.0,12.0
290,9p57f5mpldrqae2,2.0,1.0,15.25
291,9p57f5mpldrqae2,3.0,0.0,15.5
292,9p57f5mpldrqae2,4.0,0.0,18.75
293,9p57f5mpldrqae2,5.0,1.0,12.0
294,9t78ys8n6y4lq87,0.0,1.0,12.75
295,9t78ys8n6y4lq87,1.0,0.0,21.75
296,9t78ys8n6y4lq87,2.0,1.0,19.0
297,9t78ys8n6y4lq87,3.0,0.0,21.25
298,9t78ys8n6y4lq87,4.0,0.0,21.75
299,9t78ys8n6y4lq87,5.0,1.0,19.75
300,a39zpu2zr3xl47k,0.0,1.0,19.25
301,a39zpu2zr3xl47k,1.0,0.0,22.5
302,a39zpu2zr3xl47k,2.0,0.0,19.25
303,a39zpu2zr3xl47k,3.0,1.0,14.5
304,a39zpu2zr3xl47k,4.0,1.0,12.0
305,a39zpu2zr3xl47k,5.0,0.0,19.75
306,ajztaxb5eyxtfch,0.0,0.0,26.5
307,ajztaxb5eyxtfch,1.0,1.0,22.0
308,ajztaxb5eyxtfch,2.0,1.0,16.0
309,ajztaxb5eyxtfch,3.0,0.0,13.75
310,ajztaxb5eyxtfch,4.0,0.0,23.5
311,ajztaxb5eyxtfch,5.0,1.0,7.85
312,as5hvtlqa9ouc2z,0.0,1.0,13.0
313,as5hvtlqa9ouc2z,1.0,0.0,18.75
314,as5hvtlqa9ouc2z,2.0,1.0,9.0
315,as5hvtlqa9ouc2z,3.0,0.0,19.25
316,as5hvtlqa9ouc2z,4.0,0.0,20.25
317,as5hvtlqa9ouc2z,5.0,1.0,11.25
318,au7m9jjmgy8d4gj,0.0,1.0,11.75
319,au7m9jjmgy8d4gj,1.0,0.0,18.0
320,au7m9jjmgy8d4gj,2.0,0.0,23.0
321,au7m9jjmgy8d4gj,3.0,1.0,10.5
322,au7m9jjmgy8d4gj,4.0,1.0,11.0
323,au7m9jjmgy8d4gj,5.0,0.0,18.25
324,b3jqszmpuje1kzj,0.0,0.0,19.0
325,b3jqszmpuje1kzj,1.0,1.0,11.0
326,b3jqszmpuje1kzj,2.0,1.0,13.0
327,b3jqszmpuje1kzj,3.0,0.0,16.75
328,b3jqszmpuje1kzj,4.0,0.0,19.75
329,b3jqszmpuje1kzj,5.0,1.0,10.5
330,b7kqqf6910mdvu2,0.0,1.0,13.25
331,b7kqqf6910mdvu2,1.0,0.0,24.75
332,b7kqqf6910mdvu2,2.0,0.0,25.5
333,b7kqqf6910mdvu2,3.0,1.0,8.0
334,b7kqqf6910mdvu2,4.0,1.0,13.0
335,b7kqqf6910mdvu2,5.0,0.0,31.75
336,bbdg9exvj0r7yce,0.0,0.0,42.0
337,bbdg9exvj0r7yce,1.0,1.0,40.0
338,bbdg9exvj0r7yce,2.0,1.0,40.5
339,bbdg9exvj0r7yce,3.0,0.0,55.25
340,bbdg9exvj0r7yce,4.0,0.0,52.0
341,bbdg9exvj0r7yce,5.0,1.0,26.75
342,bcddjqq3azlp1go,0.0,0.0,46.25
343,bcddjqq3azlp1go,1.0,1.0,28.75
344,bcddjqq3azlp1go,2.0,0.0,40.5
345,bcddjqq3azlp1go,3.0,1.0,29.75
346,bcddjqq3azlp1go,4.0,0.0,48.25
347,bcddjqq3azlp1go,5.0,1.0,29.5
348,bdov3ye1qvundbp,0.0,1.0,9.5
349,bdov3ye1qvundbp,1.0,0.0,21.75
350,bdov3ye1qvundbp,2.0,1.0,16.75
351,bdov3ye1qvundbp,3.0,0.0,19.75
352,bdov3ye1qvundbp,4.0,0.0,19.75
353,bdov3ye1qvundbp,5.0,1.0,17.0
354,brsvshywlogvxcq,0.0,1.0,12.75
355,brsvshywlogvxcq,1.0,0.0,20.0
356,brsvshywlogvxcq,2.0,0.0,19.5
357,brsvshywlogvxcq,3.0,1.0,12.0
358,brsvshywlogvxcq,4.0,1.0,12.0
359,brsvshywlogvxcq,5.0,0.0,19.75
360,bwapvlhj02uk8b6,0.0,0.0,29.5
361,bwapvlhj02uk8b6,1.0,1.0,23.5
362,bwapvlhj02uk8b6,2.0,0.0,32.25
363,bwapvlhj02uk8b6,3.0,1.0,19.0
364,bwapvlhj02uk8b6,4.0,0.0,28.75
365,bwapvlhj02uk8b6,5.0,1.0,23.0
366,bx1xq7e3jhb986v,0.0,0.0,25.0
367,bx1xq7e3jhb986v,1.0,1.0,13.75
368,bx1xq7e3jhb986v,2.0,0.0,19.25
369,bx1xq7e3jhb986v,3.0,1.0,10.75
370,bx1xq7e3jhb986v,4.0,0.0,20.0
371,bx1xq7e3jhb986v,5.0,1.0,15.0
372,by055azszvfnglr,0.0,1.0,13.5
373,by055azszvfnglr,1.0,0.0,25.5
374,by055azszvfnglr,2.0,1.0,14.75
375,by055azszvfnglr,3.0,0.0,24.75
376,by055azszvfnglr,4.0,0.0,19.0
377,by055azszvfnglr,5.0,1.0,18.0
378,c2se350v0tr4hzv,0.0,1.0,10.25
379,c2se350v0tr4hzv,1.0,0.0,19.0
380,c2se350v0tr4hzv,2.0,1.0,9.0
381,c2se350v0tr4hzv,3.0,0.0,18.25
382,c2se350v0tr4hzv,4.0,0.0,16.25
383,c2se350v0tr4hzv,5.0,1.0,14.75
384,cavjhtxfs1z091j,0.0,0.0,20.0
385,cavjhtxfs1z091j,1.0,1.0,18.25
386,cavjhtxfs1z091j,2.0,0.0,18.75
387,cavjhtxfs1z091j,3.0,1.0,17.25
388,cavjhtxfs1z091j,4.0,0.0,24.25
389,cavjhtxfs1z091j,5.0,1.0,11.5
390,cl4vc26ycu0woo2,0.0,0.0,22.5
391,cl4vc26ycu0woo2,1.0,1.0,15.5
392,cl4vc26ycu0woo2,2.0,0.0,18.75
393,cl4vc26ycu0woo2,3.0,1.0,16.25
394,cl4vc26ycu0woo2,4.0,0.0,19.75
395,cl4vc26ycu0woo2,5.0,1.0,15.5
396,cvwjerg09d5sfu9,0.0,1.0,16.75
397,cvwjerg09d5sfu9,1.0,0.0,21.75
398,cvwjerg09d5sfu9,2.0,0.0,28.75
399,cvwjerg09d5sfu9,3.0,1.0,15.75
400,cvwjerg09d5sfu9,4.0,1.0,17.0
401,cvwjerg09d5sfu9,5.0,0.0,30.5
402,dho9tnp5jdyv2kn,0.0,0.0,26.5
403,dho9tnp5jdyv2kn,1.0,1.0,16.75
404,dho9tnp5jdyv2kn,2.0,1.0,15.5
405,dho9tnp5jdyv2kn,3.0,0.0,22.75
406,dho9tnp5jdyv2kn,4.0,0.0,19.0
407,dho9tnp5jdyv2kn,5.0,1.0,11.75
408,djb1vpwld9c7hmk,0.0,1.0,13.25
409,djb1vpwld9c7hmk,1.0,0.0,17.5
410,djb1vpwld9c7hmk,2.0,0.0,14.5
411,djb1vpwld9c7hmk,3.0,1.0,13.0
412,djb1vpwld9c7hmk,4.0,1.0,12.5
413,djb1vpwld9c7hmk,5.0,0.0,17.5
414,ds2ot3x1v6q63xg,0.0,1.0,14.25
415,ds2ot3x1v6q63xg,1.0,0.0,17.25
416,ds2ot3x1v6q63xg,2.0,1.0,9.75
417,ds2ot3x1v6q63xg,3.0,0.0,17.25
418,ds2ot3x1v6q63xg,4.0,0.0,16.75
419,ds2ot3x1v6q63xg,5.0,1.0,4.95
420,dtua0nm03dd9yb7,0.0,0.0,15.75
421,dtua0nm03dd9yb7,1.0,1.0,11.25
422,dtua0nm03dd9yb7,2.0,0.0,19.5
423,dtua0nm03dd9yb7,3.0,1.0,13.0
424,dtua0nm03dd9yb7,4.0,0.0,22.0
425,dtua0nm03dd9yb7,5.0,1.0,13.5
426,duzv7z4jux5olpv,0.0,1.0,14.25
427,duzv7z4jux5olpv,1.0,0.0,17.25
428,duzv7z4jux5olpv,2.0,0.0,20.5
429,duzv7z4jux5olpv,3.0,1.0,14.25
430,duzv7z4jux5olpv,4.0,1.0,18.0
431,duzv7z4jux5olpv,5.0,0.0,22.25
432,dvywvnh6comawyk,0.0,0.0,23.0
433,dvywvnh6comawyk,1.0,1.0,13.0
434,dvywvnh6comawyk,2.0,1.0,10.5
435,dvywvnh6comawyk,3.0,0.0,15.75
436,dvywvnh6comawyk,4.0,0.0,17.25
437,dvywvnh6comawyk,5.0,1.0,4.35
438,dybr695ge3z1q36,0.0,0.0,25.75
439,dybr695ge3z1q36,1.0,1.0,18.25
440,dybr695ge3z1q36,2.0,1.0,18.5
441,dybr695ge3z1q36,3.0,0.0,21.5
442,dybr695ge3z1q36,4.0,0.0,19.75
443,dybr695ge3z1q36,5.0,1.0,13.75
444,e3u4ad1k1wpdvk5,0.0,0.0,18.0
445,e3u4ad1k1wpdvk5,1.0,1.0,17.25
446,e3u4ad1k1wpdvk5,2.0,0.0,17.75
447,e3u4ad1k1wpdvk5,3.0,1.0,11.25
448,e3u4ad1k1wpdvk5,4.0,0.0,18.0
449,e3u4ad1k1wpdvk5,5.0,1.0,20.0
450,eozoqygyyr2hh89,0.0,1.0,15.5
451,eozoqygyyr2hh89,1.0,0.0,21.0
452,eozoqygyyr2hh89,2.0,0.0,14.25
453,eozoqygyyr2hh89,3.0,1.0,2.8
454,eozoqygyyr2hh89,4.0,1.0,3.2
455,eozoqygyyr2hh89,5.0,0.0,25.75
456,eq2yquj9uq7mrmv,0.0,1.0,15.25
457,eq2yquj9uq7mrmv,1.0,0.0,23.75
458,eq2yquj9uq7mrmv,2.0,0.0,26.5
459,eq2yquj9uq7mrmv,3.0,1.0,18.75
460,eq2yquj9uq7mrmv,4.0,1.0,19.5
461,eq2yquj9uq7mrmv,5.0,0.0,29.75
462,f9cj53d6095k7y9,0.0,1.0,21.0
463,f9cj53d6095k7y9,1.0,0.0,26.75
464,f9cj53d6095k7y9,2.0,0.0,23.75
465,f9cj53d6095k7y9,3.0,1.0,15.75
466,f9cj53d6095k7y9,4.0,1.0,20.0
467,f9cj53d6095k7y9,5.0,0.0,24.25
468,fdjpgjo5vx0cbx6,0.0,0.0,43.5
469,fdjpgjo5vx0cbx6,1.0,1.0,26.5
470,fdjpgjo5vx0cbx6,2.0,0.0,31.25
471,fdjpgjo5vx0cbx6,3.0,1.0,25.5
472,fdjpgjo5vx0cbx6,4.0,0.0,38.0
473,fdjpgjo5vx0cbx6,5.0,1.0,23.5
474,fdpbfyfot5pm4dq,0.0,0.0,18.5
475,fdpbfyfot5pm4dq,1.0,1.0,3.55
476,fdpbfyfot5pm4dq,2.0,0.0,15.5
477,fdpbfyfot5pm4dq,3.0,1.0,8.25
478,fdpbfyfot5pm4dq,4.0,0.0,21.0
479,fdpbfyfot5pm4dq,5.0,1.0,2.8
480,fehlcunq37bd57x,0.0,0.0,25.0
481,fehlcunq37bd57x,1.0,1.0,14.75
482,fehlcunq37bd57x,2.0,1.0,14.75
483,fehlcunq37bd57x,3.0,0.0,16.75
484,fehlcunq37bd57x,4.0,0.0,24.25
485,fehlcunq37bd57x,5.0,1.0,8.25
486,fgst37yzsa6bnqq,0.0,0.0,27.0
487,fgst37yzsa6bnqq,1.0,1.0,15.75
488,fgst37yzsa6bnqq,2.0,1.0,17.0
489,fgst37yzsa6bnqq,3.0,0.0,29.75
490,fgst37yzsa6bnqq,4.0,0.0,22.25
491,fgst37yzsa6bnqq,5.0,1.0,15.0
492,fq39wkqs1solhdu,0.0,0.0,18.25
493,fq39wkqs1solhdu,1.0,1.0,14.0
494,fq39wkqs1solhdu,2.0,1.0,11.0
495,fq39wkqs1solhdu,3.0,0.0,21.5
496,fq39wkqs1solhdu,4.0,0.0,17.25
497,fq39wkqs1solhdu,5.0,1.0,11.75
498,fqnkabfbs65dy5r,0.0,1.0,12.75
499,fqnkabfbs65dy5r,1.0,0.0,20.0
500,fqnkabfbs65dy5r,2.0,0.0,17.25
501,fqnkabfbs65dy5r,3.0,1.0,13.25
502,fqnkabfbs65dy5r,4.0,1.0,15.0
503,fqnkabfbs65dy5r,5.0,0.0,24.5
504,fwexbmobod79xhj,0.0,1.0,15.25
505,fwexbmobod79xhj,1.0,0.0,22.25
506,fwexbmobod79xhj,2.0,1.0,16.75
507,fwexbmobod79xhj,3.0,0.0,23.25
508,fwexbmobod79xhj,4.0,0.0,23.5
509,fwexbmobod79xhj,5.0,1.0,18.0
510,g35rvb9r3l07tgx,0.0,0.0,18.25
511,g35rvb9r3l07tgx,1.0,1.0,10.25
512,g35rvb9r3l07tgx,2.0,0.0,15.0
513,g35rvb9r3l07tgx,3.0,1.0,7.5
514,g35rvb9r3l07tgx,4.0,0.0,18.25
515,g35rvb9r3l07tgx,5.0,1.0,10.0
516,gff1bttra8jfwuc,0.0,1.0,12.25
517,gff1bttra8jfwuc,1.0,0.0,24.5
518,gff1bttra8jfwuc,2.0,0.0,32.25
519,gff1bttra8jfwuc,3.0,1.0,18.75
520,gff1bttra8jfwuc,4.0,1.0,17.25
521,gff1bttra8jfwuc,5.0,0.0,30.0
522,gg80fe1zyat447z,0.0,0.0,27.0
523,gg80fe1zyat447z,1.0,1.0,21.25
524,gg80fe1zyat447z,2.0,1.0,13.25
525,gg80fe1zyat447z,3.0,0.0,20.25
526,gg80fe1zyat447z,4.0,0.0,18.5
527,gg80fe1zyat447z,5.0,1.0,12.0
528,ggkxy092ul5l6n0,0.0,1.0,16.0
529,ggkxy092ul5l6n0,1.0,0.0,17.0
530,ggkxy092ul5l6n0,2.0,1.0,11.75
531,ggkxy092ul5l6n0,3.0,0.0,14.5
532,ggkxy092ul5l6n0,4.0,0.0,15.0
533,ggkxy092ul5l6n0,5.0,1.0,9.75
534,gh7mbx9jy45flun,0.0,1.0,9.25
535,gh7mbx9jy45flun,1.0,0.0,28.25
536,gh7mbx9jy45flun,2.0,0.0,35.0
537,gh7mbx9jy45flun,3.0,1.0,21.75
538,gh7mbx9jy45flun,4.0,1.0,21.0
539,gh7mbx9jy45flun,5.0,0.0,30.5
540,ghbypuj01msjo4h,0.0,0.0,18.0
541,ghbypuj01msjo4h,1.0,1.0,13.75
542,ghbypuj01msjo4h,2.0,1.0,12.75
543,ghbypuj01msjo4h,3.0,0.0,17.0
544,ghbypuj01msjo4h,4.0,0.0,16.75
545,ghbypuj01msjo4h,5.0,1.0,9.5
546,gnd1v5zo5x7qjad,0.0,1.0,9.0
547,gnd1v5zo5x7qjad,1.0,0.0,15.0
548,gnd1v5zo5x7qjad,2.0,0.0,15.25
549,gnd1v5zo5x7qjad,3.0,1.0,9.5
550,gnd1v5zo5x7qjad,4.0,1.0,12.5
551,gnd1v5zo5x7qjad,5.0,0.0,17.75
552,gs1p8zvs22f3u03,0.0,0.0,17.5
553,gs1p8zvs22f3u03,1.0,1.0,11.25
554,gs1p8zvs22f3u03,2.0,0.0,23.25
555,gs1p8zvs22f3u03,3.0,1.0,15.25
556,gs1p8zvs22f3u03,4.0,0.0,22.0
557,gs1p8zvs22f3u03,5.0,1.0,12.5
558,gstz99vr89krpfz,0.0,0.0,17.5
559,gstz99vr89krpfz,1.0,1.0,18.25
560,gstz99vr89krpfz,2.0,1.0,13.0
561,gstz99vr89krpfz,3.0,0.0,15.0
562,gstz99vr89krpfz,4.0,0.0,15.75
563,gstz99vr89krpfz,5.0,1.0,14.25
564,gwnfptskt21pe76,0.0,1.0,19.25
565,gwnfptskt21pe76,1.0,0.0,25.25
566,gwnfptskt21pe76,2.0,1.0,18.25
567,gwnfptskt21pe76,3.0,0.0,19.75
568,gwnfptskt21pe76,4.0,0.0,23.5
569,gwnfptskt21pe76,5.0,1.0,17.75
570,h9du65sl07e0gv9,0.0,1.0,14.5
571,h9du65sl07e0gv9,1.0,0.0,25.0
572,h9du65sl07e0gv9,2.0,1.0,10.0
573,h9du65sl07e0gv9,3.0,0.0,27.25
574,h9du65sl07e0gv9,4.0,0.0,23.5
575,h9du65sl07e0gv9,5.0,1.0,15.25
576,hd4d44n06f6cawh,0.0,0.0,15.5
577,hd4d44n06f6cawh,1.0,1.0,10.5
578,hd4d44n06f6cawh,2.0,0.0,13.0
579,hd4d44n06f6cawh,3.0,1.0,13.25
580,hd4d44n06f6cawh,4.0,0.0,17.75
581,hd4d44n06f6cawh,5.0,1.0,14.0
582,hd9k76vgdu5mql0,0.0,1.0,9.5
583,hd9k76vgdu5mql0,1.0,0.0,21.0
584,hd9k76vgdu5mql0,2.0,1.0,13.5
585,hd9k76vgdu5mql0,3.0,0.0,19.0
586,hd9k76vgdu5mql0,4.0,0.0,26.25
587,hd9k76vgdu5mql0,5.0,1.0,14.5
588,hfmlbam5f685ond,0.0,0.0,28.0
589,hfmlbam5f685ond,1.0,1.0,12.25
590,hfmlbam5f685ond,2.0,1.0,18.25
591,hfmlbam5f685ond,3.0,0.0,23.5
592,hfmlbam5f685ond,4.0,0.0,21.5
593,hfmlbam5f685ond,5.0,1.0,12.0
594,hjgqzm1pq2mo1u7,0.0,0.0,22.5
595,hjgqzm1pq2mo1u7,1.0,1.0,15.5
596,hjgqzm1pq2mo1u7,2.0,0.0,19.75
597,hjgqzm1pq2mo1u7,3.0,1.0,17.75
598,hjgqzm1pq2mo1u7,4.0,0.0,19.5
599,hjgqzm1pq2mo1u7,5.0,1.0,12.75
600,hkdemly7qs0y8be,0.0,0.0,21.5
601,hkdemly7qs0y8be,1.0,1.0,15.0
602,hkdemly7qs0y8be,2.0,1.0,17.75
603,hkdemly7qs0y8be,3.0,0.0,24.25
604,hkdemly7qs0y8be,4.0,0.0,20.0
605,hkdemly7qs0y8be,5.0,1.0,14.0
606,hm4cdxlz8t0281v,0.0,1.0,13.5
607,hm4cdxlz8t0281v,1.0,0.0,22.0
608,hm4cdxlz8t0281v,2.0,1.0,15.0
609,hm4cdxlz8t0281v,3.0,0.0,17.5
610,hm4cdxlz8t0281v,4.0,0.0,23.75
611,hm4cdxlz8t0281v,5.0,1.0,17.5
612,hmfoy1dyl3p0oyx,0.0,0.0,22.75
613,hmfoy1dyl3p0oyx,1.0,1.0,17.0
614,hmfoy1dyl3p0oyx,2.0,0.0,20.0
615,hmfoy1dyl3p0oyx,3.0,1.0,14.0
616,hmfoy1dyl3p0oyx,4.0,0.0,18.5
617,hmfoy1dyl3p0oyx,5.0,1.0,13.25
618,hvawyrkxreuq7d8,0.0,1.0,15.75
619,hvawyrkxreuq7d8,1.0,0.0,20.5
620,hvawyrkxreuq7d8,2.0,1.0,10.75
621,hvawyrkxreuq7d8,3.0,0.0,17.5
622,hvawyrkxreuq7d8,4.0,0.0,20.5
623,hvawyrkxreuq7d8,5.0,1.0,12.75
624,jdewbyn3agn01fj,0.0,0.0,17.5
625,jdewbyn3agn01fj,1.0,1.0,8.75
626,jdewbyn3agn01fj,2.0,0.0,15.75
627,jdewbyn3agn01fj,3.0,1.0,8.75
628,jdewbyn3agn01fj,4.0,0.0,15.75
629,jdewbyn3agn01fj,5.0,1.0,13.25
630,je7gumyhw5zyax5,0.0,0.0,24.25
631,je7gumyhw5zyax5,1.0,1.0,18.75
632,je7gumyhw5zyax5,2.0,0.0,24.5
633,je7gumyhw5zyax5,3.0,1.0,16.25
634,je7gumyhw5zyax5,4.0,0.0,23.0
635,je7gumyhw5zyax5,5.0,1.0,16.5
636,jk1c41xga9cmsrf,0.0,0.0,22.75
637,jk1c41xga9cmsrf,1.0,1.0,17.5
638,jk1c41xga9cmsrf,2.0,1.0,14.75
639,jk1c41xga9cmsrf,3.0,0.0,14.0
640,jk1c41xga9cmsrf,4.0,0.0,20.75
641,jk1c41xga9cmsrf,5.0,1.0,5.7
642,jvcerddevc3rwm0,0.0,1.0,12.0
643,jvcerddevc3rwm0,1.0,0.0,22.25
644,jvcerddevc3rwm0,2.0,1.0,12.75
645,jvcerddevc3rwm0,3.0,0.0,17.75
646,jvcerddevc3rwm0,4.0,0.0,16.75
647,jvcerddevc3rwm0,5.0,1.0,12.75
648,k139uwro4j195db,0.0,0.0,22.25
649,k139uwro4j195db,1.0,1.0,13.25
650,k139uwro4j195db,2.0,1.0,14.5
651,k139uwro4j195db,3.0,0.0,23.5
652,k139uwro4j195db,4.0,0.0,28.75
653,k139uwro4j195db,5.0,1.0,13.5
654,k29f0wx5w553tt9,0.0,0.0,15.5
655,k29f0wx5w553tt9,1.0,1.0,12.0
656,k29f0wx5w553tt9,2.0,0.0,19.5
657,k29f0wx5w553tt9,3.0,1.0,13.25
658,k29f0wx5w553tt9,4.0,0.0,19.75
659,k29f0wx5w553tt9,5.0,1.0,14.25
660,k3j8o90rkvw7tal,0.0,1.0,15.25
661,k3j8o90rkvw7tal,1.0,0.0,16.5
662,k3j8o90rkvw7tal,2.0,1.0,15.0
663,k3j8o90rkvw7tal,3.0,0.0,20.25
664,k3j8o90rkvw7tal,4.0,0.0,21.0
665,k3j8o90rkvw7tal,5.0,1.0,18.0
666,k3jjjvn3p0r8g0s,0.0,1.0,20.5
667,k3jjjvn3p0r8g0s,1.0,0.0,32.25
668,k3jjjvn3p0r8g0s,2.0,0.0,28.25
669,k3jjjvn3p0r8g0s,3.0,1.0,23.0
670,k3jjjvn3p0r8g0s,4.0,1.0,20.75
671,k3jjjvn3p0r8g0s,5.0,0.0,31.0
672,k7xa918wsdj832n,0.0,0.0,20.0
673,k7xa918wsdj832n,1.0,1.0,14.5
674,k7xa918wsdj832n,2.0,0.0,21.0
675,k7xa918wsdj832n,3.0,1.0,11.25
676,k7xa918wsdj832n,4.0,0.0,15.5
677,k7xa918wsdj832n,5.0,1.0,10.75
678,ktwcurcgfv59jnc,0.0,0.0,26.5
679,ktwcurcgfv59jnc,1.0,1.0,19.75
680,ktwcurcgfv59jnc,2.0,0.0,26.0
681,ktwcurcgfv59jnc,3.0,1.0,9.0
682,ktwcurcgfv59jnc,4.0,0.0,21.75
683,ktwcurcgfv59jnc,5.0,1.0,15.0
684,kug2nygmmndpth5,0.0,1.0,11.25
685,kug2nygmmndpth5,1.0,0.0,17.75
686,kug2nygmmndpth5,2.0,1.0,11.5
687,kug2nygmmndpth5,3.0,0.0,21.25
688,kug2nygmmndpth5,4.0,0.0,23.0
689,kug2nygmmndpth5,5.0,1.0,14.0
690,l7kobq2fs7s15go,0.0,1.0,12.0
691,l7kobq2fs7s15go,1.0,0.0,19.25
692,l7kobq2fs7s15go,2.0,0.0,17.5
693,l7kobq2fs7s15go,3.0,1.0,12.0
694,l7kobq2fs7s15go,4.0,1.0,13.75
695,l7kobq2fs7s15go,5.0,0.0,20.75
696,l9furacymudby8a,0.0,0.0,26.5
697,l9furacymudby8a,1.0,1.0,19.75
698,l9furacymudby8a,2.0,0.0,23.75
699,l9furacymudby8a,3.0,1.0,18.25
700,l9furacymudby8a,4.0,0.0,21.75
701,l9furacymudby8a,5.0,1.0,19.25
702,le6z045m543xskj,0.0,0.0,18.25
703,le6z045m543xskj,1.0,1.0,13.25
704,le6z045m543xskj,2.0,0.0,21.75
705,le6z045m543xskj,3.0,1.0,12.5
706,le6z045m543xskj,4.0,0.0,15.0
707,le6z045m543xskj,5.0,1.0,9.25
708,lf6xl0237z2uput,0.0,0.0,23.25
709,lf6xl0237z2uput,1.0,1.0,20.75
710,lf6xl0237z2uput,2.0,1.0,23.5
711,lf6xl0237z2uput,3.0,0.0,25.75
712,lf6xl0237z2uput,4.0,0.0,24.5
713,lf6xl0237z2uput,5.0,1.0,11.25
714,lg6tvm6f6ptszm8,0.0,1.0,16.75
715,lg6tvm6f6ptszm8,1.0,0.0,25.5
716,lg6tvm6f6ptszm8,2.0,1.0,16.75
717,lg6tvm6f6ptszm8,3.0,0.0,26.5
718,lg6tvm6f6ptszm8,4.0,0.0,31.75
719,lg6tvm6f6ptszm8,5.0,1.0,26.25
720,lnhuzvcq72odm0l,0.0,0.0,13.0
721,lnhuzvcq72odm0l,1.0,1.0,8.0
722,lnhuzvcq72odm0l,2.0,0.0,14.0
723,lnhuzvcq72odm0l,3.0,1.0,6.0
724,lnhuzvcq72odm0l,4.0,0.0,13.25
725,lnhuzvcq72odm0l,5.0,1.0,7.0
726,lpx70ofk5201oup,0.0,0.0,37.0
727,lpx70ofk5201oup,1.0,1.0,3.0
728,lpx70ofk5201oup,2.0,1.0,4.55
729,lpx70ofk5201oup,3.0,0.0,23.5
730,lpx70ofk5201oup,4.0,0.0,18.25
731,lpx70ofk5201oup,5.0,1.0,4.35
732,lq01y2l4zvsfb6u,0.0,1.0,13.25
733,lq01y2l4zvsfb6u,1.0,0.0,19.25
734,lq01y2l4zvsfb6u,2.0,1.0,12.75
735,lq01y2l4zvsfb6u,3.0,0.0,20.25
736,lq01y2l4zvsfb6u,4.0,0.0,23.5
737,lq01y2l4zvsfb6u,5.0,1.0,13.0
738,lqk83qqxe3xs6ss,0.0,1.0,14.0
739,lqk83qqxe3xs6ss,1.0,0.0,21.0
740,lqk83qqxe3xs6ss,2.0,1.0,17.25
741,lqk83qqxe3xs6ss,3.0,0.0,18.0
742,lqk83qqxe3xs6ss,4.0,0.0,18.5
743,lqk83qqxe3xs6ss,5.0,1.0,13.0
744,lucnd0k3f5h8ez4,0.0,1.0,7.0
745,lucnd0k3f5h8ez4,1.0,0.0,14.5
746,lucnd0k3f5h8ez4,2.0,0.0,16.25
747,lucnd0k3f5h8ez4,3.0,1.0,9.25
748,lucnd0k3f5h8ez4,4.0,1.0,10.5
749,lucnd0k3f5h8ez4,5.0,0.0,14.0
750,lxjy6ftfv1j6uw2,0.0,1.0,7.0
751,lxjy6ftfv1j6uw2,1.0,0.0,26.75
752,lxjy6ftfv1j6uw2,2.0,0.0,15.0
753,lxjy6ftfv1j6uw2,3.0,1.0,3.2
754,lxjy6ftfv1j6uw2,4.0,1.0,3.2
755,lxjy6ftfv1j6uw2,5.0,0.0,12.0
756,m72afjrfmn9ycnm,0.0,1.0,14.25
757,m72afjrfmn9ycnm,1.0,0.0,15.5
758,m72afjrfmn9ycnm,2.0,0.0,18.5
759,m72afjrfmn9ycnm,3.0,1.0,10.75
760,m72afjrfmn9ycnm,4.0,1.0,15.0
761,m72afjrfmn9ycnm,5.0,0.0,18.25
762,m8fuvpkggx3r7sw,0.0,1.0,12.5
763,m8fuvpkggx3r7sw,1.0,0.0,24.5
764,m8fuvpkggx3r7sw,2.0,0.0,23.5
765,m8fuvpkggx3r7sw,3.0,1.0,13.0
766,m8fuvpkggx3r7sw,4.0,1.0,11.5
767,m8fuvpkggx3r7sw,5.0,0.0,23.5
768,mdtwfshb8x8v70p,0.0,1.0,15.75
769,mdtwfshb8x8v70p,1.0,0.0,15.0
770,mdtwfshb8x8v70p,2.0,1.0,7.5
771,mdtwfshb8x8v70p,3.0,0.0,15.5
772,mdtwfshb8x8v70p,4.0,0.0,22.5
773,mdtwfshb8x8v70p,5.0,1.0,13.25
774,mghqo7uxufw84xb,0.0,0.0,25.5
775,mghqo7uxufw84xb,1.0,1.0,16.25
776,mghqo7uxufw84xb,2.0,1.0,16.0
777,mghqo7uxufw84xb,3.0,0.0,26.5
778,mghqo7uxufw84xb,4.0,0.0,24.75
779,mghqo7uxufw84xb,5.0,1.0,15.5
780,mmjryby874fs60o,0.0,1.0,10.0
781,mmjryby874fs60o,1.0,0.0,25.0
782,mmjryby874fs60o,2.0,0.0,23.75
783,mmjryby874fs60o,3.0,1.0,16.0
784,mmjryby874fs60o,4.0,1.0,14.75
785,mmjryby874fs60o,5.0,0.0,19.75
786,n56opcxqwcyuk97,0.0,0.0,20.5
787,n56opcxqwcyuk97,1.0,1.0,16.5
788,n56opcxqwcyuk97,2.0,0.0,20.25
789,n56opcxqwcyuk97,3.0,1.0,18.5
790,n56opcxqwcyuk97,4.0,0.0,22.75
791,n56opcxqwcyuk97,5.0,1.0,15.25
792,np2r7s44c0nxgg5,0.0,1.0,8.75
793,np2r7s44c0nxgg5,1.0,0.0,12.75
794,np2r7s44c0nxgg5,2.0,0.0,12.5
795,np2r7s44c0nxgg5,3.0,1.0,4.95
796,np2r7s44c0nxgg5,4.0,1.0,8.75
797,np2r7s44c0nxgg5,5.0,0.0,13.25
798,nrv57g0kvh6lz31,0.0,0.0,19.5
799,nrv57g0kvh6lz31,1.0,1.0,14.25
800,nrv57g0kvh6lz31,2.0,0.0,17.5
801,nrv57g0kvh6lz31,3.0,1.0,16.25
802,nrv57g0kvh6lz31,4.0,0.0,19.5
803,nrv57g0kvh6lz31,5.0,1.0,9.5
804,nshroqsku7cv436,0.0,0.0,18.0
805,nshroqsku7cv436,1.0,1.0,10.75
806,nshroqsku7cv436,2.0,0.0,15.75
807,nshroqsku7cv436,3.0,1.0,2.8
808,nshroqsku7cv436,4.0,0.0,13.5
809,nshroqsku7cv436,5.0,1.0,3.0
810,nvk3jd25saegh24,0.0,0.0,17.75
811,nvk3jd25saegh24,1.0,1.0,12.0
812,nvk3jd25saegh24,2.0,1.0,9.75
813,nvk3jd25saegh24,3.0,0.0,17.0
814,nvk3jd25saegh24,4.0,0.0,19.5
815,nvk3jd25saegh24,5.0,1.0,14.75
816,ocssdtxqjomtsth,0.0,1.0,11.75
817,ocssdtxqjomtsth,1.0,0.0,21.5
818,ocssdtxqjomtsth,2.0,1.0,18.0
819,ocssdtxqjomtsth,3.0,0.0,20.0
820,ocssdtxqjomtsth,4.0,0.0,21.75
821,ocssdtxqjomtsth,5.0,1.0,17.5
822,oemn8dnelyez9dr,0.0,1.0,14.75
823,oemn8dnelyez9dr,1.0,0.0,23.5
824,oemn8dnelyez9dr,2.0,0.0,25.0
825,oemn8dnelyez9dr,3.0,1.0,19.5
826,oemn8dnelyez9dr,4.0,1.0,11.5
827,oemn8dnelyez9dr,5.0,0.0,20.75
828,oeu4jokoabrwtua,0.0,0.0,17.25
829,oeu4jokoabrwtua,1.0,1.0,11.5
830,oeu4jokoabrwtua,2.0,1.0,8.75
831,oeu4jokoabrwtua,3.0,0.0,16.5
832,oeu4jokoabrwtua,4.0,0.0,22.5
833,oeu4jokoabrwtua,5.0,1.0,13.0
834,ouqywsdvynl19bp,0.0,1.0,15.25
835,ouqywsdvynl19bp,1.0,0.0,21.75
836,ouqywsdvynl19bp,2.0,1.0,23.5
837,ouqywsdvynl19bp,3.0,0.0,23.5
838,ouqywsdvynl19bp,4.0,0.0,23.0
839,ouqywsdvynl19bp,5.0,1.0,18.25
840,owmmv6k6ej5qh0r,0.0,0.0,27.25
841,owmmv6k6ej5qh0r,1.0,1.0,16.25
842,owmmv6k6ej5qh0r,2.0,0.0,25.0
843,owmmv6k6ej5qh0r,3.0,1.0,14.0
844,owmmv6k6ej5qh0r,4.0,0.0,21.5
845,owmmv6k6ej5qh0r,5.0,1.0,16.5
846,p0ptwsbjrbx9q9b,0.0,1.0,14.0
847,p0ptwsbjrbx9q9b,1.0,0.0,25.75
848,p0ptwsbjrbx9q9b,2.0,0.0,18.75
849,p0ptwsbjrbx9q9b,3.0,1.0,18.5
850,p0ptwsbjrbx9q9b,4.0,1.0,15.0
851,p0ptwsbjrbx9q9b,5.0,0.0,20.25
852,p2a48lrzlrj6fsb,0.0,1.0,13.25
853,p2a48lrzlrj6fsb,1.0,0.0,25.5
854,p2a48lrzlrj6fsb,2.0,0.0,23.5
855,p2a48lrzlrj6fsb,3.0,1.0,19.0
856,p2a48lrzlrj6fsb,4.0,1.0,28.0
857,p2a48lrzlrj6fsb,5.0,0.0,29.5
858,p2sp49zl9919q87,0.0,0.0,26.25
859,p2sp49zl9919q87,1.0,1.0,18.5
860,p2sp49zl9919q87,2.0,1.0,20.25
861,p2sp49zl9919q87,3.0,0.0,28.5
862,p2sp49zl9919q87,4.0,0.0,25.5
863,p2sp49zl9919q87,5.0,1.0,16.5
864,p2v49387cgj37sn,0.0,0.0,18.5
865,p2v49387cgj37sn,1.0,1.0,11.5
866,p2v49387cgj37sn,2.0,0.0,16.75
867,p2v49387cgj37sn,3.0,1.0,10.5
868,p2v49387cgj37sn,4.0,0.0,19.25
869,p2v49387cgj37sn,5.0,1.0,12.25
870,p4bl6h83l6mxnwz,0.0,0.0,32.25
871,p4bl6h83l6mxnwz,1.0,1.0,22.5
872,p4bl6h83l6mxnwz,2.0,1.0,24.5
873,p4bl6h83l6mxnwz,3.0,0.0,31.0
874,p4bl6h83l6mxnwz,4.0,0.0,24.5
875,p4bl6h83l6mxnwz,5.0,1.0,19.5
876,p6j0lgnrdnp5hqw,0.0,0.0,26.25
877,p6j0lgnrdnp5hqw,1.0,1.0,16.0
878,p6j0lgnrdnp5hqw,2.0,0.0,22.75
879,p6j0lgnrdnp5hqw,3.0,1.0,16.25
880,p6j0lgnrdnp5hqw,4.0,0.0,26.5
881,p6j0lgnrdnp5hqw,5.0,1.0,18.25
882,pjp6ertnjw1vb6j,0.0,0.0,20.5
883,pjp6ertnjw1vb6j,1.0,1.0,12.75
884,pjp6ertnjw1vb6j,2.0,0.0,22.0
885,pjp6ertnjw1vb6j,3.0,1.0,12.0
886,pjp6ertnjw1vb6j,4.0,0.0,18.5
887,pjp6ertnjw1vb6j,5.0,1.0,14.25
888,pojfe0tpsdoned2,0.0,0.0,19.75
889,pojfe0tpsdoned2,1.0,1.0,12.0
890,pojfe0tpsdoned2,2.0,0.0,20.0
891,pojfe0tpsdoned2,3.0,1.0,11.25
892,pojfe0tpsdoned2,4.0,0.0,17.5
893,pojfe0tpsdoned2,5.0,1.0,10.75
894,puae2gctgkn4ho8,0.0,0.0,31.25
895,puae2gctgkn4ho8,1.0,1.0,15.5
896,puae2gctgkn4ho8,2.0,1.0,14.75
897,puae2gctgkn4ho8,3.0,0.0,23.25
898,puae2gctgkn4ho8,4.0,0.0,31.25
899,puae2gctgkn4ho8,5.0,1.0,14.75
900,pv8gfb6dwc0u8md,0.0,1.0,8.75
901,pv8gfb6dwc0u8md,1.0,0.0,22.0
902,pv8gfb6dwc0u8md,2.0,0.0,19.25
903,pv8gfb6dwc0u8md,3.0,1.0,15.75
904,pv8gfb6dwc0u8md,4.0,1.0,16.75
905,pv8gfb6dwc0u8md,5.0,0.0,15.25
906,q1p6hsj3a9wrr1p,0.0,0.0,39.5
907,q1p6hsj3a9wrr1p,1.0,1.0,13.25
908,q1p6hsj3a9wrr1p,2.0,0.0,17.25
909,q1p6hsj3a9wrr1p,3.0,1.0,13.75
910,q1p6hsj3a9wrr1p,4.0,0.0,28.0
911,q1p6hsj3a9wrr1p,5.0,1.0,20.0
912,q4o2n439h3o4hux,0.0,1.0,12.25
913,q4o2n439h3o4hux,1.0,0.0,15.75
914,q4o2n439h3o4hux,2.0,1.0,7.25
915,q4o2n439h3o4hux,3.0,0.0,14.75
916,q4o2n439h3o4hux,4.0,0.0,16.25
917,q4o2n439h3o4hux,5.0,1.0,10.0
918,q6otspomd8umpfj,0.0,0.0,28.0
919,q6otspomd8umpfj,1.0,1.0,20.25
920,q6otspomd8umpfj,2.0,0.0,23.25
921,q6otspomd8umpfj,3.0,1.0,24.0
922,q6otspomd8umpfj,4.0,0.0,24.5
923,q6otspomd8umpfj,5.0,1.0,21.75
924,qeaducsgetncgeb,0.0,1.0,10.5
925,qeaducsgetncgeb,1.0,0.0,18.25
926,qeaducsgetncgeb,2.0,1.0,9.25
927,qeaducsgetncgeb,3.0,0.0,19.0
928,qeaducsgetncgeb,4.0,0.0,16.0
929,qeaducsgetncgeb,5.0,1.0,13.5
930,qreecv8wv03uqw8,0.0,0.0,20.75
931,qreecv8wv03uqw8,1.0,1.0,8.75
932,qreecv8wv03uqw8,2.0,0.0,16.0
933,qreecv8wv03uqw8,3.0,1.0,15.25
934,qreecv8wv03uqw8,4.0,0.0,20.5
935,qreecv8wv03uqw8,5.0,1.0,11.25
936,qul606qyfeuydwf,0.0,1.0,12.0
937,qul606qyfeuydwf,1.0,0.0,25.0
938,qul606qyfeuydwf,2.0,0.0,16.75
939,qul606qyfeuydwf,3.0,1.0,13.0
940,qul606qyfeuydwf,4.0,1.0,13.0
941,qul606qyfeuydwf,5.0,0.0,17.75
942,qw7q50m2o58ugvl,0.0,0.0,15.0
943,qw7q50m2o58ugvl,1.0,1.0,16.75
944,qw7q50m2o58ugvl,2.0,1.0,11.5
945,qw7q50m2o58ugvl,3.0,0.0,21.5
946,qw7q50m2o58ugvl,4.0,0.0,16.0
947,qw7q50m2o58ugvl,5.0,1.0,11.0
948,r018cukle69r1bf,0.0,0.0,20.75
949,r018cukle69r1bf,1.0,1.0,15.75
950,r018cukle69r1bf,2.0,0.0,27.5
951,r018cukle69r1bf,3.0,1.0,13.5
952,r018cukle69r1bf,4.0,0.0,22.75
953,r018cukle69r1bf,5.0,1.0,12.25
954,rdupsdp465ntk6q,0.0,0.0,17.5
955,rdupsdp465ntk6q,1.0,1.0,14.25
956,rdupsdp465ntk6q,2.0,1.0,12.5
957,rdupsdp465ntk6q,3.0,0.0,13.75
958,rdupsdp465ntk6q,4.0,0.0,18.5
959,rdupsdp465ntk6q,5.0,1.0,11.0
960,re53t0m5rdemzxb,0.0,1.0,14.75
961,re53t0m5rdemzxb,1.0,0.0,16.5
962,re53t0m5rdemzxb,2.0,1.0,14.0
963,re53t0m5rdemzxb,3.0,0.0,21.0
964,re53t0m5rdemzxb,4.0,0.0,19.25
965,re53t0m5rdemzxb,5.0,1.0,14.75
966,regcubm60dchcxr,0.0,1.0,13.25
967,regcubm60dchcxr,1.0,0.0,27.75
968,regcubm60dchcxr,2.0,1.0,11.75
969,regcubm60dchcxr,3.0,0.0,19.75
970,regcubm60dchcxr,4.0,0.0,16.75
971,regcubm60dchcxr,5.0,1.0,15.5
972,rf8fvjnsk6r07uc,0.0,1.0,13.5
973,rf8fvjnsk6r07uc,1.0,0.0,25.0
974,rf8fvjnsk6r07uc,2.0,1.0,13.5
975,rf8fvjnsk6r07uc,3.0,0.0,25.0
976,rf8fvjnsk6r07uc,4.0,0.0,24.5
977,rf8fvjnsk6r07uc,5.0,1.0,16.0
978,rn0an20lmaomk57,0.0,1.0,14.0
979,rn0an20lmaomk57,1.0,0.0,17.75
980,rn0an20lmaomk57,2.0,0.0,15.75
981,rn0an20lmaomk57,3.0,1.0,15.25
982,rn0an20lmaomk57,4.0,1.0,13.0
983,rn0an20lmaomk57,5.0,0.0,16.75
984,rxol1dxl6nen4em,0.0,1.0,10.75
985,rxol1dxl6nen4em,1.0,0.0,23.25
986,rxol1dxl6nen4em,2.0,0.0,19.5
987,rxol1dxl6nen4em,3.0,1.0,12.0
988,rxol1dxl6nen4em,4.0,1.0,14.5
989,rxol1dxl6nen4em,5.0,0.0,21.25
990,ryf84f70g5thl4l,0.0,0.0,26.25
991,ryf84f70g5thl4l,1.0,1.0,14.75
992,ryf84f70g5thl4l,2.0,0.0,21.5
993,ryf84f70g5thl4l,3.0,1.0,17.0
994,ryf84f70g5thl4l,4.0,0.0,19.75
995,ryf84f70g5thl4l,5.0,1.0,12.0
996,s79rv87vd0ov68q,0.0,1.0,13.25
997,s79rv87vd0ov68q,1.0,0.0,23.25
998,s79rv87vd0ov68q,2.0,1.0,13.75
999,s79rv87vd0ov68q,3.0,0.0,20.75
1000,s79rv87vd0ov68q,4.0,0.0,17.25
1001,s79rv87vd0ov68q,5.0,1.0,13.0
1002,s7enbyv4of56b3e,0.0,0.0,20.75
1003,s7enbyv4of56b3e,1.0,1.0,14.75
1004,s7enbyv4of56b3e,2.0,0.0,19.5
1005,s7enbyv4of56b3e,3.0,1.0,11.0
1006,s7enbyv4of56b3e,4.0,0.0,14.5
1007,s7enbyv4of56b3e,5.0,1.0,10.0
1008,sh3z56uk3q0ddzd,0.0,1.0,8.0
1009,sh3z56uk3q0ddzd,1.0,0.0,16.75
1010,sh3z56uk3q0ddzd,2.0,1.0,11.5
1011,sh3z56uk3q0ddzd,3.0,0.0,16.75
1012,sh3z56uk3q0ddzd,4.0,0.0,18.75
1013,sh3z56uk3q0ddzd,5.0,1.0,12.25
1014,sr2txzbp1x3x7xu,0.0,1.0,9.75
1015,sr2txzbp1x3x7xu,1.0,0.0,16.5
1016,sr2txzbp1x3x7xu,2.0,1.0,11.5
1017,sr2txzbp1x3x7xu,3.0,0.0,20.0
1018,sr2txzbp1x3x7xu,4.0,0.0,18.0
1019,sr2txzbp1x3x7xu,5.0,1.0,10.5
1020,srpavyhwawz1j4f,0.0,1.0,19.25
1021,srpavyhwawz1j4f,1.0,0.0,26.25
1022,srpavyhwawz1j4f,2.0,0.0,24.75
1023,srpavyhwawz1j4f,3.0,1.0,14.0
1024,srpavyhwawz1j4f,4.0,1.0,17.25
1025,srpavyhwawz1j4f,5.0,0.0,29.5
1026,ssbsk72ruz2tdg1,0.0,0.0,22.75
1027,ssbsk72ruz2tdg1,1.0,1.0,14.5
1028,ssbsk72ruz2tdg1,2.0,0.0,21.75
1029,ssbsk72ruz2tdg1,3.0,1.0,13.25
1030,ssbsk72ruz2tdg1,4.0,0.0,19.25
1031,ssbsk72ruz2tdg1,5.0,1.0,19.5
1032,swmufx7egboodpe,0.0,0.0,14.25
1033,swmufx7egboodpe,1.0,1.0,13.25
1034,swmufx7egboodpe,2.0,0.0,16.25
1035,swmufx7egboodpe,3.0,1.0,12.0
1036,swmufx7egboodpe,4.0,0.0,17.0
1037,swmufx7egboodpe,5.0,1.0,9.5
1038,t53tjn7r8ydtmtq,0.0,1.0,10.75
1039,t53tjn7r8ydtmtq,1.0,0.0,22.75
1040,t53tjn7r8ydtmtq,2.0,1.0,14.5
1041,t53tjn7r8ydtmtq,3.0,0.0,24.75
1042,t53tjn7r8ydtmtq,4.0,0.0,20.0
1043,t53tjn7r8ydtmtq,5.0,1.0,17.75
1044,t6cgffrl2a875wr,0.0,1.0,13.75
1045,t6cgffrl2a875wr,1.0,0.0,25.5
1046,t6cgffrl2a875wr,2.0,1.0,23.0
1047,t6cgffrl2a875wr,3.0,0.0,21.0
1048,t6cgffrl2a875wr,4.0,0.0,26.0
1049,t6cgffrl2a875wr,5.0,1.0,20.5
1050,tfzsaz8h4rua9hm,0.0,0.0,25.25
1051,tfzsaz8h4rua9hm,1.0,1.0,19.0
1052,tfzsaz8h4rua9hm,2.0,0.0,23.75
1053,tfzsaz8h4rua9hm,3.0,1.0,19.0
1054,tfzsaz8h4rua9hm,4.0,0.0,29.0
1055,tfzsaz8h4rua9hm,5.0,1.0,22.25
1056,tk2emgkdo0xmkfn,0.0,0.0,23.5
1057,tk2emgkdo0xmkfn,1.0,1.0,20.25
1058,tk2emgkdo0xmkfn,2.0,0.0,27.0
1059,tk2emgkdo0xmkfn,3.0,1.0,17.75
1060,tk2emgkdo0xmkfn,4.0,0.0,23.75
1061,tk2emgkdo0xmkfn,5.0,1.0,17.25
1062,u22e26jm4cy25av,0.0,1.0,20.25
1063,u22e26jm4cy25av,1.0,0.0,16.25
1064,u22e26jm4cy25av,2.0,1.0,9.25
1065,u22e26jm4cy25av,3.0,0.0,15.25
1066,u22e26jm4cy25av,4.0,0.0,17.0
1067,u22e26jm4cy25av,5.0,1.0,11.0
1068,u556z6wn629kwu5,0.0,0.0,19.75
1069,u556z6wn629kwu5,1.0,1.0,17.5
1070,u556z6wn629kwu5,2.0,0.0,22.75
1071,u556z6wn629kwu5,3.0,1.0,16.5
1072,u556z6wn629kwu5,4.0,0.0,21.25
1073,u556z6wn629kwu5,5.0,1.0,19.0
1074,u5kwzdtotz39jwp,0.0,0.0,21.0
1075,u5kwzdtotz39jwp,1.0,1.0,14.5
1076,u5kwzdtotz39jwp,2.0,0.0,20.25
1077,u5kwzdtotz39jwp,3.0,1.0,14.25
1078,u5kwzdtotz39jwp,4.0,0.0,19.0
1079,u5kwzdtotz39jwp,5.0,1.0,15.0
1080,uaf4fed1xj02ps4,0.0,0.0,22.75
1081,uaf4fed1xj02ps4,1.0,1.0,16.75
1082,uaf4fed1xj02ps4,2.0,1.0,17.0
1083,uaf4fed1xj02ps4,3.0,0.0,21.5
1084,uaf4fed1xj02ps4,4.0,0.0,24.75
1085,uaf4fed1xj02ps4,5.0,1.0,18.0
1086,ug2w7q3f6pgxf6e,0.0,1.0,7.35
1087,ug2w7q3f6pgxf6e,1.0,0.0,18.0
1088,ug2w7q3f6pgxf6e,2.0,0.0,17.75
1089,ug2w7q3f6pgxf6e,3.0,1.0,10.75
1090,ug2w7q3f6pgxf6e,4.0,1.0,14.0
1091,ug2w7q3f6pgxf6e,5.0,0.0,22.5
1092,unp160hltucmgwb,0.0,1.0,11.0
1093,unp160hltucmgwb,1.0,0.0,20.0
1094,unp160hltucmgwb,2.0,1.0,14.25
1095,unp160hltucmgwb,3.0,0.0,21.25
1096,unp160hltucmgwb,4.0,0.0,20.0
1097,unp160hltucmgwb,5.0,1.0,17.5
1098,v1q2why8n7sann7,0.0,1.0,11.0
1099,v1q2why8n7sann7,1.0,0.0,19.0
1100,v1q2why8n7sann7,2.0,0.0,18.25
1101,v1q2why8n7sann7,3.0,1.0,10.75
1102,v1q2why8n7sann7,4.0,1.0,12.5
1103,v1q2why8n7sann7,5.0,0.0,16.25
1104,v2rgepeoz23lhyb,0.0,1.0,19.25
1105,v2rgepeoz23lhyb,1.0,0.0,21.25
1106,v2rgepeoz23lhyb,2.0,0.0,22.5
1107,v2rgepeoz23lhyb,3.0,1.0,17.5
1108,v2rgepeoz23lhyb,4.0,1.0,18.0
1109,v2rgepeoz23lhyb,5.0,0.0,23.0
1110,vbk9loz7eg3eo6s,0.0,0.0,25.0
1111,vbk9loz7eg3eo6s,1.0,1.0,20.75
1112,vbk9loz7eg3eo6s,2.0,0.0,25.25
1113,vbk9loz7eg3eo6s,3.0,1.0,18.5
1114,vbk9loz7eg3eo6s,4.0,0.0,20.25
1115,vbk9loz7eg3eo6s,5.0,1.0,18.75
1116,vgcflf6f0nxe8tt,0.0,1.0,4.3
1117,vgcflf6f0nxe8tt,1.0,0.0,13.0
1118,vgcflf6f0nxe8tt,2.0,0.0,14.75
1119,vgcflf6f0nxe8tt,3.0,1.0,3.55
1120,vgcflf6f0nxe8tt,4.0,1.0,4.75
1121,vgcflf6f0nxe8tt,5.0,0.0,10.5
1122,vnoz56ecccya7hk,0.0,0.0,28.5
1123,vnoz56ecccya7hk,1.0,1.0,14.25
1124,vnoz56ecccya7hk,2.0,0.0,24.0
1125,vnoz56ecccya7hk,3.0,1.0,13.0
1126,vnoz56ecccya7hk,4.0,0.0,23.0
1127,vnoz56ecccya7hk,5.0,1.0,22.75
1128,w6pajch9t65cj07,0.0,1.0,24.0
1129,w6pajch9t65cj07,1.0,0.0,39.0
1130,w6pajch9t65cj07,2.0,1.0,27.75
1131,w6pajch9t65cj07,3.0,0.0,38.5
1132,w6pajch9t65cj07,4.0,0.0,51.75
1133,w6pajch9t65cj07,5.0,1.0,29.5
1134,wey1upork0e0epr,0.0,1.0,11.25
1135,wey1upork0e0epr,1.0,0.0,18.5
1136,wey1upork0e0epr,2.0,1.0,17.5
1137,wey1upork0e0epr,3.0,0.0,20.25
1138,wey1upork0e0epr,4.0,0.0,27.25
1139,wey1upork0e0epr,5.0,1.0,16.25
1140,wf4mq2s0e98ce4z,0.0,1.0,9.25
1141,wf4mq2s0e98ce4z,1.0,0.0,16.5
1142,wf4mq2s0e98ce4z,2.0,1.0,10.5
1143,wf4mq2s0e98ce4z,3.0,0.0,24.25
1144,wf4mq2s0e98ce4z,4.0,0.0,20.0
1145,wf4mq2s0e98ce4z,5.0,1.0,12.25
1146,ws44qtt9xen2xsl,0.0,1.0,11.75
1147,ws44qtt9xen2xsl,1.0,0.0,18.75
1148,ws44qtt9xen2xsl,2.0,0.0,17.25
1149,ws44qtt9xen2xsl,3.0,1.0,11.25
1150,ws44qtt9xen2xsl,4.0,1.0,12.0
1151,ws44qtt9xen2xsl,5.0,0.0,20.25
1152,wwv18727elhq22u,0.0,0.0,16.75
1153,wwv18727elhq22u,1.0,1.0,10.0
1154,wwv18727elhq22u,2.0,0.0,16.0
1155,wwv18727elhq22u,3.0,1.0,8.5
1156,wwv18727elhq22u,4.0,0.0,20.75
1157,wwv18727elhq22u,5.0,1.0,17.75
1158,wx6wj654e49s6of,0.0,1.0,12.5
1159,wx6wj654e49s6of,1.0,0.0,20.0
1160,wx6wj654e49s6of,2.0,0.0,28.25
1161,wx6wj654e49s6of,3.0,1.0,17.5
1162,wx6wj654e49s6of,4.0,1.0,18.25
1163,wx6wj654e49s6of,5.0,0.0,25.75
1164,x0nfe7hwu2yt5az,0.0,1.0,15.5
1165,x0nfe7hwu2yt5az,1.0,0.0,21.25
1166,x0nfe7hwu2yt5az,2.0,1.0,15.25
1167,x0nfe7hwu2yt5az,3.0,0.0,20.25
1168,x0nfe7hwu2yt5az,4.0,0.0,23.0
1169,x0nfe7hwu2yt5az,5.0,1.0,18.0
1170,x0ztn8ulz4wsjnf,0.0,0.0,18.75
1171,x0ztn8ulz4wsjnf,1.0,1.0,19.25
1172,x0ztn8ulz4wsjnf,2.0,1.0,15.25
1173,x0ztn8ulz4wsjnf,3.0,0.0,24.25
1174,x0ztn8ulz4wsjnf,4.0,0.0,23.75
1175,x0ztn8ulz4wsjnf,5.0,1.0,19.5
1176,x31a150jh7x0sc3,0.0,0.0,29.0
1177,x31a150jh7x0sc3,1.0,1.0,20.5
1178,x31a150jh7x0sc3,2.0,1.0,16.75
1179,x31a150jh7x0sc3,3.0,0.0,23.0
1180,x31a150jh7x0sc3,4.0,0.0,21.75
1181,x31a150jh7x0sc3,5.0,1.0,14.75
1182,x6cu75oy88jq32r,0.0,0.0,16.75
1183,x6cu75oy88jq32r,1.0,1.0,14.5
1184,x6cu75oy88jq32r,2.0,0.0,22.5
1185,x6cu75oy88jq32r,3.0,1.0,13.75
1186,x6cu75oy88jq32r,4.0,0.0,24.25
1187,x6cu75oy88jq32r,5.0,1.0,19.5
1188,x8law3bwbr5x4um,0.0,0.0,25.75
1189,x8law3bwbr5x4um,1.0,1.0,19.75
1190,x8law3bwbr5x4um,2.0,0.0,28.25
1191,x8law3bwbr5x4um,3.0,1.0,15.0
1192,x8law3bwbr5x4um,4.0,0.0,21.25
1193,x8law3bwbr5x4um,5.0,1.0,18.25
1194,xazdw7q49mfrccu,0.0,1.0,13.0
1195,xazdw7q49mfrccu,1.0,0.0,24.5
1196,xazdw7q49mfrccu,2.0,1.0,19.0
1197,xazdw7q49mfrccu,3.0,0.0,21.75
1198,xazdw7q49mfrccu,4.0,0.0,30.0
1199,xazdw7q49mfrccu,5.0,1.0,21.0
1200,y71fvh7ol8vycb2,0.0,0.0,26.75
1201,y71fvh7ol8vycb2,1.0,1.0,17.0
1202,y71fvh7ol8vycb2,2.0,1.0,12.5
1203,y71fvh7ol8vycb2,3.0,0.0,21.5
1204,y71fvh7ol8vycb2,4.0,0.0,22.0
1205,y71fvh7ol8vycb2,5.0,1.0,13.25
1206,yh55038bo4e9rhm,0.0,0.0,24.75
1207,yh55038bo4e9rhm,1.0,1.0,15.5
1208,yh55038bo4e9rhm,2.0,0.0,26.25
1209,yh55038bo4e9rhm,3.0,1.0,19.75
1210,yh55038bo4e9rhm,4.0,0.0,25.75
1211,yh55038bo4e9rhm,5.0,1.0,16.75
1212,z7z5ejt5cs81lbt,0.0,1.0,7.0
1213,z7z5ejt5cs81lbt,1.0,0.0,24.25
1214,z7z5ejt5cs81lbt,2.0,0.0,31.25
1215,z7z5ejt5cs81lbt,3.0,1.0,21.0
1216,z7z5ejt5cs81lbt,4.0,1.0,20.0
1217,z7z5ejt5cs81lbt,5.0,0.0,26.75
1218,zdzld8scpb2ydmo,0.0,1.0,16.0
1219,zdzld8scpb2ydmo,1.0,0.0,19.0
1220,zdzld8scpb2ydmo,2.0,0.0,23.5
1221,zdzld8scpb2ydmo,3.0,1.0,11.5
1222,zdzld8scpb2ydmo,4.0,1.0,13.0
1223,zdzld8scpb2ydmo,5.0,0.0,21.75
1224,zg0zoa2qo7tsvnk,0.0,1.0,17.0
1225,zg0zoa2qo7tsvnk,1.0,0.0,27.0
1226,zg0zoa2qo7tsvnk,2.0,0.0,28.75
1227,zg0zoa2qo7tsvnk,3.0,1.0,17.25
1228,zg0zoa2qo7tsvnk,4.0,1.0,26.25
1229,zg0zoa2qo7tsvnk,5.0,0.0,32.0
1230,zqr31esvemh6qkz,0.0,0.0,20.25
1231,zqr31esvemh6qkz,1.0,1.0,19.25
1232,zqr31esvemh6qkz,2.0,1.0,13.5
1233,zqr31esvemh6qkz,3.0,0.0,22.0
1234,zqr31esvemh6qkz,4.0,0.0,22.5
1235,zqr31esvemh6qkz,5.0,1.0,16.75
1236,zw8s7wsog20kbc4,0.0,0.0,45.5
1237,zw8s7wsog20kbc4,1.0,1.0,34.5
1238,zw8s7wsog20kbc4,2.0,1.0,37.25
1239,zw8s7wsog20kbc4,3.0,0.0,55.75
1240,zw8s7wsog20kbc4,4.0,0.0,55.75
1241,zw8s7wsog20kbc4,5.0,1.0,33.0
1242,zwxx44lymw33vjg,0.0,1.0,14.75
1243,zwxx44lymw33vjg,1.0,0.0,24.25
1244,zwxx44lymw33vjg,2.0,0.0,20.25
1245,zwxx44lymw33vjg,3.0,1.0,17.5
1246,zwxx44lymw33vjg,4.0,1.0,12.75
1247,zwxx44lymw33vjg,5.0,0.0,25.5
